"Nomenclature","ReporterISO3","ProductCode","ReporterName","PartnerISO3","PartnerName","TradeFlowName","TradeFlowCode","2019 in 1000 USD ","2020 in 1000 USD ","2021 in 1000 USD ","2022 in 1000 USD ","2023 in 1000 USD "
"H3","ABW","280300","Aruba","COL","Colombia","Import",5,0.012,,,,
"H3","ABW","280300","Aruba","NLD","Netherlands","Import",5,,,3.083,,
"H3","ABW","280300","Aruba","PAN","Panama","Import",5,0.623,,,,
"H3","ABW","280300","Aruba","UNS","Unspecified","Import",5,,,,0.035,0.032
"H3","ABW","280300","Aruba","USA","United States","Import",5,8.177,14.065,26.661,0.089,
"H3","ABW","280300","Aruba","WLD"," World","Import",5,8.812,14.065,29.744,0.124,0.032
"H3","AGO","280300","Angola","BMU","Bermuda","Import",5,,,,1.797,
"H3","AGO","280300","Angola","CHN","China","Import",5,1.388,74.652,,13.263,31.193
"H3","AGO","280300","Angola","DEU","Germany","Import",5,,,,,1
"H3","AGO","280300","Angola","ESP","Spain","Import",5,1.659,2.366,4.716,,
"H3","AGO","280300","Angola","FRA","France","Import",5,0.04,,,,
"H3","AGO","280300","Angola","GBR","United Kingdom","Import",5,31.229,,20.701,1.262,4.302
"H3","AGO","280300","Angola","IND","India","Import",5,6.244,14.281,,57.353,12.639
"H3","AGO","280300","Angola","ISR","Israel","Import",5,,,,1.357,
"H3","AGO","280300","Angola","LBN","Lebanon","Import",5,,1.041,7.658,3.408,1.816
"H3","AGO","280300","Angola","NLD","Netherlands","Import",5,,0.349,,,
"H3","AGO","280300","Angola","PRT","Portugal","Import",5,0.135,,,9.3,41.296
"H3","AGO","280300","Angola","WLD"," World","Import",5,40.696,92.702,55.169,93.19,92.246
"H3","AGO","280300","Angola","ZAF","South Africa","Import",5,,0.013,22.095,5.451,
"H3","ALB","280300","Albania","GRC","Greece","Import",5,10.949,18.724,,,
"H3","ALB","280300","Albania","WLD"," World","Import",5,10.949,18.724,,,
"H3","AND","280300","Andorra","DEU","Germany","Import",5,,0.206,,,
"H3","AND","280300","Andorra","WLD"," World","Import",5,,0.206,,,
"H3","ARE","280300","United Arab Emirates","AFG","Afghanistan","Export",6,0,0,0,,0
"H3","ARE","280300","United Arab Emirates","AZE","Azerbaijan","Export",6,0,8.436,,1.201,0
"H3","ARE","280300","United Arab Emirates","BDI","Burundi","Export",6,0,,,,
"H3","ARE","280300","United Arab Emirates","BEL","Belgium","Export",6,0,0,0,,
"H3","ARE","280300","United Arab Emirates","BEL","Belgium","Import",5,24.921,,,3.146,
"H3","ARE","280300","United Arab Emirates","BEN","Benin","Export",6,,,0,0,0
"H3","ARE","280300","United Arab Emirates","BFA","Burkina Faso","Export",6,,,,,0
"H3","ARE","280300","United Arab Emirates","BHR","Bahrain","Export",6,0,0,0,0,13.07
"H3","ARE","280300","United Arab Emirates","BRA","Brazil","Export",6,,,,,0
"H3","ARE","280300","United Arab Emirates","CAN","Canada","Export",6,,0,,,
"H3","ARE","280300","United Arab Emirates","CAN","Canada","Import",5,36.603,,61.089,30.56,12.871
"H3","ARE","280300","United Arab Emirates","CHE","Switzerland","Import",5,,,,,2.221
"H3","ARE","280300","United Arab Emirates","CHN","China","Export",6,0,0,,,
"H3","ARE","280300","United Arab Emirates","CHN","China","Import",5,5372.252,2437.649,3466.812,4178.888,2425.389
"H3","ARE","280300","United Arab Emirates","COG","Congo, Rep.","Export",6,,,,0,
"H3","ARE","280300","United Arab Emirates","COL","Colombia","Import",5,19.782,128.976,17.633,,
"H3","ARE","280300","United Arab Emirates","CZE","Czech Republic","Import",5,11.011,17.39,,,11.41
"H3","ARE","280300","United Arab Emirates","DEU","Germany","Export",6,,0,,,
"H3","ARE","280300","United Arab Emirates","DEU","Germany","Import",5,5186.719,2500.601,2640.261,2961.201,2732.593
"H3","ARE","280300","United Arab Emirates","DJI","Djibouti","Export",6,,,,0,
"H3","ARE","280300","United Arab Emirates","DZA","Algeria","Export",6,,,,,0
"H3","ARE","280300","United Arab Emirates","EGY","Egypt, Arab Rep.","Export",6,0,0,0,0,0
"H3","ARE","280300","United Arab Emirates","EGY","Egypt, Arab Rep.","Import",5,,31.111,573.642,69.473,35.001
"H3","ARE","280300","United Arab Emirates","ESP","Spain","Import",5,0.532,0.039,0.032,0.072,0.389
"H3","ARE","280300","United Arab Emirates","ETH","Ethiopia(excludes Eritrea)","Export",6,0,,0,0,0
"H3","ARE","280300","United Arab Emirates","FIN","Finland","Import",5,,,1.986,,
"H3","ARE","280300","United Arab Emirates","FRA","France","Import",5,2865.951,2739.794,4276.94,3352.914,1371.428
"H3","ARE","280300","United Arab Emirates","GAB","Gabon","Export",6,,,,,0
"H3","ARE","280300","United Arab Emirates","GBR","United Kingdom","Export",6,0,,,,
"H3","ARE","280300","United Arab Emirates","GBR","United Kingdom","Import",5,,43.798,43.102,81.565,135.442
"H3","ARE","280300","United Arab Emirates","HKG","Hong Kong, China","Export",6,0,,,,
"H3","ARE","280300","United Arab Emirates","HUN","Hungary","Import",5,14445.184,14318.326,28907.882,36412.805,23055.594
"H3","ARE","280300","United Arab Emirates","IDN","Indonesia","Import",5,,40.377,65.709,,
"H3","ARE","280300","United Arab Emirates","IND","India","Export",6,0,0,10.559,294.496,0
"H3","ARE","280300","United Arab Emirates","IND","India","Import",5,12020.677,7589.069,7458.111,25857.559,29494.997
"H3","ARE","280300","United Arab Emirates","IRN","Iran, Islamic Rep.","Export",6,0,0,0,0,0
"H3","ARE","280300","United Arab Emirates","IRN","Iran, Islamic Rep.","Import",5,36.803,,,44.061,1.171
"H3","ARE","280300","United Arab Emirates","IRQ","Iraq","Export",6,2.995,10.208,11.368,75.344,21.726
"H3","ARE","280300","United Arab Emirates","IRQ","Iraq","Import",5,23.476,2.906,,,
"H3","ARE","280300","United Arab Emirates","ITA","Italy","Export",6,0,,,,
"H3","ARE","280300","United Arab Emirates","ITA","Italy","Import",5,62.601,608.635,,316.601,2.01
"H3","ARE","280300","United Arab Emirates","JOR","Jordan","Export",6,0,0,0,0,0
"H3","ARE","280300","United Arab Emirates","JPN","Japan","Import",5,2.392,,,58.266,35.217
"H3","ARE","280300","United Arab Emirates","KEN","Kenya","Export",6,,0,0,0,0
"H3","ARE","280300","United Arab Emirates","KOR","Korea, Rep.","Import",5,389.469,801.406,355.585,200.295,184.531
"H3","ARE","280300","United Arab Emirates","KWT","Kuwait","Export",6,0,0,0,0,0
"H3","ARE","280300","United Arab Emirates","LBN","Lebanon","Export",6,,,0,0,
"H3","ARE","280300","United Arab Emirates","LBR","Liberia","Export",6,,,0,,
"H3","ARE","280300","United Arab Emirates","LVA","Latvia","Import",5,1.081,,,,
"H3","ARE","280300","United Arab Emirates","MDG","Madagascar","Export",6,,,0,,0
"H3","ARE","280300","United Arab Emirates","MUS","Mauritius","Export",6,0,0,0,,
"H3","ARE","280300","United Arab Emirates","MYS","Malaysia","Import",5,,,,4.036,
"H3","ARE","280300","United Arab Emirates","NGA","Nigeria","Export",6,,,0,191.302,
"H3","ARE","280300","United Arab Emirates","NLD","Netherlands","Export",6,,0,,,
"H3","ARE","280300","United Arab Emirates","NLD","Netherlands","Import",5,1789.447,1778.564,299.188,1936.153,224.981
"H3","ARE","280300","United Arab Emirates","NOR","Norway","Import",5,2.603,,0.609,0.919,
"H3","ARE","280300","United Arab Emirates","NPL","Nepal","Export",6,,,,0,
"H3","ARE","280300","United Arab Emirates","OAS","Other Asia, nes","Import",5,,,22.196,,
"H3","ARE","280300","United Arab Emirates","OMN","Oman","Export",6,0,0,0,0,0
"H3","ARE","280300","United Arab Emirates","OMN","Oman","Import",5,,,36.485,,
"H3","ARE","280300","United Arab Emirates","PAK","Pakistan","Export",6,0,17.738,22.193,222.899,
"H3","ARE","280300","United Arab Emirates","PHL","Philippines","Export",6,,,340.601,,
"H3","ARE","280300","United Arab Emirates","POL","Poland","Import",5,,,15.52,,
"H3","ARE","280300","United Arab Emirates","QAT","Qatar","Export",6,,,0,0,0
"H3","ARE","280300","United Arab Emirates","RUS","Russian Federation","Export",6,,0,,,
"H3","ARE","280300","United Arab Emirates","RUS","Russian Federation","Import",5,1940.859,1675.163,2429.164,486.473,1030.005
"H3","ARE","280300","United Arab Emirates","RWA","Rwanda","Export",6,,,0,,
"H3","ARE","280300","United Arab Emirates","SAU","Saudi Arabia","Export",6,2321.148,0,282.155,3.334,134.813
"H3","ARE","280300","United Arab Emirates","SAU","Saudi Arabia","Import",5,449.155,94.453,983.599,1823.552,1183.177
"H3","ARE","280300","United Arab Emirates","SGP","Singapore","Import",5,,,44.486,2200.363,1297.626
"H3","ARE","280300","United Arab Emirates","SOM","Somalia","Export",6,0,0.517,0,0,0
"H3","ARE","280300","United Arab Emirates","SUD","Sudan","Export",6,0,0,0,0,0
"H3","ARE","280300","United Arab Emirates","SWE","Sweden","Import",5,3827.76,1189.089,,1136.329,0.046
"H3","ARE","280300","United Arab Emirates","SYC","Seychelles","Export",6,0,2.057,,,0
"H3","ARE","280300","United Arab Emirates","SYR","Syrian Arab Republic","Export",6,,,0,0,
"H3","ARE","280300","United Arab Emirates","THA","Thailand","Import",5,12.922,1.701,,,21.856
"H3","ARE","280300","United Arab Emirates","TKM","Turkmenistan","Import",5,,,40.726,,
"H3","ARE","280300","United Arab Emirates","TUN","Tunisia","Export",6,,,,,0
"H3","ARE","280300","United Arab Emirates","TUR","Turkey","Export",6,,0,,,
"H3","ARE","280300","United Arab Emirates","TUR","Turkey","Import",5,0.218,,,30.701,40.531
"H3","ARE","280300","United Arab Emirates","TZA","Tanzania","Export",6,0,0,0,0,0
"H3","ARE","280300","United Arab Emirates","UGA","Uganda","Export",6,0,,,0,
"H3","ARE","280300","United Arab Emirates","USA","United States","Import",5,4331.395,1621.582,4174.806,2547.988,3385.268
"H3","ARE","280300","United Arab Emirates","UZB","Uzbekistan","Export",6,,,0,0,0
"H3","ARE","280300","United Arab Emirates","WLD"," World","Export",6,2324.144,38.957,666.875,788.575,169.609
"H3","ARE","280300","United Arab Emirates","WLD"," World","Import",5,52853.815,37620.65,55915.606,83736.564,66683.755
"H3","ARE","280300","United Arab Emirates","ZAF","South Africa","Import",5,,0.022,0.041,2.642,
"H3","ARG","280300","Argentina","ARG","Argentina","Import",5,,,0,,0
"H3","ARG","280300","Argentina","BOL","Bolivia","Export",6,,,,23.92,
"H3","ARG","280300","Argentina","BRA","Brazil","Export",6,,12792.616,3552.811,34332.38,
"H3","ARG","280300","Argentina","BRA","Brazil","Import",5,2287.568,5479.131,2778.168,1714.395,6791.183
"H3","ARG","280300","Argentina","CAN","Canada","Import",5,200.768,171.289,292.849,406.204,407.721
"H3","ARG","280300","Argentina","CHE","Switzerland","Import",5,,0.157,,,
"H3","ARG","280300","Argentina","CHL","Chile","Export",6,,15404.968,,,34519.077
"H3","ARG","280300","Argentina","CHL","Chile","Import",5,,,,1.998,1.065
"H3","ARG","280300","Argentina","CHN","China","Import",5,331.49,94.27,187.395,1934.366,640.507
"H3","ARG","280300","Argentina","COL","Colombia","Import",5,,,88.987,1828.721,
"H3","ARG","280300","Argentina","CZE","Czech Republic","Import",5,0.54,,,,
"H3","ARG","280300","Argentina","DEU","Germany","Import",5,332.277,272.907,399.725,608.635,427.53
"H3","ARG","280300","Argentina","ESP","Spain","Import",5,,0.032,,,
"H3","ARG","280300","Argentina","FRA","France","Import",5,559.007,277.351,1137.784,327.231,
"H3","ARG","280300","Argentina","GBR","United Kingdom","Import",5,30.61,29.1,64.689,37.544,89.286
"H3","ARG","280300","Argentina","IND","India","Import",5,69.585,163.058,3049.677,1018.712,3.677
"H3","ARG","280300","Argentina","ITA","Italy","Import",5,,,18.008,0.17,
"H3","ARG","280300","Argentina","JPN","Japan","Import",5,673.284,845.015,967.883,838.652,150.893
"H3","ARG","280300","Argentina","KOR","Korea, Rep.","Import",5,28.859,19.54,114.887,36.165,35.465
"H3","ARG","280300","Argentina","MEX","Mexico","Import",5,21.333,9.434,,,
"H3","ARG","280300","Argentina","NLD","Netherlands","Import",5,93.182,110.984,183.243,423.19,188.77
"H3","ARG","280300","Argentina","PRY","Paraguay","Export",6,163.562,193.508,34.932,159.043,345.341
"H3","ARG","280300","Argentina","RUS","Russian Federation","Import",5,92.632,15.96,190.565,533.87,158.242
"H3","ARG","280300","Argentina","URY","Uruguay","Export",6,278.551,,96.184,347.309,258.711
"H3","ARG","280300","Argentina","USA","United States","Import",5,979.988,693.745,1334.408,1390.411,676.299
"H3","ARG","280300","Argentina","VEN","Venezuela","Import",5,,,259.056,,
"H3","ARG","280300","Argentina","WLD"," World","Export",6,442.113,28391.093,3683.927,34862.653,35123.129
"H3","ARG","280300","Argentina","WLD"," World","Import",5,5703.359,8183.709,11076.476,11104.26,9573.447
"H3","ARG","280300","Argentina","ZAF","South Africa","Import",5,2.236,1.735,9.151,3.995,2.809
"H3","ARM","280300","Armenia","CHN","China","Import",5,4.44,,0.498,2.5,0.002
"H3","ARM","280300","Armenia","CUW","Curaçao","Import",5,,,4.936,,
"H3","ARM","280300","Armenia","DEU","Germany","Import",5,,,,,1.557
"H3","ARM","280300","Armenia","IND","India","Import",5,,,1.339,,4.623
"H3","ARM","280300","Armenia","IRN","Iran, Islamic Rep.","Import",5,5.202,3.152,2.295,100.674,2.955
"H3","ARM","280300","Armenia","RUS","Russian Federation","Export",6,,,,0.31,
"H3","ARM","280300","Armenia","RUS","Russian Federation","Import",5,33.33,29.768,62.662,88.518,21.207
"H3","ARM","280300","Armenia","TUR","Turkey","Import",5,0.4,,,0.548,5.61
"H3","ARM","280300","Armenia","USA","United States","Import",5,,,,0.214,
"H3","ARM","280300","Armenia","WLD"," World","Export",6,,,,0.31,
"H3","ARM","280300","Armenia","WLD"," World","Import",5,43.372,32.92,71.73,192.453,35.954
"H3","ATG","280300","Antigua and Barbuda","USA","United States","Import",5,,,,2.509,
"H3","ATG","280300","Antigua and Barbuda","WLD"," World","Import",5,,,,2.509,
"H3","AUS","280300","Australia","AUS","Australia","Import",5,0,0,0,0,0
"H3","AUS","280300","Australia","AUT","Austria","Import",5,,,,1.032,
"H3","AUS","280300","Australia","AZE","Azerbaijan","Export",6,,,0.092,,
"H3","AUS","280300","Australia","BEL","Belgium","Export",6,583.919,380.769,503,1104.663,3245.964
"H3","AUS","280300","Australia","BEL","Belgium","Import",5,16.838,41.2,13.553,,2.607
"H3","AUS","280300","Australia","CAN","Canada","Import",5,70.514,35.448,63.105,134.794,14.321
"H3","AUS","280300","Australia","CHE","Switzerland","Import",5,,,43.188,,
"H3","AUS","280300","Australia","CHL","Chile","Export",6,,,,7.231,
"H3","AUS","280300","Australia","CHN","China","Import",5,7954.513,6268.611,4866.686,6272.087,5980.829
"H3","AUS","280300","Australia","CZE","Czech Republic","Import",5,108.402,55.199,19.184,103.774,120.564
"H3","AUS","280300","Australia","DEU","Germany","Export",6,,1160.894,108.599,0.003,85.86
"H3","AUS","280300","Australia","DEU","Germany","Import",5,1073.5,1034.571,1190.445,1328.417,1268.244
"H3","AUS","280300","Australia","DNK","Denmark","Import",5,2.585,52.736,151.573,58.055,75.966
"H3","AUS","280300","Australia","FJI","Fiji","Export",6,4.875,,,,
"H3","AUS","280300","Australia","FRA","France","Import",5,1.074,,,,
"H3","AUS","280300","Australia","GBR","United Kingdom","Export",6,,,,,0.043
"H3","AUS","280300","Australia","GBR","United Kingdom","Import",5,7.133,221.688,483.421,371.839,385.387
"H3","AUS","280300","Australia","GEO","Georgia","Export",6,22.245,,,,
"H3","AUS","280300","Australia","GHA","Ghana","Export",6,,,,,4.893
"H3","AUS","280300","Australia","IDN","Indonesia","Export",6,,0.273,11.133,,
"H3","AUS","280300","Australia","IDN","Indonesia","Import",5,43.399,137.086,100.326,27.683,153.934
"H3","AUS","280300","Australia","IND","India","Export",6,126.044,6.353,,,6.217
"H3","AUS","280300","Australia","IND","India","Import",5,5467.134,4344.189,5757.903,5582.677,4328.362
"H3","AUS","280300","Australia","ISR","Israel","Export",6,,,,62.877,
"H3","AUS","280300","Australia","ISR","Israel","Import",5,,,,0.948,
"H3","AUS","280300","Australia","JPN","Japan","Import",5,300.406,242.887,284.983,333.653,224.013
"H3","AUS","280300","Australia","KOR","Korea, Rep.","Import",5,158.619,569.664,1159.646,771.998,945.874
"H3","AUS","280300","Australia","LVA","Latvia","Import",5,,,,,3.977
"H3","AUS","280300","Australia","MYS","Malaysia","Export",6,8.828,46.234,10.354,6.538,4.584
"H3","AUS","280300","Australia","MYS","Malaysia","Import",5,42.812,2.519,36.985,23.486,26.824
"H3","AUS","280300","Australia","NCL","New Caledonia","Export",6,,,3.489,,
"H3","AUS","280300","Australia","NLD","Netherlands","Import",5,405.557,169.442,308.862,253.831,172.434
"H3","AUS","280300","Australia","NZL","New Zealand","Export",6,7.969,73.793,198.719,149.616,67.927
"H3","AUS","280300","Australia","NZL","New Zealand","Import",5,,62.078,,,7.257
"H3","AUS","280300","Australia","OAS","Other Asia, nes","Import",5,243.125,291.033,551.467,245.631,182.438
"H3","AUS","280300","Australia","PHL","Philippines","Import",5,,,,4.333,
"H3","AUS","280300","Australia","PNG","Papua New Guinea","Export",6,,,,9.218,3.178
"H3","AUS","280300","Australia","RUS","Russian Federation","Import",5,2.014,54.035,,,
"H3","AUS","280300","Australia","SGP","Singapore","Import",5,,,,26.665,9.752
"H3","AUS","280300","Australia","SWE","Sweden","Import",5,,,,1.572,2.7
"H3","AUS","280300","Australia","THA","Thailand","Export",6,0.01,0.078,,0.117,
"H3","AUS","280300","Australia","THA","Thailand","Import",5,3041.61,2224.29,3029.471,5046.952,4268.588
"H3","AUS","280300","Australia","TUR","Turkey","Export",6,,,,3.526,
"H3","AUS","280300","Australia","TUR","Turkey","Import",5,,,,,1.647
"H3","AUS","280300","Australia","USA","United States","Export",6,,2.768,3.615,,
"H3","AUS","280300","Australia","USA","United States","Import",5,937.078,830.051,1036.415,816.689,543.993
"H3","AUS","280300","Australia","WLD"," World","Export",6,1080.392,1671.161,839.002,1343.788,3418.666
"H3","AUS","280300","Australia","WLD"," World","Import",5,19876.311,16636.727,19130.515,21406.114,18719.709
"H3","AUS","280300","Australia","ZAF","South Africa","Export",6,326.502,,,,
"H3","AUS","280300","Australia","ZAF","South Africa","Import",5,,,33.301,,
"H3","AUT","280300","Austria","AUS","Australia","Import",5,,,0.235,,
"H3","AUT","280300","Austria","AZE","Azerbaijan","Export",6,0.265,,,,
"H3","AUT","280300","Austria","BEL","Belgium","Export",6,0.114,,,,
"H3","AUT","280300","Austria","BEL","Belgium","Import",5,191.485,220.729,304.235,363.893,284.872
"H3","AUT","280300","Austria","BGR","Bulgaria","Export",6,0.203,1.509,0.866,241.708,0.953
"H3","AUT","280300","Austria","BGR","Bulgaria","Import",5,,,,1.906,
"H3","AUT","280300","Austria","BIH","Bosnia and Herzegovina","Import",5,,0.982,,,
"H3","AUT","280300","Austria","BLR","Belarus","Import",5,,,2.137,5.22,
"H3","AUT","280300","Austria","CAN","Canada","Import",5,4569.309,2991.795,5326.062,3320.135,1798.268
"H3","AUT","280300","Austria","CHE","Switzerland","Export",6,3.732,0.32,2.231,1.019,1.73
"H3","AUT","280300","Austria","CHE","Switzerland","Import",5,0.024,1.272,0.07,38.608,0.025
"H3","AUT","280300","Austria","CHN","China","Export",6,169.911,295.846,407.7,281.982,139.758
"H3","AUT","280300","Austria","CHN","China","Import",5,103.301,222.466,261.312,555.481,4853.321
"H3","AUT","280300","Austria","CUB","Cuba","Export",6,,,,0.205,
"H3","AUT","280300","Austria","CYP","Cyprus","Export",6,,,,,0.168
"H3","AUT","280300","Austria","CZE","Czech Republic","Export",6,58.503,134.508,112.296,91.632,33.272
"H3","AUT","280300","Austria","CZE","Czech Republic","Import",5,2146.849,1858.702,2525.504,3455.669,5362.439
"H3","AUT","280300","Austria","DEU","Germany","Export",6,655.92,555.07,493.56,327.487,758.642
"H3","AUT","280300","Austria","DEU","Germany","Import",5,3985.726,3458.959,4857.983,4570.506,4442.324
"H3","AUT","280300","Austria","DNK","Denmark","Import",5,,,0.082,,
"H3","AUT","280300","Austria","ESP","Spain","Export",6,0.265,,1.251,0.432,
"H3","AUT","280300","Austria","ESP","Spain","Import",5,70.675,94.266,160.704,73.166,144.885
"H3","AUT","280300","Austria","FRA","France","Export",6,,1.978,,,
"H3","AUT","280300","Austria","FRA","France","Import",5,,0.083,20.961,16.654,84.866
"H3","AUT","280300","Austria","GBR","United Kingdom","Export",6,0.831,1.088,5.211,11.085,0.001
"H3","AUT","280300","Austria","GBR","United Kingdom","Import",5,358.184,292.783,2.08,0.717,4.627
"H3","AUT","280300","Austria","HKG","Hong Kong, China","Import",5,,,0.022,,
"H3","AUT","280300","Austria","HRV","Croatia","Import",5,,,,12.183,
"H3","AUT","280300","Austria","HUN","Hungary","Export",6,47.081,70.123,36.666,14.363,150.189
"H3","AUT","280300","Austria","HUN","Hungary","Import",5,325.005,1368.3,200.251,91.855,8.3
"H3","AUT","280300","Austria","IND","India","Export",6,,,,,0.009
"H3","AUT","280300","Austria","IND","India","Import",5,,,0.207,,14.418
"H3","AUT","280300","Austria","IRN","Iran, Islamic Rep.","Export",6,8.867,,,38.634,
"H3","AUT","280300","Austria","ISR","Israel","Export",6,,,,8.108,
"H3","AUT","280300","Austria","ISR","Israel","Import",5,,,,,0.434
"H3","AUT","280300","Austria","ITA","Italy","Export",6,587.878,7.453,19.08,10.849,11.085
"H3","AUT","280300","Austria","ITA","Italy","Import",5,1318.358,46.414,1801.046,3001.334,2806.999
"H3","AUT","280300","Austria","JAM","Jamaica","Import",5,,,,,0.079
"H3","AUT","280300","Austria","JPN","Japan","Export",6,0.672,0.657,0.651,0.527,0.27
"H3","AUT","280300","Austria","JPN","Japan","Import",5,120.036,64.364,54.165,22.78,1.043
"H3","AUT","280300","Austria","KAZ","Kazakhstan","Export",6,,,,,3.007
"H3","AUT","280300","Austria","KOR","Korea, Rep.","Export",6,0.022,,0.024,,
"H3","AUT","280300","Austria","KOR","Korea, Rep.","Import",5,,1.096,93.75,2.931,16.473
"H3","AUT","280300","Austria","LTU","Lithuania","Export",6,,,0.027,0.198,0.152
"H3","AUT","280300","Austria","LUX","Luxembourg","Import",5,,,,,0.157
"H3","AUT","280300","Austria","LVA","Latvia","Export",6,,,,,0.076
"H3","AUT","280300","Austria","LVA","Latvia","Import",5,20.928,3.539,107.927,99.618,
"H3","AUT","280300","Austria","MEX","Mexico","Import",5,,0.075,,,
"H3","AUT","280300","Austria","MNT","Montenegro","Export",6,0.133,,,,
"H3","AUT","280300","Austria","MYS","Malaysia","Export",6,6.834,,,,
"H3","AUT","280300","Austria","NGA","Nigeria","Export",6,4.655,,,,
"H3","AUT","280300","Austria","NLD","Netherlands","Export",6,,,2.933,,0.104
"H3","AUT","280300","Austria","NLD","Netherlands","Import",5,108.543,79.017,6.815,280.131,1515.367
"H3","AUT","280300","Austria","NZL","New Zealand","Import",5,,,,,1.439
"H3","AUT","280300","Austria","OAS","Other Asia, nes","Export",6,,1.152,,,
"H3","AUT","280300","Austria","POL","Poland","Export",6,91.886,101.447,2.822,,11.6
"H3","AUT","280300","Austria","POL","Poland","Import",5,83.149,118.99,104.613,296.709,196.721
"H3","AUT","280300","Austria","QAT","Qatar","Import",5,0.041,,,,
"H3","AUT","280300","Austria","ROM","Romania","Export",6,8.133,9.314,,10.556,0.072
"H3","AUT","280300","Austria","RUS","Russian Federation","Export",6,,3.272,1.873,0.095,
"H3","AUT","280300","Austria","RUS","Russian Federation","Import",5,3634.413,5278.724,6423.178,6964.318,307.534
"H3","AUT","280300","Austria","SER","Serbia, FR(Serbia/Montenegro)","Export",6,21.678,0.001,1.892,15.602,12.962
"H3","AUT","280300","Austria","SER","Serbia, FR(Serbia/Montenegro)","Import",5,,,,5.862,
"H3","AUT","280300","Austria","SGP","Singapore","Import",5,54.102,54.804,120.119,21.354,
"H3","AUT","280300","Austria","SVK","Slovak Republic","Export",6,10.81,1.848,0.278,25.513,3838.141
"H3","AUT","280300","Austria","SVK","Slovak Republic","Import",5,4238.939,313.803,0.958,,
"H3","AUT","280300","Austria","SVN","Slovenia","Export",6,83.841,63.304,152.09,102.858,53.123
"H3","AUT","280300","Austria","SVN","Slovenia","Import",5,6.722,,4.326,,10.079
"H3","AUT","280300","Austria","THA","Thailand","Import",5,,,,,0.137
"H3","AUT","280300","Austria","TUR","Turkey","Export",6,0.069,2.68,3.476,21.082,0.857
"H3","AUT","280300","Austria","TUR","Turkey","Import",5,37.569,29.401,133.235,294.26,134.759
"H3","AUT","280300","Austria","UKR","Ukraine","Import",5,,,0.043,,0.101
"H3","AUT","280300","Austria","USA","United States","Export",6,0.091,,,,
"H3","AUT","280300","Austria","USA","United States","Import",5,61.013,50.21,117.64,648.447,312.85
"H3","AUT","280300","Austria","VNM","Vietnam","Export",6,33.678,15.469,50.285,,1.362
"H3","AUT","280300","Austria","WLD"," World","Export",6,1796.072,1267.037,1295.213,1203.935,5017.534
"H3","AUT","280300","Austria","WLD"," World","Import",5,21434.371,16551.02,22630.425,24144.32,22302.985
"H3","AUT","280300","Austria","ZAF","South Africa","Import",5,,0.248,0.765,0.584,0.471
"H3","AZE","280300","Azerbaijan","AUS","Australia","Import",5,1.088,,0.094,0.099,
"H3","AZE","280300","Azerbaijan","CAN","Canada","Import",5,1.702,,,,
"H3","AZE","280300","Azerbaijan","CHN","China","Import",5,0.136,0.194,4.876,33.177,10.715
"H3","AZE","280300","Azerbaijan","DEU","Germany","Import",5,69.133,43.467,68.71,76.861,808.68
"H3","AZE","280300","Azerbaijan","IND","India","Import",5,,,,0.15,
"H3","AZE","280300","Azerbaijan","IRN","Iran, Islamic Rep.","Import",5,126.141,105.556,214.529,137.522,103.825
"H3","AZE","280300","Azerbaijan","JPN","Japan","Import",5,8.301,2.757,30.613,,
"H3","AZE","280300","Azerbaijan","NLD","Netherlands","Import",5,,,,,289.176
"H3","AZE","280300","Azerbaijan","OAS","Other Asia, nes","Import",5,,,0.37,,
"H3","AZE","280300","Azerbaijan","POL","Poland","Import",5,,,,0.108,
"H3","AZE","280300","Azerbaijan","RUS","Russian Federation","Export",6,,,,,0.923
"H3","AZE","280300","Azerbaijan","RUS","Russian Federation","Import",5,49.549,93.226,58.121,88.89,241.364
"H3","AZE","280300","Azerbaijan","TKM","Turkmenistan","Import",5,,,,20,
"H3","AZE","280300","Azerbaijan","TUR","Turkey","Import",5,2.631,0.19,8.113,6.881,0.402
"H3","AZE","280300","Azerbaijan","USA","United States","Import",5,3.393,,3.174,2.04,1.103
"H3","AZE","280300","Azerbaijan","VNM","Vietnam","Import",5,,,,,0.858
"H3","AZE","280300","Azerbaijan","WLD"," World","Export",6,,,,,0.923
"H3","AZE","280300","Azerbaijan","WLD"," World","Import",5,262.074,245.39,388.599,365.728,1456.123
"H3","BDI","280300","Burundi","ARE","United Arab Emirates","Import",5,,,,,0.017
"H3","BDI","280300","Burundi","CHN","China","Import",5,,,1.373,1.735,3.18
"H3","BDI","280300","Burundi","IDN","Indonesia","Import",5,,,,0.297,
"H3","BDI","280300","Burundi","IND","India","Import",5,1.613,4.67,2.44,1.136,10.657
"H3","BDI","280300","Burundi","KEN","Kenya","Import",5,,0.663,1.472,2.747,
"H3","BDI","280300","Burundi","KOR","Korea, Rep.","Import",5,,,0.173,0.308,0.733
"H3","BDI","280300","Burundi","TZA","Tanzania","Import",5,,,26.033,13.195,73.881
"H3","BDI","280300","Burundi","UGA","Uganda","Import",5,0.571,2.221,1.383,0.067,
"H3","BDI","280300","Burundi","UNS","Unspecified","Import",5,,,,,0.039
"H3","BDI","280300","Burundi","VNM","Vietnam","Import",5,,,,3.77,0.679
"H3","BDI","280300","Burundi","WLD"," World","Export",6,,2.212,,2.696,0.128
"H3","BDI","280300","Burundi","WLD"," World","Import",5,2.183,7.555,32.874,23.255,89.186
"H3","BDI","280300","Burundi","ZAR","Congo, Dem. Rep.","Export",6,,2.212,,2.696,0.128
"H3","BEL","280300","Belgium","ARE","United Arab Emirates","Export",6,37.206,43.618,2736.841,2811.41,1380.425
"H3","BEL","280300","Belgium","ARE","United Arab Emirates","Import",5,5.426,6.845,14.342,,
"H3","BEL","280300","Belgium","ARG","Argentina","Export",6,1.529,3.272,531.674,295.108,235.001
"H3","BEL","280300","Belgium","ARG","Argentina","Import",5,33.707,,,,
"H3","BEL","280300","Belgium","AUS","Australia","Export",6,2.407,1.763,260.865,46.102,110.877
"H3","BEL","280300","Belgium","AUT","Austria","Export",6,192.565,168.556,410.117,319.532,77.418
"H3","BEL","280300","Belgium","AUT","Austria","Import",5,388.871,1095.719,,271.408,1774.369
"H3","BEL","280300","Belgium","BEN","Benin","Export",6,,,1.088,,
"H3","BEL","280300","Belgium","BFA","Burkina Faso","Export",6,3.971,4.818,1.554,,
"H3","BEL","280300","Belgium","BGR","Bulgaria","Export",6,38.713,28.463,107.31,54.055,16.698
"H3","BEL","280300","Belgium","BGR","Bulgaria","Import",5,,,,12.175,
"H3","BEL","280300","Belgium","BLR","Belarus","Export",6,21.394,0.033,264.351,,
"H3","BEL","280300","Belgium","BRA","Brazil","Export",6,42.132,148.086,3726.768,2946.3,1685.812
"H3","BEL","280300","Belgium","BRA","Brazil","Import",5,0.242,10.481,54.58,0.046,1.806
"H3","BEL","280300","Belgium","CAF","Central African Republic","Import",5,,,,1.342,
"H3","BEL","280300","Belgium","CAN","Canada","Export",6,0.358,0.01,203.659,360.912,0.008
"H3","BEL","280300","Belgium","CAN","Canada","Import",5,144.236,267.299,649.109,317.266,166.497
"H3","BEL","280300","Belgium","CHE","Switzerland","Export",6,848.189,1078.284,3089.855,6893.02,5975.559
"H3","BEL","280300","Belgium","CHE","Switzerland","Import",5,0.448,0.603,0.815,0.418,7.495
"H3","BEL","280300","Belgium","CHL","Chile","Export",6,,0.989,311.621,21.448,
"H3","BEL","280300","Belgium","CHN","China","Export",6,22769.836,24278.148,31973.985,80424.052,89636.999
"H3","BEL","280300","Belgium","CHN","China","Import",5,239.297,181.411,343.043,507.617,208.175
"H3","BEL","280300","Belgium","CIV","Cote d'Ivoire","Export",6,37.245,32.013,17.552,6.938,
"H3","BEL","280300","Belgium","CMR","Cameroon","Export",6,1.409,1.663,6.179,0.934,1.727
"H3","BEL","280300","Belgium","COG","Congo, Rep.","Export",6,,2.518,,,
"H3","BEL","280300","Belgium","COL","Colombia","Export",6,0.985,2.892,1.677,11.232,99.771
"H3","BEL","280300","Belgium","COL","Colombia","Import",5,100.066,67.728,37.513,32.413,20.468
"H3","BEL","280300","Belgium","CRI","Costa Rica","Export",6,14.653,89.661,14.414,0.158,
"H3","BEL","280300","Belgium","CRI","Costa Rica","Import",5,,,1.085,,
"H3","BEL","280300","Belgium","CYP","Cyprus","Import",5,,,,,1.342
"H3","BEL","280300","Belgium","CZE","Czech Republic","Export",6,317.814,133.583,539.581,298.882,190.753
"H3","BEL","280300","Belgium","CZE","Czech Republic","Import",5,202.529,172.264,456.344,327.058,737.185
"H3","BEL","280300","Belgium","DEU","Germany","Export",6,7876.169,6926.131,10750.569,10869.776,6937.338
"H3","BEL","280300","Belgium","DEU","Germany","Import",5,15838.28,11995.301,17571.913,22874.511,17734.371
"H3","BEL","280300","Belgium","DNK","Denmark","Export",6,3.455,9.514,0.179,10.843,0.152
"H3","BEL","280300","Belgium","DNK","Denmark","Import",5,211.751,26.077,,,
"H3","BEL","280300","Belgium","DZA","Algeria","Export",6,56.985,37.822,128.889,69.894,111.969
"H3","BEL","280300","Belgium","EGY","Egypt, Arab Rep.","Export",6,9.76,20.454,225.116,198.059,124.907
"H3","BEL","280300","Belgium","ESP","Spain","Export",6,986.59,899.256,1561.812,1209.453,808.237
"H3","BEL","280300","Belgium","ESP","Spain","Import",5,662.372,274.223,3235.65,3995.277,4892.857
"H3","BEL","280300","Belgium","EST","Estonia","Export",6,55.278,33.559,37.227,16.643,10.112
"H3","BEL","280300","Belgium","FIN","Finland","Export",6,4783.842,8618.94,10420.431,4985.423,3585.504
"H3","BEL","280300","Belgium","FRA","France","Export",6,2132.457,2979.12,4994.597,5576.53,4645.256
"H3","BEL","280300","Belgium","FRA","France","Import",5,1528.542,1241.509,1499.667,1322.671,1538.606
"H3","BEL","280300","Belgium","GAB","Gabon","Export",6,,,,,5.593
"H3","BEL","280300","Belgium","GBR","United Kingdom","Export",6,1905.626,963.561,8031.968,11611.291,13172.158
"H3","BEL","280300","Belgium","GBR","United Kingdom","Import",5,2175.486,1364.836,59.681,76.411,95.043
"H3","BEL","280300","Belgium","GHA","Ghana","Export",6,,,,,1.658
"H3","BEL","280300","Belgium","GNQ","Equatorial Guinea","Export",6,0.118,,,0.064,
"H3","BEL","280300","Belgium","GRC","Greece","Export",6,78.463,116.797,228.358,296.28,226.485
"H3","BEL","280300","Belgium","GRC","Greece","Import",5,0.228,,,,
"H3","BEL","280300","Belgium","GTM","Guatemala","Export",6,,0.017,,,
"H3","BEL","280300","Belgium","HKG","Hong Kong, China","Export",6,11015.302,10962.764,12800.595,6023.638,1023.051
"H3","BEL","280300","Belgium","HKG","Hong Kong, China","Import",5,,,,,3.993
"H3","BEL","280300","Belgium","HRV","Croatia","Export",6,3.168,2.847,16.464,12.046,3.264
"H3","BEL","280300","Belgium","HUN","Hungary","Export",6,157.003,108.381,220.902,102.865,63.38
"H3","BEL","280300","Belgium","HUN","Hungary","Import",5,0.225,393.965,150.163,51.298,72.077
"H3","BEL","280300","Belgium","IDN","Indonesia","Export",6,120.081,46.779,319.656,10.079,57.004
"H3","BEL","280300","Belgium","IND","India","Export",6,377.041,325.303,962.687,1275.717,1022.195
"H3","BEL","280300","Belgium","IND","India","Import",5,301.588,652.242,577.35,625.473,1907.344
"H3","BEL","280300","Belgium","IRL","Ireland","Export",6,2.353,7.904,11.022,9.994,4.121
"H3","BEL","280300","Belgium","IRL","Ireland","Import",5,,,1.046,,79.204
"H3","BEL","280300","Belgium","IRN","Iran, Islamic Rep.","Export",6,,,1.521,2.161,
"H3","BEL","280300","Belgium","ISR","Israel","Export",6,36.14,21.522,378.362,364.897,179.562
"H3","BEL","280300","Belgium","ISR","Israel","Import",5,22.501,,,1.345,
"H3","BEL","280300","Belgium","ITA","Italy","Export",6,1534.372,1229.091,2332.64,2853.345,1755.018
"H3","BEL","280300","Belgium","ITA","Italy","Import",5,4183.221,3652.004,6118.532,6617.807,4591.034
"H3","BEL","280300","Belgium","JOR","Jordan","Export",6,0.139,,,,
"H3","BEL","280300","Belgium","JPN","Japan","Export",6,8697.519,1765.437,4085.19,5745.451,1695
"H3","BEL","280300","Belgium","JPN","Japan","Import",5,68.37,1080.484,8.613,526.058,719.301
"H3","BEL","280300","Belgium","KAZ","Kazakhstan","Export",6,,,,,43.547
"H3","BEL","280300","Belgium","KEN","Kenya","Export",6,1.909,,,,
"H3","BEL","280300","Belgium","KOR","Korea, Rep.","Export",6,3054.675,2942.74,4640.357,8667.1,5506.775
"H3","BEL","280300","Belgium","KOR","Korea, Rep.","Import",5,1.877,,49.099,0.044,
"H3","BEL","280300","Belgium","KWT","Kuwait","Export",6,,0.081,,,
"H3","BEL","280300","Belgium","LBN","Lebanon","Export",6,1.483,2.138,54.32,88.313,33.113
"H3","BEL","280300","Belgium","LBY","Libya","Export",6,,,,5.882,
"H3","BEL","280300","Belgium","LKA","Sri Lanka","Export",6,7.999,60.639,23.355,,
"H3","BEL","280300","Belgium","LKA","Sri Lanka","Import",5,,,0.379,,
"H3","BEL","280300","Belgium","LTU","Lithuania","Export",6,1.154,3.927,16.246,3.496,1.689
"H3","BEL","280300","Belgium","LUX","Luxembourg","Export",6,108.9,62.849,44.338,919.389,37.356
"H3","BEL","280300","Belgium","LUX","Luxembourg","Import",5,,136.105,534.953,960.865,975.271
"H3","BEL","280300","Belgium","LVA","Latvia","Export",6,0.111,0.057,0.238,0.118,
"H3","BEL","280300","Belgium","LVA","Latvia","Import",5,,,10.87,22.295,40.635
"H3","BEL","280300","Belgium","MAR","Morocco","Export",6,8.279,26.381,167.103,280.738,53.159
"H3","BEL","280300","Belgium","MDG","Madagascar","Export",6,0.605,,,,
"H3","BEL","280300","Belgium","MEX","Mexico","Export",6,154.622,93.376,1008.754,1675.499,1456.705
"H3","BEL","280300","Belgium","MEX","Mexico","Import",5,2.337,2.449,1.211,1.965,0.987
"H3","BEL","280300","Belgium","MKD","North Macedonia","Export",6,0.282,0.02,,,
"H3","BEL","280300","Belgium","MLI","Mali","Export",6,20.988,17.172,40.878,1.048,
"H3","BEL","280300","Belgium","MUS","Mauritius","Export",6,,2.343,9.755,,
"H3","BEL","280300","Belgium","MYS","Malaysia","Export",6,1649.529,1047.828,2119.67,2167.414,1351.54
"H3","BEL","280300","Belgium","NER","Niger","Export",6,,,,0.718,
"H3","BEL","280300","Belgium","NGA","Nigeria","Export",6,,,,,0.102
"H3","BEL","280300","Belgium","NLD","Netherlands","Export",6,2512.601,2684.369,4207.654,3887.026,2938.991
"H3","BEL","280300","Belgium","NLD","Netherlands","Import",5,9171.004,10999.522,7270.449,8924.407,13207.15
"H3","BEL","280300","Belgium","NOR","Norway","Export",6,0.045,3.883,3.672,6.083,9.093
"H3","BEL","280300","Belgium","NOR","Norway","Import",5,0.879,,0.93,0.006,
"H3","BEL","280300","Belgium","NZL","New Zealand","Export",6,0.332,9.647,15.59,7.497,
"H3","BEL","280300","Belgium","OAS","Other Asia, nes","Export",6,2339.368,1974.415,1759.941,2983.171,2353.342
"H3","BEL","280300","Belgium","OAS","Other Asia, nes","Import",5,,,0.062,,
"H3","BEL","280300","Belgium","PAK","Pakistan","Export",6,18.301,9.582,279.709,240.935,359.974
"H3","BEL","280300","Belgium","PER","Peru","Export",6,14.878,14.277,73.955,525.12,234.982
"H3","BEL","280300","Belgium","PHL","Philippines","Export",6,12.72,20.826,32.463,71.095,30.193
"H3","BEL","280300","Belgium","POL","Poland","Export",6,1504.706,1528.442,3229.142,2267.47,2400.271
"H3","BEL","280300","Belgium","POL","Poland","Import",5,1326.927,274.001,517.597,554.999,377.734
"H3","BEL","280300","Belgium","PRT","Portugal","Export",6,21.941,17.588,12.781,14.418,22.261
"H3","BEL","280300","Belgium","ROM","Romania","Export",6,185.053,332.74,460.978,618.007,615.904
"H3","BEL","280300","Belgium","RUS","Russian Federation","Export",6,52.997,81.046,402.954,94.968,
"H3","BEL","280300","Belgium","RUS","Russian Federation","Import",5,,0.241,,,
"H3","BEL","280300","Belgium","RWA","Rwanda","Export",6,,1.877,,,
"H3","BEL","280300","Belgium","SAU","Saudi Arabia","Export",6,48.163,83.279,419.713,850.189,237.596
"H3","BEL","280300","Belgium","SAU","Saudi Arabia","Import",5,,,,687.785,
"H3","BEL","280300","Belgium","SEN","Senegal","Export",6,4.27,16.71,32.877,,1.849
"H3","BEL","280300","Belgium","SER","Serbia, FR(Serbia/Montenegro)","Export",6,,0.531,20.302,0.432,139.644
"H3","BEL","280300","Belgium","SER","Serbia, FR(Serbia/Montenegro)","Import",5,,,,,44.869
"H3","BEL","280300","Belgium","SGP","Singapore","Export",6,1510.926,552.121,829.603,1985.197,1.572
"H3","BEL","280300","Belgium","SGP","Singapore","Import",5,,,1.304,,1.249
"H3","BEL","280300","Belgium","SVK","Slovak Republic","Export",6,31.859,18.692,33.401,51.683,19.151
"H3","BEL","280300","Belgium","SVK","Slovak Republic","Import",5,,,3.921,,3.48
"H3","BEL","280300","Belgium","SVN","Slovenia","Export",6,168.472,427.488,372.085,209.478,68.349
"H3","BEL","280300","Belgium","SVN","Slovenia","Import",5,,,,,33.473
"H3","BEL","280300","Belgium","SWE","Sweden","Export",6,168.771,168.583,348.16,394.219,286.58
"H3","BEL","280300","Belgium","SWE","Sweden","Import",5,4.469,17.206,30.404,12.093,0.635
"H3","BEL","280300","Belgium","TGO","Togo","Export",6,,,,19.389,4.893
"H3","BEL","280300","Belgium","THA","Thailand","Export",6,82.681,105.009,13346.566,6747.693,5517.215
"H3","BEL","280300","Belgium","TKM","Turkmenistan","Import",5,,63.106,,880.952,252.074
"H3","BEL","280300","Belgium","TUN","Tunisia","Export",6,2.219,1.674,,174.852,288.731
"H3","BEL","280300","Belgium","TUR","Turkey","Export",6,444.94,533.566,2994.968,7160.929,7536.366
"H3","BEL","280300","Belgium","TUR","Turkey","Import",5,0.464,,,,0.032
"H3","BEL","280300","Belgium","UGA","Uganda","Export",6,5.464,43.492,,180.261,
"H3","BEL","280300","Belgium","UKR","Ukraine","Export",6,3.285,0.458,13.46,,14.125
"H3","BEL","280300","Belgium","URY","Uruguay","Export",6,0.025,,,,
"H3","BEL","280300","Belgium","USA","United States","Export",6,5208.437,5326.674,5472.711,10720.092,9721.216
"H3","BEL","280300","Belgium","USA","United States","Import",5,3404.562,2828.757,3028.74,3256.887,2198.84
"H3","BEL","280300","Belgium","VEN","Venezuela","Export",6,1.282,,,,
"H3","BEL","280300","Belgium","VNM","Vietnam","Export",6,17.495,15.676,50.019,79.827,4.685
"H3","BEL","280300","Belgium","WLD"," World","Export",6,83671.389,79465.879,145096.928,200529.353,177273.036
"H3","BEL","280300","Belgium","WLD"," World","Import",5,40019.905,36804.376,42229.363,52862.894,51687.597
"H3","BEL","280300","Belgium","ZAF","South Africa","Export",6,137.354,140.113,845.653,1654.309,924.187
"H3","BEL","280300","Belgium","ZAR","Congo, Dem. Rep.","Export",6,,,6.284,40.766,214.866
"H3","BEN","280300","Benin","ARE","United Arab Emirates","Import",5,,,,1.018,0.432
"H3","BEN","280300","Benin","CHN","China","Import",5,5.264,,,,
"H3","BEN","280300","Benin","ESP","Spain","Import",5,,,,1.68,1.004
"H3","BEN","280300","Benin","FRA","France","Import",5,,,1.118,2.18,
"H3","BEN","280300","Benin","LBN","Lebanon","Import",5,,0.158,13.179,0.169,
"H3","BEN","280300","Benin","WLD"," World","Import",5,5.264,0.158,14.297,5.047,1.436
"H3","BFA","280300","Burkina Faso","AUS","Australia","Import",5,,0.854,0.316,,
"H3","BFA","280300","Burkina Faso","CHE","Switzerland","Import",5,,,,,2.683
"H3","BFA","280300","Burkina Faso","CHN","China","Import",5,,2.409,,9.239,9.25
"H3","BFA","280300","Burkina Faso","DEU","Germany","Import",5,11.926,14.436,6.175,,
"H3","BFA","280300","Burkina Faso","EGY","Egypt, Arab Rep.","Import",5,71.605,148.292,255.455,,142.824
"H3","BFA","280300","Burkina Faso","ESP","Spain","Import",5,,19.526,58.19,62.816,66.033
"H3","BFA","280300","Burkina Faso","GBR","United Kingdom","Import",5,,,6.497,3.05,22.875
"H3","BFA","280300","Burkina Faso","IND","India","Import",5,,35.922,,,43.824
"H3","BFA","280300","Burkina Faso","SEN","Senegal","Export",6,,,2.13,,
"H3","BFA","280300","Burkina Faso","TUN","Tunisia","Import",5,4.828,,,,0.343
"H3","BFA","280300","Burkina Faso","WLD"," World","Export",6,,,2.13,,
"H3","BFA","280300","Burkina Faso","WLD"," World","Import",5,88.359,221.439,326.634,75.106,287.832
"H3","BGR","280300","Bulgaria","ALB","Albania","Export",6,,,,0.42,
"H3","BGR","280300","Bulgaria","ARE","United Arab Emirates","Export",6,,,,,0.071
"H3","BGR","280300","Bulgaria","AUT","Austria","Export",6,,,,51.793,
"H3","BGR","280300","Bulgaria","AUT","Austria","Import",5,,32.43,0.742,0.49,0.956
"H3","BGR","280300","Bulgaria","BEL","Belgium","Import",5,26.757,24.732,254.915,211.828,214.093
"H3","BGR","280300","Bulgaria","BLR","Belarus","Export",6,,,,,34.014
"H3","BGR","280300","Bulgaria","BLR","Belarus","Import",5,49.663,434.76,1265.463,1264.942,1222.827
"H3","BGR","280300","Bulgaria","BRA","Brazil","Import",5,0.275,,,,
"H3","BGR","280300","Bulgaria","CHN","China","Export",6,,,,,8.843
"H3","BGR","280300","Bulgaria","CHN","China","Import",5,,,,0.037,
"H3","BGR","280300","Bulgaria","CZE","Czech Republic","Import",5,55.768,,5.986,20.901,232.293
"H3","BGR","280300","Bulgaria","DEU","Germany","Export",6,3.817,,31.975,34.244,
"H3","BGR","280300","Bulgaria","DEU","Germany","Import",5,842.287,1161.011,794.655,1285.383,682.422
"H3","BGR","280300","Bulgaria","ESP","Spain","Import",5,1811.11,572.407,472.004,492.982,541.045
"H3","BGR","280300","Bulgaria","FRA","France","Import",5,1.471,,,2.901,3.778
"H3","BGR","280300","Bulgaria","GBR","United Kingdom","Import",5,,,,,8.587
"H3","BGR","280300","Bulgaria","GRC","Greece","Export",6,73.613,17.392,357.345,326.23,279.274
"H3","BGR","280300","Bulgaria","GRC","Greece","Import",5,,12.563,14.839,23.494,14.433
"H3","BGR","280300","Bulgaria","HRV","Croatia","Import",5,,,141.972,,
"H3","BGR","280300","Bulgaria","HUN","Hungary","Import",5,2896.268,2597.34,3573.744,4527.016,6964.073
"H3","BGR","280300","Bulgaria","IND","India","Export",6,,,,,1.142
"H3","BGR","280300","Bulgaria","IND","India","Import",5,22.263,28.298,,,
"H3","BGR","280300","Bulgaria","IRN","Iran, Islamic Rep.","Import",5,,,84.298,319.633,
"H3","BGR","280300","Bulgaria","ITA","Italy","Export",6,,,,29.34,
"H3","BGR","280300","Bulgaria","ITA","Italy","Import",5,29.642,9.956,83.259,1.244,6.446
"H3","BGR","280300","Bulgaria","KAZ","Kazakhstan","Export",6,,,,,36.976
"H3","BGR","280300","Bulgaria","LKA","Sri Lanka","Export",6,6.072,15.041,,,
"H3","BGR","280300","Bulgaria","LTU","Lithuania","Export",6,,,,,24.618
"H3","BGR","280300","Bulgaria","LTU","Lithuania","Import",5,,,,128.818,161.137
"H3","BGR","280300","Bulgaria","MKD","North Macedonia","Export",6,7.754,6.351,12.738,30.32,24.712
"H3","BGR","280300","Bulgaria","NLD","Netherlands","Import",5,1.491,,,16.246,0.498
"H3","BGR","280300","Bulgaria","POL","Poland","Export",6,,,91.357,,46.265
"H3","BGR","280300","Bulgaria","POL","Poland","Import",5,1.274,,252.964,44.59,132.833
"H3","BGR","280300","Bulgaria","ROM","Romania","Export",6,22.072,,34.637,1.307,
"H3","BGR","280300","Bulgaria","ROM","Romania","Import",5,286.439,278.411,92.623,6.493,31.672
"H3","BGR","280300","Bulgaria","RUS","Russian Federation","Import",5,1370.341,863.804,776.197,510.311,737.195
"H3","BGR","280300","Bulgaria","SAU","Saudi Arabia","Import",5,,,0.936,,
"H3","BGR","280300","Bulgaria","SER","Serbia, FR(Serbia/Montenegro)","Export",6,,1.039,17.927,39.157,45.385
"H3","BGR","280300","Bulgaria","SER","Serbia, FR(Serbia/Montenegro)","Import",5,0.597,4.529,33.976,162.844,207.138
"H3","BGR","280300","Bulgaria","SVK","Slovak Republic","Import",5,,21.937,,,
"H3","BGR","280300","Bulgaria","SVN","Slovenia","Export",6,,,22.213,59.949,663.782
"H3","BGR","280300","Bulgaria","SVN","Slovenia","Import",5,,61.035,61.776,20.352,
"H3","BGR","280300","Bulgaria","TUR","Turkey","Export",6,30.989,71.02,226.114,157.416,235.531
"H3","BGR","280300","Bulgaria","TUR","Turkey","Import",5,91.908,113.135,80.555,147.689,200.107
"H3","BGR","280300","Bulgaria","UKR","Ukraine","Export",6,,,94.728,3.037,
"H3","BGR","280300","Bulgaria","UKR","Ukraine","Import",5,93.425,48.026,,,
"H3","BGR","280300","Bulgaria","UNS","Unspecified","Import",5,,,21.23,7.727,
"H3","BGR","280300","Bulgaria","USA","United States","Import",5,5.806,,0.411,1.879,6.119
"H3","BGR","280300","Bulgaria","WLD"," World","Export",6,144.317,110.844,889.034,733.214,1400.613
"H3","BGR","280300","Bulgaria","WLD"," World","Import",5,7586.785,6264.375,8012.542,9197.803,11367.652
"H3","BHR","280300","Bahrain","ARE","United Arab Emirates","Export",6,,,17.504,,
"H3","BHR","280300","Bahrain","BGD","Bangladesh","Export",6,1611.386,645.489,230.65,,
"H3","BHR","280300","Bahrain","CAN","Canada","Import",5,,,0.199,0.076,
"H3","BHR","280300","Bahrain","CHN","China","Import",5,15.185,7.941,10.962,12.324,31.647
"H3","BHR","280300","Bahrain","DEU","Germany","Import",5,10.997,9.778,11.515,2.074,7.526
"H3","BHR","280300","Bahrain","EGY","Egypt, Arab Rep.","Import",5,,,14.403,,
"H3","BHR","280300","Bahrain","GBR","United Kingdom","Import",5,,,,,0.002
"H3","BHR","280300","Bahrain","IDN","Indonesia","Export",6,56.012,140.155,,,
"H3","BHR","280300","Bahrain","IND","India","Export",6,516.362,917.498,335.777,,
"H3","BHR","280300","Bahrain","IND","India","Import",5,10.494,35.204,7.716,88.593,65.251
"H3","BHR","280300","Bahrain","KOR","Korea, Rep.","Import",5,24.706,27.726,36.341,9.792,14.139
"H3","BHR","280300","Bahrain","KWT","Kuwait","Export",6,8.642,,0,,
"H3","BHR","280300","Bahrain","MYS","Malaysia","Export",6,67.5,29.926,,,
"H3","BHR","280300","Bahrain","NLD","Netherlands","Export",6,,48.01,,,
"H3","BHR","280300","Bahrain","OAS","Other Asia, nes","Export",6,,11.002,,,
"H3","BHR","280300","Bahrain","OAS","Other Asia, nes","Import",5,,,0.049,,
"H3","BHR","280300","Bahrain","OMN","Oman","Export",6,,,25.065,,
"H3","BHR","280300","Bahrain","PAK","Pakistan","Export",6,,35.758,,,
"H3","BHR","280300","Bahrain","POL","Poland","Import",5,0.484,,0.458,,
"H3","BHR","280300","Bahrain","RUS","Russian Federation","Import",5,0.841,,4.461,,1.604
"H3","BHR","280300","Bahrain","SAU","Saudi Arabia","Export",6,0.518,,,0,
"H3","BHR","280300","Bahrain","THA","Thailand","Export",6,,146.031,,,
"H3","BHR","280300","Bahrain","TZA","Tanzania","Export",6,378.449,222.548,,,
"H3","BHR","280300","Bahrain","USA","United States","Import",5,13.445,17.979,19.417,4.151,4.429
"H3","BHR","280300","Bahrain","WLD"," World","Export",6,2638.868,2196.418,608.996,0,
"H3","BHR","280300","Bahrain","WLD"," World","Import",5,76.152,98.628,105.521,117.01,124.599
"H3","BHS","280300","Bahamas, The","USA","United States","Import",5,0.107,5.616,20.437,0.466,
"H3","BHS","280300","Bahamas, The","WLD"," World","Import",5,0.107,5.616,20.437,0.466,
"H3","BIH","280300","Bosnia and Herzegovina","BRA","Brazil","Import",5,,,,,0.473
"H3","BIH","280300","Bosnia and Herzegovina","CHN","China","Import",5,0.242,1.581,6.693,5.575,0.601
"H3","BIH","280300","Bosnia and Herzegovina","CZE","Czech Republic","Import",5,1.054,0.048,,,
"H3","BIH","280300","Bosnia and Herzegovina","DEU","Germany","Export",6,,1.147,,,2.552
"H3","BIH","280300","Bosnia and Herzegovina","DEU","Germany","Import",5,1.699,,6.97,4.24,2.028
"H3","BIH","280300","Bosnia and Herzegovina","ESP","Spain","Import",5,41.465,31.406,0.109,,
"H3","BIH","280300","Bosnia and Herzegovina","GBR","United Kingdom","Import",5,,,,7.782,9.853
"H3","BIH","280300","Bosnia and Herzegovina","HRV","Croatia","Import",5,,,1.714,,
"H3","BIH","280300","Bosnia and Herzegovina","HUN","Hungary","Import",5,,,,0.055,0.097
"H3","BIH","280300","Bosnia and Herzegovina","ITA","Italy","Import",5,15.866,16.433,18.226,15.735,23.147
"H3","BIH","280300","Bosnia and Herzegovina","LUX","Luxembourg","Import",5,,,1.51,,
"H3","BIH","280300","Bosnia and Herzegovina","NLD","Netherlands","Import",5,,1.366,1.303,,0.022
"H3","BIH","280300","Bosnia and Herzegovina","POL","Poland","Import",5,0.328,0.141,,,
"H3","BIH","280300","Bosnia and Herzegovina","RUS","Russian Federation","Import",5,15.635,18.797,21.817,21.631,25.521
"H3","BIH","280300","Bosnia and Herzegovina","SER","Serbia, FR(Serbia/Montenegro)","Export",6,,,,0.001,
"H3","BIH","280300","Bosnia and Herzegovina","SER","Serbia, FR(Serbia/Montenegro)","Import",5,,4.38,,,1.037
"H3","BIH","280300","Bosnia and Herzegovina","SVK","Slovak Republic","Export",6,,,,,0.051
"H3","BIH","280300","Bosnia and Herzegovina","SVK","Slovak Republic","Import",5,2.109,,,,
"H3","BIH","280300","Bosnia and Herzegovina","SVN","Slovenia","Import",5,0.006,0.11,0.173,,
"H3","BIH","280300","Bosnia and Herzegovina","USA","United States","Import",5,0.479,0.686,2.043,0.954,
"H3","BIH","280300","Bosnia and Herzegovina","WLD"," World","Export",6,,1.147,,0.001,2.603
"H3","BIH","280300","Bosnia and Herzegovina","WLD"," World","Import",5,78.883,74.949,60.558,55.973,62.778
"H3","BLR","280300","Belarus","AUT","Austria","Import",5,,,0.1,,
"H3","BLR","280300","Belarus","BEL","Belgium","Import",5,,,129.5,,
"H3","BLR","280300","Belarus","BGR","Bulgaria","Export",6,55.2,402.9,1191.8,,
"H3","BLR","280300","Belarus","BRA","Brazil","Export",6,,,137.3,,
"H3","BLR","280300","Belarus","CHN","China","Import",5,196.9,106.3,440,,
"H3","BLR","280300","Belarus","COL","Colombia","Export",6,,,24.7,,
"H3","BLR","280300","Belarus","DEU","Germany","Export",6,,561.1,3037.1,,
"H3","BLR","280300","Belarus","DEU","Germany","Import",5,147.8,160.9,132.4,,
"H3","BLR","280300","Belarus","DZA","Algeria","Export",6,,,80.6,,
"H3","BLR","280300","Belarus","ESP","Spain","Import",5,,,0.5,,
"H3","BLR","280300","Belarus","FIN","Finland","Export",6,,,194.2,,
"H3","BLR","280300","Belarus","GBR","United Kingdom","Import",5,2.2,,,,
"H3","BLR","280300","Belarus","GEO","Georgia","Export",6,1.4,,,,
"H3","BLR","280300","Belarus","GRC","Greece","Export",6,,65.1,92.6,,
"H3","BLR","280300","Belarus","HUN","Hungary","Export",6,,27.9,5132.8,,
"H3","BLR","280300","Belarus","IND","India","Export",6,,,666.6,,
"H3","BLR","280300","Belarus","IND","India","Import",5,0.1,,0.6,,
"H3","BLR","280300","Belarus","ITA","Italy","Export",6,,230.7,1765.2,,
"H3","BLR","280300","Belarus","ITA","Italy","Import",5,,47.8,,,
"H3","BLR","280300","Belarus","KOR","Korea, Rep.","Export",6,1.3,,0.5,,
"H3","BLR","280300","Belarus","LKA","Sri Lanka","Export",6,,,378.6,,
"H3","BLR","280300","Belarus","LTU","Lithuania","Export",6,35,,,,
"H3","BLR","280300","Belarus","MYS","Malaysia","Export",6,,,430.9,,
"H3","BLR","280300","Belarus","NLD","Netherlands","Import",5,494.1,235.1,186.7,,
"H3","BLR","280300","Belarus","PHL","Philippines","Export",6,,170.5,404.3,,
"H3","BLR","280300","Belarus","POL","Poland","Export",6,50,2307.6,11253,,
"H3","BLR","280300","Belarus","POL","Poland","Import",5,,,0.2,,
"H3","BLR","280300","Belarus","ROM","Romania","Export",6,,152.8,317.7,,
"H3","BLR","280300","Belarus","RUS","Russian Federation","Export",6,70.9,314.2,214.3,,
"H3","BLR","280300","Belarus","RUS","Russian Federation","Import",5,26249.2,17354.2,24880.3,,
"H3","BLR","280300","Belarus","SER","Serbia, FR(Serbia/Montenegro)","Export",6,,92.5,,,
"H3","BLR","280300","Belarus","SGP","Singapore","Export",6,,137.1,197.4,,
"H3","BLR","280300","Belarus","TUN","Tunisia","Export",6,,58.6,170.1,,
"H3","BLR","280300","Belarus","TUR","Turkey","Export",6,,2096.4,19220.4,,
"H3","BLR","280300","Belarus","UKR","Ukraine","Export",6,28.3,478,456,,
"H3","BLR","280300","Belarus","UKR","Ukraine","Import",5,3076.1,706.6,1123.8,,
"H3","BLR","280300","Belarus","USA","United States","Import",5,,2.9,8.9,,
"H3","BLR","280300","Belarus","VNM","Vietnam","Export",6,,,572.3,,
"H3","BLR","280300","Belarus","WLD"," World","Export",6,242.1,7095.4,45938.4,,
"H3","BLR","280300","Belarus","WLD"," World","Import",5,30166.4,18613.8,26903,,
"H3","BLZ","280300","Belize","CHN","China","Import",5,,,,1.676,
"H3","BLZ","280300","Belize","MEX","Mexico","Import",5,,0.163,,4.315,0.491
"H3","BLZ","280300","Belize","USA","United States","Import",5,0.638,,10.867,,
"H3","BLZ","280300","Belize","WLD"," World","Import",5,0.638,0.163,10.867,5.991,0.491
"H3","BMU","280300","Bermuda","USA","United States","Import",5,,0.12,0.017,,
"H3","BMU","280300","Bermuda","WLD"," World","Import",5,,0.12,0.017,,
"H3","BOL","280300","Bolivia","ARG","Argentina","Import",5,23.404,3.832,33.985,13.876,1.894
"H3","BOL","280300","Bolivia","BRA","Brazil","Import",5,42.391,18.227,96.514,8.921,31.868
"H3","BOL","280300","Bolivia","CHN","China","Import",5,28.483,4.064,0.23,135.329,65.382
"H3","BOL","280300","Bolivia","COL","Colombia","Import",5,,4.381,7.181,7.809,1.154
"H3","BOL","280300","Bolivia","DEU","Germany","Import",5,122.055,61.578,266.698,148.815,
"H3","BOL","280300","Bolivia","HKG","Hong Kong, China","Import",5,,,,,1.845
"H3","BOL","280300","Bolivia","IND","India","Import",5,,,,,4.759
"H3","BOL","280300","Bolivia","KOR","Korea, Rep.","Import",5,,22.208,,,
"H3","BOL","280300","Bolivia","PER","Peru","Import",5,,1.182,1.292,,0.119
"H3","BOL","280300","Bolivia","RUS","Russian Federation","Import",5,,,,0.063,
"H3","BOL","280300","Bolivia","USA","United States","Import",5,26.842,52.048,121.607,87.985,157.446
"H3","BOL","280300","Bolivia","VEN","Venezuela","Import",5,,,0.656,,4.791
"H3","BOL","280300","Bolivia","WLD"," World","Import",5,243.175,167.522,528.162,402.798,269.258
"H3","BRA","280300","Brazil","ARE","United Arab Emirates","Import",5,31.533,282.72,110.548,49.209,56.48
"H3","BRA","280300","Brazil","ARG","Argentina","Export",6,2323.418,4987.837,3362.403,1697.904,7091.182
"H3","BRA","280300","Brazil","ARG","Argentina","Import",5,14118.323,13597.224,20860.474,35026.073,19627.893
"H3","BRA","280300","Brazil","AUS","Australia","Import",5,,,1.564,,2.656
"H3","BRA","280300","Brazil","AUT","Austria","Import",5,52.097,23.754,92.341,,
"H3","BRA","280300","Brazil","BEL","Belgium","Export",6,232.335,77.391,83.725,403.018,425.062
"H3","BRA","280300","Brazil","BEL","Belgium","Import",5,14.274,119.285,69.809,0.664,79.097
"H3","BRA","280300","Brazil","BHS","Bahamas, The","Export",6,,0.704,0.384,0.442,
"H3","BRA","280300","Brazil","BIH","Bosnia and Herzegovina","Export",6,,,,,0.395
"H3","BRA","280300","Brazil","BLZ","Belize","Export",6,0.315,,,,0.496
"H3","BRA","280300","Brazil","BOL","Bolivia","Export",6,39.788,11.088,76.018,5.9,25.152
"H3","BRA","280300","Brazil","BRA","Brazil","Import",5,0,0,,0,
"H3","BRA","280300","Brazil","BRB","Barbados","Export",6,,,0.567,,
"H3","BRA","280300","Brazil","CAN","Canada","Export",6,5.759,0.732,,1.834,
"H3","BRA","280300","Brazil","CAN","Canada","Import",5,724.322,559.347,1294.627,1440.655,1718.147
"H3","BRA","280300","Brazil","CHE","Switzerland","Import",5,81.081,,33.697,29.445,107.186
"H3","BRA","280300","Brazil","CHL","Chile","Export",6,235.579,324.25,1827.558,382.834,698.409
"H3","BRA","280300","Brazil","CHN","China","Export",6,2.485,,3.643,23.036,0.001
"H3","BRA","280300","Brazil","CHN","China","Import",5,232.709,204.463,1844.769,2863.55,1906.211
"H3","BRA","280300","Brazil","COL","Colombia","Export",6,1288.43,801.698,1042.284,1763.816,1420.178
"H3","BRA","280300","Brazil","COL","Colombia","Import",5,9869.281,11606.064,17793.167,35894.028,36511.205
"H3","BRA","280300","Brazil","CRI","Costa Rica","Export",6,,,,34.466,2.669
"H3","BRA","280300","Brazil","CYP","Cyprus","Export",6,,,,0.787,0.674
"H3","BRA","280300","Brazil","CZE","Czech Republic","Import",5,166.744,21.189,1791.123,1373.107,233.4
"H3","BRA","280300","Brazil","DEU","Germany","Export",6,6.912,,4.088,84.403,12.464
"H3","BRA","280300","Brazil","DEU","Germany","Import",5,2591.331,3417.734,4725.452,6943.324,8460.982
"H3","BRA","280300","Brazil","DNK","Denmark","Export",6,,0.239,,1.135,
"H3","BRA","280300","Brazil","DOM","Dominican Republic","Export",6,,,,6.2,8.091
"H3","BRA","280300","Brazil","ECU","Ecuador","Export",6,41.815,19.47,17.717,258.558,24.605
"H3","BRA","280300","Brazil","ECU","Ecuador","Import",5,6.579,,,3.377,
"H3","BRA","280300","Brazil","EGY","Egypt, Arab Rep.","Import",5,,,2474.12,7637.684,338.209
"H3","BRA","280300","Brazil","ESP","Spain","Export",6,,,,,0.013
"H3","BRA","280300","Brazil","ESP","Spain","Import",5,1.262,,,21.614,12.662
"H3","BRA","280300","Brazil","ETH","Ethiopia(excludes Eritrea)","Export",6,,,,,20.433
"H3","BRA","280300","Brazil","FRA","France","Export",6,,4.247,0.028,,0.088
"H3","BRA","280300","Brazil","FRA","France","Import",5,531.313,793.447,3074.561,6914.608,3601.54
"H3","BRA","280300","Brazil","GBR","United Kingdom","Export",6,,,0.236,,0.036
"H3","BRA","280300","Brazil","GBR","United Kingdom","Import",5,74.845,82.101,66.179,79.551,71.63
"H3","BRA","280300","Brazil","GHA","Ghana","Export",6,,,,14.854,
"H3","BRA","280300","Brazil","GIB","Gibraltar","Export",6,,0.81,,,
"H3","BRA","280300","Brazil","GRC","Greece","Export",6,0.637,0.476,0.565,1.047,
"H3","BRA","280300","Brazil","GTM","Guatemala","Export",6,,,0.172,0.179,0.093
"H3","BRA","280300","Brazil","HKG","Hong Kong, China","Export",6,,,,0.632,
"H3","BRA","280300","Brazil","HUN","Hungary","Import",5,,46.647,,,
"H3","BRA","280300","Brazil","IDN","Indonesia","Export",6,,,15.427,,
"H3","BRA","280300","Brazil","IDN","Indonesia","Import",5,,,2.606,,
"H3","BRA","280300","Brazil","IND","India","Export",6,1.271,2.507,1.41,0.167,0.071
"H3","BRA","280300","Brazil","IND","India","Import",5,93.297,241.46,313.545,3441.77,2725.773
"H3","BRA","280300","Brazil","ITA","Italy","Export",6,1416.592,,,,343.982
"H3","BRA","280300","Brazil","ITA","Italy","Import",5,337.485,254.682,323.811,1583.977,865.496
"H3","BRA","280300","Brazil","JPN","Japan","Export",6,,0.446,0.001,0.538,
"H3","BRA","280300","Brazil","JPN","Japan","Import",5,1857.161,1082.318,2551.764,3410.22,1994.584
"H3","BRA","280300","Brazil","KOR","Korea, Rep.","Export",6,0.177,,,,
"H3","BRA","280300","Brazil","KOR","Korea, Rep.","Import",5,587.675,570.434,1293.368,982.651,1094.845
"H3","BRA","280300","Brazil","LAO","Lao PDR","Export",6,,0.617,,,
"H3","BRA","280300","Brazil","LBR","Liberia","Export",6,2.938,,0.391,1.871,1.413
"H3","BRA","280300","Brazil","LUX","Luxembourg","Export",6,,76.231,289.584,2.217,92.042
"H3","BRA","280300","Brazil","LUX","Luxembourg","Import",5,0.58,,0.748,0.626,0.501
"H3","BRA","280300","Brazil","LVA","Latvia","Import",5,,,,0.949,3.72
"H3","BRA","280300","Brazil","MEX","Mexico","Export",6,46.621,4.594,12.681,1635.28,4419.775
"H3","BRA","280300","Brazil","MEX","Mexico","Import",5,9327.414,5562.133,10083.87,11951.046,9582.286
"H3","BRA","280300","Brazil","MHL","Marshall Islands","Export",6,1.562,,0.643,2.137,1.291
"H3","BRA","280300","Brazil","MLT","Malta","Export",6,,0.75,0.331,1.283,0.92
"H3","BRA","280300","Brazil","MNT","Montenegro","Export",6,,,,32.921,
"H3","BRA","280300","Brazil","MYS","Malaysia","Import",5,,67.373,,,
"H3","BRA","280300","Brazil","NLD","Netherlands","Export",6,20.788,,,0.21,
"H3","BRA","280300","Brazil","NLD","Netherlands","Import",5,1366.608,1991.186,2044.472,1662.618,1364.935
"H3","BRA","280300","Brazil","NOR","Norway","Export",6,0.209,,,,
"H3","BRA","280300","Brazil","NPL","Nepal","Export",6,,,,2.75,
"H3","BRA","280300","Brazil","OAS","Other Asia, nes","Import",5,,,,47.116,
"H3","BRA","280300","Brazil","PAK","Pakistan","Export",6,,,,3.948,
"H3","BRA","280300","Brazil","PAN","Panama","Export",6,0.618,0.255,0.236,0.885,3.729
"H3","BRA","280300","Brazil","PER","Peru","Export",6,0.101,,35.122,28.163,1.197
"H3","BRA","280300","Brazil","POL","Poland","Export",6,73.485,,,,
"H3","BRA","280300","Brazil","PRT","Portugal","Export",6,7.12,,,,0.255
"H3","BRA","280300","Brazil","PRT","Portugal","Import",5,0.249,0.457,0.312,0.325,0.223
"H3","BRA","280300","Brazil","PRY","Paraguay","Export",6,167.239,160.995,282.374,404.265,407.607
"H3","BRA","280300","Brazil","QAT","Qatar","Export",6,,1.98,,,
"H3","BRA","280300","Brazil","RUS","Russian Federation","Import",5,99.217,256.748,1207.83,1056.217,500.397
"H3","BRA","280300","Brazil","SAU","Saudi Arabia","Import",5,,36.101,551.871,1022.653,937.434
"H3","BRA","280300","Brazil","SGP","Singapore","Export",6,0.2,,,0.63,
"H3","BRA","280300","Brazil","SGP","Singapore","Import",5,563.445,321.478,717.244,752.742,637.874
"H3","BRA","280300","Brazil","SWE","Sweden","Export",6,,,,0.535,
"H3","BRA","280300","Brazil","SWE","Sweden","Import",5,1104.555,5.059,5.724,58.151,13.449
"H3","BRA","280300","Brazil","THA","Thailand","Import",5,2.565,440.901,132.702,,5.059
"H3","BRA","280300","Brazil","TKM","Turkmenistan","Import",5,,6.442,,,26.371
"H3","BRA","280300","Brazil","TUR","Turkey","Export",6,,,,,0.044
"H3","BRA","280300","Brazil","TUR","Turkey","Import",5,,33.873,,,137.934
"H3","BRA","280300","Brazil","URY","Uruguay","Export",6,40.646,0.095,15.706,79.233,111.459
"H3","BRA","280300","Brazil","URY","Uruguay","Import",5,0.007,,,,
"H3","BRA","280300","Brazil","USA","United States","Export",6,204.62,6.064,106.646,1454.997,1932.616
"H3","BRA","280300","Brazil","USA","United States","Import",5,6242.987,5339.242,7868.051,11454.583,8374.01
"H3","BRA","280300","Brazil","VCT","St. Vincent and the Grenadines","Export",6,,,0.346,,
"H3","BRA","280300","Brazil","VEN","Venezuela","Export",6,15.65,,,,
"H3","BRA","280300","Brazil","VEN","Venezuela","Import",5,232.445,2192.749,5611.312,8248.714,10377.4
"H3","BRA","280300","Brazil","VNM","Vietnam","Export",6,,,0.732,,
"H3","BRA","280300","Brazil","WLD"," World","Export",6,6177.31,6484.845,7181.018,8333.075,17046.447
"H3","BRA","280300","Brazil","WLD"," World","Import",5,50311.384,49156.611,86941.661,143951.247,111369.589
"H3","BRA","280300","Brazil","ZAF","South Africa","Export",6,,1.369,,,0.005
"H3","BRB","280300","Barbados","CHN","China","Import",5,,,,0.026,
"H3","BRB","280300","Barbados","GBR","United Kingdom","Import",5,0.118,,,,
"H3","BRB","280300","Barbados","USA","United States","Import",5,,1.107,0.407,,56.413
"H3","BRB","280300","Barbados","WLD"," World","Import",5,0.118,1.107,0.407,0.026,56.413
"H3","BRN","280300","Brunei","CAN","Canada","Import",5,,,,0.372,
"H3","BRN","280300","Brunei","CHN","China","Import",5,0.342,,,,
"H3","BRN","280300","Brunei","IND","India","Import",5,,,,,0.004
"H3","BRN","280300","Brunei","MYS","Malaysia","Import",5,11.31,,0.036,,0.021
"H3","BRN","280300","Brunei","USA","United States","Import",5,,,0.074,,
"H3","BRN","280300","Brunei","WLD"," World","Import",5,11.652,,0.11,0.372,0.025
"H3","BTN","280300","Bhutan","IND","India","Import",5,0.635,0.486,,0.722,0.282
"H3","BTN","280300","Bhutan","WLD"," World","Import",5,0.635,0.486,,0.722,0.282
"H3","BWA","280300","Botswana","CHN","China","Import",5,0.519,0.151,,,0.02
"H3","BWA","280300","Botswana","DEU","Germany","Import",5,,,0.077,,
"H3","BWA","280300","Botswana","GBR","United Kingdom","Import",5,,,3.162,,
"H3","BWA","280300","Botswana","IND","India","Import",5,,,0.017,0.006,0.023
"H3","BWA","280300","Botswana","WLD"," World","Export",6,0.114,0.515,0.123,0.001,0.001
"H3","BWA","280300","Botswana","WLD"," World","Import",5,65.723,2.375,15.776,3.822,3.116
"H3","BWA","280300","Botswana","ZAF","South Africa","Export",6,0.114,,,0.001,0.001
"H3","BWA","280300","Botswana","ZAF","South Africa","Import",5,65.204,2.225,12.52,3.816,3.073
"H3","BWA","280300","Botswana","ZWE","Zimbabwe","Export",6,,0.515,0.123,,
"H3","CAF","280300","Central African Republic","CMR","Cameroon","Import",5,20.455,,,,
"H3","CAF","280300","Central African Republic","WLD"," World","Import",5,20.455,,,,
"H3","CAN","280300","Canada","ARE","United Arab Emirates","Export",6,33.859,,,,
"H3","CAN","280300","Canada","ARE","United Arab Emirates","Import",5,35.975,,,,
"H3","CAN","280300","Canada","ARG","Argentina","Export",6,176.29,132.851,324.37,252.279,412.597
"H3","CAN","280300","Canada","AUS","Australia","Export",6,1.712,6.145,19.239,26.778,3.096
"H3","CAN","280300","Canada","AUS","Australia","Import",5,0.011,0.011,0.008,0.116,0.014
"H3","CAN","280300","Canada","AUT","Austria","Export",6,1437.091,1551.429,1689.902,1436.13,1058.825
"H3","CAN","280300","Canada","BEL","Belgium","Export",6,5299.152,6298.265,8274.52,6656.865,4434.702
"H3","CAN","280300","Canada","BEL","Belgium","Import",5,3.608,27.526,69.205,39.872,221.016
"H3","CAN","280300","Canada","BRA","Brazil","Export",6,751.38,757.859,1282.54,978.701,1651.106
"H3","CAN","280300","Canada","BRA","Brazil","Import",5,6.079,21.328,,1.83,86.738
"H3","CAN","280300","Canada","CAN","Canada","Import",5,0,0,0,0,0
"H3","CAN","280300","Canada","CHE","Switzerland","Export",6,66.193,82.047,99.16,1.88,
"H3","CAN","280300","Canada","CHE","Switzerland","Import",5,,0.001,,,
"H3","CAN","280300","Canada","CHL","Chile","Export",6,,,15.324,47.945,5.43
"H3","CAN","280300","Canada","CHL","Chile","Import",5,,,0.108,,
"H3","CAN","280300","Canada","CHN","China","Export",6,6391.762,9540.123,12321.574,13179.488,8876.396
"H3","CAN","280300","Canada","CHN","China","Import",5,170.118,439.313,663.883,19211.066,3636.222
"H3","CAN","280300","Canada","COL","Colombia","Export",6,,77.445,24.551,45.338,7.378
"H3","CAN","280300","Canada","COL","Colombia","Import",5,1928.48,32.596,79.187,33.777,28.566
"H3","CAN","280300","Canada","CRI","Costa Rica","Export",6,142.548,222.502,144.987,126.549,556.144
"H3","CAN","280300","Canada","CZE","Czech Republic","Export",6,34.782,,,,
"H3","CAN","280300","Canada","CZE","Czech Republic","Import",5,56.005,40.159,110.272,85.554,50.575
"H3","CAN","280300","Canada","DEU","Germany","Export",6,96.947,244.312,365.071,2926.634,4884.239
"H3","CAN","280300","Canada","DEU","Germany","Import",5,692.768,300.509,398.557,799.919,314.055
"H3","CAN","280300","Canada","DNK","Denmark","Export",6,213.524,98.163,153.102,192.789,170.5
"H3","CAN","280300","Canada","DNK","Denmark","Import",5,,,1.465,38.035,20.5
"H3","CAN","280300","Canada","ECU","Ecuador","Export",6,,,98.219,,
"H3","CAN","280300","Canada","EGY","Egypt, Arab Rep.","Import",5,,,,1360.772,501.071
"H3","CAN","280300","Canada","ESP","Spain","Export",6,428.443,828.311,888.607,952.569,1026.084
"H3","CAN","280300","Canada","ESP","Spain","Import",5,22.445,1.718,0.015,45.857,0.001
"H3","CAN","280300","Canada","EST","Estonia","Import",5,,,0.001,,
"H3","CAN","280300","Canada","FIN","Finland","Export",6,,119.445,966.8,751.913,
"H3","CAN","280300","Canada","FRA","France","Export",6,2223.483,2364.084,3167.267,3100.335,3110.897
"H3","CAN","280300","Canada","FRA","France","Import",5,107.344,162.915,194.182,206.67,113.198
"H3","CAN","280300","Canada","GBR","United Kingdom","Export",6,2774.605,2969.206,3829.922,3626.036,3738.16
"H3","CAN","280300","Canada","GBR","United Kingdom","Import",5,12.251,9.211,19.984,3.812,88.606
"H3","CAN","280300","Canada","GEO","Georgia","Import",5,,,,,41.132
"H3","CAN","280300","Canada","GRC","Greece","Export",6,,,,1.909,3.848
"H3","CAN","280300","Canada","GUY","Guyana","Import",5,,0.026,,,
"H3","CAN","280300","Canada","HKG","Hong Kong, China","Export",6,660.093,5.288,4.961,,2.366
"H3","CAN","280300","Canada","HND","Honduras","Import",5,,,0.037,0.012,
"H3","CAN","280300","Canada","HUN","Hungary","Export",6,4.27,,,,
"H3","CAN","280300","Canada","HUN","Hungary","Import",5,74.58,,,236.318,
"H3","CAN","280300","Canada","IDN","Indonesia","Export",6,394.832,327.236,574.052,664.544,485.827
"H3","CAN","280300","Canada","IND","India","Export",6,1532.017,1410.66,1979.874,2259.976,3990.54
"H3","CAN","280300","Canada","IND","India","Import",5,507.974,584.71,929.868,1719.659,1591.72
"H3","CAN","280300","Canada","IOT","British Indian Ocean Ter.","Export",6,,20.01,,,
"H3","CAN","280300","Canada","IRL","Ireland","Export",6,12.953,19.661,24.939,,6.583
"H3","CAN","280300","Canada","IRN","Iran, Islamic Rep.","Import",5,0.483,,,,
"H3","CAN","280300","Canada","ISR","Israel","Export",6,50.162,48.384,101.433,102.384,110.1
"H3","CAN","280300","Canada","ISR","Israel","Import",5,,0.019,,2.997,0.099
"H3","CAN","280300","Canada","ITA","Italy","Export",6,2293.676,2732.473,3550.332,3869.846,4104.608
"H3","CAN","280300","Canada","ITA","Italy","Import",5,130.963,245.554,74.103,52.753,7.546
"H3","CAN","280300","Canada","JPN","Japan","Export",6,4381.094,3790.774,4349.659,3918.434,4463.886
"H3","CAN","280300","Canada","JPN","Japan","Import",5,266.148,224.337,213.109,249.14,14.608
"H3","CAN","280300","Canada","KAZ","Kazakhstan","Export",6,,,0.176,,
"H3","CAN","280300","Canada","KAZ","Kazakhstan","Import",5,,,,0.12,
"H3","CAN","280300","Canada","KOR","Korea, Rep.","Export",6,4183.928,4752.004,5615.499,5626.903,6812.199
"H3","CAN","280300","Canada","KOR","Korea, Rep.","Import",5,16.113,17.748,33.235,422.913,26.911
"H3","CAN","280300","Canada","LAO","Lao PDR","Import",5,29.39,,,,
"H3","CAN","280300","Canada","LKA","Sri Lanka","Import",5,0.861,,,,
"H3","CAN","280300","Canada","MEX","Mexico","Export",6,309.034,76.007,59.79,,0.201
"H3","CAN","280300","Canada","MEX","Mexico","Import",5,692.617,,14.463,6.452,7.866
"H3","CAN","280300","Canada","MYS","Malaysia","Export",6,396.652,260.416,469.588,425.523,588.235
"H3","CAN","280300","Canada","NLD","Netherlands","Export",6,147.963,296.111,304.492,77.342,222.734
"H3","CAN","280300","Canada","NLD","Netherlands","Import",5,2.126,7.356,552.556,923.172,523.201
"H3","CAN","280300","Canada","NOR","Norway","Export",6,170.199,384.847,307.849,1206.683,2183.25
"H3","CAN","280300","Canada","NOR","Norway","Import",5,2.921,0.225,0.203,0.226,
"H3","CAN","280300","Canada","NZL","New Zealand","Export",6,3.039,1.81,,,5.344
"H3","CAN","280300","Canada","OAS","Other Asia, nes","Export",6,2346.099,2603.84,2904.048,2936.632,1561.473
"H3","CAN","280300","Canada","OAS","Other Asia, nes","Import",5,,0.192,,0.275,
"H3","CAN","280300","Canada","PAK","Pakistan","Export",6,,,,12.516,
"H3","CAN","280300","Canada","PHL","Philippines","Export",6,,20.13,,,22.52
"H3","CAN","280300","Canada","POL","Poland","Export",6,211.713,134.748,306.596,552.179,812.039
"H3","CAN","280300","Canada","POL","Poland","Import",5,0.173,0.105,,,
"H3","CAN","280300","Canada","PRT","Portugal","Export",6,,,,,1.754
"H3","CAN","280300","Canada","ROM","Romania","Export",6,7.152,5.307,,,3.322
"H3","CAN","280300","Canada","ROM","Romania","Import",5,,,,129.531,
"H3","CAN","280300","Canada","RUS","Russian Federation","Import",5,11171.199,5500.317,11615.757,6797.422,89.539
"H3","CAN","280300","Canada","SAU","Saudi Arabia","Export",6,,37.782,,,
"H3","CAN","280300","Canada","SER","Serbia, FR(Serbia/Montenegro)","Export",6,,37.076,,,
"H3","CAN","280300","Canada","SGP","Singapore","Export",6,1287.134,1140.34,1753.155,1978.556,868.743
"H3","CAN","280300","Canada","SGP","Singapore","Import",5,0.001,,0.025,0.051,
"H3","CAN","280300","Canada","SVN","Slovenia","Export",6,,,61.588,,415.514
"H3","CAN","280300","Canada","SWE","Sweden","Export",6,,,29.437,150.75,319.266
"H3","CAN","280300","Canada","SWE","Sweden","Import",5,,,,,0.005
"H3","CAN","280300","Canada","TCD","Chad","Export",6,,,1.186,,
"H3","CAN","280300","Canada","THA","Thailand","Export",6,2071.442,1636.929,2882.537,2637.469,2364.757
"H3","CAN","280300","Canada","THA","Thailand","Import",5,2.279,33.629,66.136,0.111,0.236
"H3","CAN","280300","Canada","TKM","Turkmenistan","Import",5,4.833,0.965,3.6,107.246,7.177
"H3","CAN","280300","Canada","TUR","Turkey","Export",6,163.377,534.935,562.475,423.351,485.22
"H3","CAN","280300","Canada","TUR","Turkey","Import",5,0.11,,,,0.441
"H3","CAN","280300","Canada","UMI","United States Minor Outlying I","Import",5,,,70.709,,
"H3","CAN","280300","Canada","USA","United States","Export",6,151137.888,111238.262,158572.213,211319.886,220214.298
"H3","CAN","280300","Canada","USA","United States","Import",5,80531.132,48463.167,64595.059,100875.433,105907.683
"H3","CAN","280300","Canada","VEN","Venezuela","Export",6,,,,105.336,
"H3","CAN","280300","Canada","VEN","Venezuela","Import",5,,,20.83,,198.588
"H3","CAN","280300","Canada","VNM","Vietnam","Export",6,460.418,372.016,660.267,441.099,229.522
"H3","CAN","280300","Canada","VNM","Vietnam","Import",5,,,,0.005,
"H3","CAN","280300","Canada","WLD"," World","Export",6,192348.39,157179.233,218741.303,273045.267,280217.916
"H3","CAN","280300","Canada","WLD"," World","Import",5,96468.988,56113.638,79734.922,133351.116,113477.314
"H3","CAN","280300","Canada","ZAF","South Africa","Export",6,51.486,,,31.719,4.213
"H3","CAN","280300","Canada","ZAF","South Africa","Import",5,,,8.364,,
"H3","CHE","280300","Switzerland","AUT","Austria","Export",6,,,,,0.011
"H3","CHE","280300","Switzerland","AUT","Austria","Import",5,424.248,163.499,40.301,17.306,1.417
"H3","CHE","280300","Switzerland","BEL","Belgium","Export",6,12.981,0.586,,3.125,10.433
"H3","CHE","280300","Switzerland","BEL","Belgium","Import",5,418.356,503.295,1273.55,2056.127,1175.822
"H3","CHE","280300","Switzerland","BGD","Bangladesh","Export",6,,,,0.005,
"H3","CHE","280300","Switzerland","BLR","Belarus","Import",5,,,,36.517,
"H3","CHE","280300","Switzerland","BRA","Brazil","Export",6,,,1.031,0.083,
"H3","CHE","280300","Switzerland","BRA","Brazil","Import",5,,0.021,,,
"H3","CHE","280300","Switzerland","CAN","Canada","Export",6,0.604,,0.184,,
"H3","CHE","280300","Switzerland","CAN","Canada","Import",5,86.413,222.18,429.174,102.81,51.858
"H3","CHE","280300","Switzerland","CHN","China","Export",6,32.379,37.036,24.883,18.9,58.777
"H3","CHE","280300","Switzerland","CHN","China","Import",5,152.804,122.937,411.259,135.279,131.641
"H3","CHE","280300","Switzerland","CZE","Czech Republic","Export",6,21.049,13.073,14.564,,
"H3","CHE","280300","Switzerland","CZE","Czech Republic","Import",5,95.688,96.945,315.394,742.296,631.473
"H3","CHE","280300","Switzerland","DEU","Germany","Export",6,238.165,83.758,39.777,108.336,121.507
"H3","CHE","280300","Switzerland","DEU","Germany","Import",5,10678.825,8889.966,12023.749,17031.908,16534.476
"H3","CHE","280300","Switzerland","DNK","Denmark","Import",5,13.96,,6.128,13.964,5.548
"H3","CHE","280300","Switzerland","ESP","Spain","Export",6,28.031,1.812,3.076,2.165,3.187
"H3","CHE","280300","Switzerland","ESP","Spain","Import",5,22.071,79.654,128.365,207.651,131.929
"H3","CHE","280300","Switzerland","FIN","Finland","Export",6,,,,,0.306
"H3","CHE","280300","Switzerland","FIN","Finland","Import",5,,,,,0.384
"H3","CHE","280300","Switzerland","FRA","France","Export",6,131.354,2.05,2.442,151.122,2.806
"H3","CHE","280300","Switzerland","FRA","France","Import",5,409.266,350.279,951.928,590.238,1199.84
"H3","CHE","280300","Switzerland","GBR","United Kingdom","Export",6,19.406,17.716,6.441,21.718,28.261
"H3","CHE","280300","Switzerland","GBR","United Kingdom","Import",5,1.099,10.8,8.542,1.954,6.307
"H3","CHE","280300","Switzerland","HKG","Hong Kong, China","Export",6,,0.051,,,
"H3","CHE","280300","Switzerland","HKG","Hong Kong, China","Import",5,0.016,1.621,,,
"H3","CHE","280300","Switzerland","HRV","Croatia","Export",6,,,,0.226,
"H3","CHE","280300","Switzerland","HRV","Croatia","Import",5,,,,3.398,
"H3","CHE","280300","Switzerland","HUN","Hungary","Import",5,,,4.808,0.021,
"H3","CHE","280300","Switzerland","IND","India","Export",6,65.668,43.69,51.027,23.147,129.175
"H3","CHE","280300","Switzerland","IND","India","Import",5,0.328,0.712,1.524,8.748,0.045
"H3","CHE","280300","Switzerland","IRL","Ireland","Export",6,0.001,,,,
"H3","CHE","280300","Switzerland","IRN","Iran, Islamic Rep.","Import",5,,,,0.74,0.521
"H3","CHE","280300","Switzerland","ISR","Israel","Export",6,0.294,,,,
"H3","CHE","280300","Switzerland","ITA","Italy","Export",6,36.77,13.37,1.52,126.79,3.727
"H3","CHE","280300","Switzerland","ITA","Italy","Import",5,1946.311,1315.871,1298.931,2641.006,2143.059
"H3","CHE","280300","Switzerland","JPN","Japan","Export",6,,,1.457,0.03,0.001
"H3","CHE","280300","Switzerland","JPN","Japan","Import",5,167.082,127.774,1428.706,629.005,339.884
"H3","CHE","280300","Switzerland","KOR","Korea, Rep.","Import",5,28.194,2.819,,147.379,76.93
"H3","CHE","280300","Switzerland","LUX","Luxembourg","Export",6,1.38,,,,
"H3","CHE","280300","Switzerland","LUX","Luxembourg","Import",5,2.259,,,,
"H3","CHE","280300","Switzerland","MEX","Mexico","Export",6,1.712,,21.14,43.66,1.515
"H3","CHE","280300","Switzerland","MEX","Mexico","Import",5,,,12.239,,
"H3","CHE","280300","Switzerland","MLT","Malta","Export",6,2.719,,,,
"H3","CHE","280300","Switzerland","MYS","Malaysia","Export",6,,,9.261,2.472,
"H3","CHE","280300","Switzerland","MYS","Malaysia","Import",5,,0.713,,,
"H3","CHE","280300","Switzerland","NLD","Netherlands","Export",6,31.394,,0.711,1.149,
"H3","CHE","280300","Switzerland","NLD","Netherlands","Import",5,4453.705,4179.104,5278.326,4484.406,2844.848
"H3","CHE","280300","Switzerland","OAS","Other Asia, nes","Export",6,4.323,3.999,7.277,8.65,11.64
"H3","CHE","280300","Switzerland","OAS","Other Asia, nes","Import",5,,,,,0.004
"H3","CHE","280300","Switzerland","PAK","Pakistan","Export",6,1.433,1.898,1.948,,1.98
"H3","CHE","280300","Switzerland","PHL","Philippines","Import",5,16.377,21.115,35.291,38.979,
"H3","CHE","280300","Switzerland","POL","Poland","Export",6,44.135,34.855,67.664,79.796,95.449
"H3","CHE","280300","Switzerland","POL","Poland","Import",5,,,5.147,2.635,0.123
"H3","CHE","280300","Switzerland","PRT","Portugal","Import",5,,,30.065,,
"H3","CHE","280300","Switzerland","ROM","Romania","Export",6,2.023,,2.915,,36.428
"H3","CHE","280300","Switzerland","ROM","Romania","Import",5,,,,,0.342
"H3","CHE","280300","Switzerland","RUS","Russian Federation","Import",5,45.416,27,86.105,98.877,16.159
"H3","CHE","280300","Switzerland","SAU","Saudi Arabia","Import",5,1.351,,,,
"H3","CHE","280300","Switzerland","SGP","Singapore","Export",6,,0.02,,,
"H3","CHE","280300","Switzerland","SGP","Singapore","Import",5,0.379,5.799,109.745,2403.623,1365.937
"H3","CHE","280300","Switzerland","SVK","Slovak Republic","Export",6,,7.667,,0.354,
"H3","CHE","280300","Switzerland","SVN","Slovenia","Export",6,,,,,1.222
"H3","CHE","280300","Switzerland","SVN","Slovenia","Import",5,0.126,4.541,,0.382,
"H3","CHE","280300","Switzerland","SWE","Sweden","Export",6,16.556,,1.915,,0.188
"H3","CHE","280300","Switzerland","SWE","Sweden","Import",5,1.634,,0.368,29.811,2.635
"H3","CHE","280300","Switzerland","THA","Thailand","Export",6,,,,0.415,
"H3","CHE","280300","Switzerland","THA","Thailand","Import",5,,,,3.203,
"H3","CHE","280300","Switzerland","TKM","Turkmenistan","Import",5,7.967,0.51,7.801,7.653,1.125
"H3","CHE","280300","Switzerland","TUN","Tunisia","Export",6,,,,,0.384
"H3","CHE","280300","Switzerland","TUR","Turkey","Import",5,0.183,60.75,85.678,32.103,142.516
"H3","CHE","280300","Switzerland","USA","United States","Export",6,393.095,403.445,721.779,1295.603,2006.278
"H3","CHE","280300","Switzerland","USA","United States","Import",5,1456.777,1587.583,1510.201,2632.291,2517.136
"H3","CHE","280300","Switzerland","VEN","Venezuela","Import",5,,,,14.256,43.003
"H3","CHE","280300","Switzerland","VNM","Vietnam","Export",6,0.015,0.065,,,
"H3","CHE","280300","Switzerland","WLD"," World","Export",6,1085.486,665.092,981.011,1887.744,2513.275
"H3","CHE","280300","Switzerland","WLD"," World","Import",5,20430.838,17775.488,25483.326,34114.567,29364.961
"H3","CHL","280300","Chile","AND","Andorra","Export",6,0.759,,,,
"H3","CHL","280300","Chile","ARG","Argentina","Export",6,,,,,60.809
"H3","CHL","280300","Chile","ARG","Argentina","Import",5,22012.803,16956.291,23400.451,33851.104,37069.37
"H3","CHL","280300","Chile","AUS","Australia","Import",5,,,,13.854,0.711
"H3","CHL","280300","Chile","BEL","Belgium","Import",5,,,,,0.315
"H3","CHL","280300","Chile","BOL","Bolivia","Export",6,6.282,3.624,5.874,3.737,
"H3","CHL","280300","Chile","BRA","Brazil","Export",6,,,,,1.456
"H3","CHL","280300","Chile","BRA","Brazil","Import",5,277.241,341.845,1965.067,538.125,767.593
"H3","CHL","280300","Chile","CAN","Canada","Import",5,,,15.925,51.961,3.554
"H3","CHL","280300","Chile","CHL","Chile","Import",5,,,,0,
"H3","CHL","280300","Chile","CHN","China","Import",5,2781.793,1821.053,3508.422,8064.756,4393.698
"H3","CHL","280300","Chile","COL","Colombia","Export",6,1.396,,,,
"H3","CHL","280300","Chile","COL","Colombia","Import",5,555.542,2193.711,4860.102,747.491,664.832
"H3","CHL","280300","Chile","CZE","Czech Republic","Import",5,,,,43.764,
"H3","CHL","280300","Chile","DEU","Germany","Import",5,166.91,205.796,253.043,268.448,276.432
"H3","CHL","280300","Chile","ECU","Ecuador","Export",6,1.66,,,0.725,0.63
"H3","CHL","280300","Chile","EGY","Egypt, Arab Rep.","Export",6,,,9.6,,
"H3","CHL","280300","Chile","ESP","Spain","Import",5,0.275,16.334,17.853,57.572,
"H3","CHL","280300","Chile","FRA","France","Import",5,1.347,0.111,15.968,26.765,11.056
"H3","CHL","280300","Chile","GBR","United Kingdom","Import",5,,,1.836,,
"H3","CHL","280300","Chile","IDN","Indonesia","Import",5,,,,0.109,
"H3","CHL","280300","Chile","IND","India","Import",5,,,115.058,146.82,172.435
"H3","CHL","280300","Chile","ITA","Italy","Import",5,0.037,,,,0.365
"H3","CHL","280300","Chile","JPN","Japan","Import",5,13.164,5.088,13.477,10.833,1.91
"H3","CHL","280300","Chile","KOR","Korea, Rep.","Import",5,88.741,122.344,147.724,253.793,63.275
"H3","CHL","280300","Chile","MEX","Mexico","Export",6,,,,214.492,
"H3","CHL","280300","Chile","MEX","Mexico","Import",5,,,294.414,110.6,
"H3","CHL","280300","Chile","NLD","Netherlands","Import",5,75.033,21.974,81.22,,26.318
"H3","CHL","280300","Chile","PER","Peru","Export",6,36.028,,31.294,212.711,45.424
"H3","CHL","280300","Chile","PER","Peru","Import",5,,,,0.207,0.129
"H3","CHL","280300","Chile","PRY","Paraguay","Export",6,0.048,,,,0.06
"H3","CHL","280300","Chile","RUS","Russian Federation","Import",5,,7.838,394.702,431.762,
"H3","CHL","280300","Chile","SLV","El Salvador","Export",6,,,,,13.017
"H3","CHL","280300","Chile","UNS","Unspecified","Import",5,0.363,,,0.479,0.39
"H3","CHL","280300","Chile","URY","Uruguay","Import",5,14.239,11.176,,,
"H3","CHL","280300","Chile","USA","United States","Import",5,262.48,227.175,76.848,275.706,62.089
"H3","CHL","280300","Chile","VEN","Venezuela","Import",5,,168.104,420.434,630.555,1219.197
"H3","CHL","280300","Chile","WLD"," World","Export",6,46.173,3.624,46.768,431.664,121.396
"H3","CHL","280300","Chile","WLD"," World","Import",5,26249.969,22098.838,35582.544,45524.835,44733.993
"H3","CHL","280300","Chile","ZAF","South Africa","Import",5,,,,0.128,0.326
"H3","CHN","280300","China","AGO","Angola","Export",6,49.95,1.009,,7.56,24.327
"H3","CHN","280300","China","ALB","Albania","Export",6,2.283,,5.409,,
"H3","CHN","280300","China","ALB","Albania","Import",5,,,,,1.83
"H3","CHN","280300","China","ARE","United Arab Emirates","Export",6,4109.25,2197.12,3475.338,4239.267,2810.225
"H3","CHN","280300","China","ARE","United Arab Emirates","Import",5,,30.147,,1298.75,976.65
"H3","CHN","280300","China","ARG","Argentina","Export",6,234.927,112.556,268.131,1447.243,304.104
"H3","CHN","280300","China","ARG","Argentina","Import",5,0.053,,,,
"H3","CHN","280300","China","AUS","Australia","Export",6,6907.608,5514.132,3745.37,5254.065,5497.194
"H3","CHN","280300","China","AUS","Australia","Import",5,9.239,,2.606,2.288,0.09
"H3","CHN","280300","China","AUT","Austria","Export",6,3.069,,7,38.066,190.892
"H3","CHN","280300","China","AUT","Austria","Import",5,,,0.015,,
"H3","CHN","280300","China","AZE","Azerbaijan","Export",6,,,,3,
"H3","CHN","280300","China","BDI","Burundi","Export",6,,,,,0.463
"H3","CHN","280300","China","BEL","Belgium","Export",6,1122.421,702.298,3000.697,6879.587,793.827
"H3","CHN","280300","China","BEL","Belgium","Import",5,35603.771,36720.566,62720.281,74435.864,88988.17
"H3","CHN","280300","China","BGD","Bangladesh","Export",6,2306.135,1294.078,4498.096,2494.739,1249.005
"H3","CHN","280300","China","BGR","Bulgaria","Export",6,,0.89,,,
"H3","CHN","280300","China","BHR","Bahrain","Export",6,3.669,10.124,2.913,9.503,15.918
"H3","CHN","280300","China","BLR","Belarus","Export",6,38.88,52.392,77.74,277.586,163.818
"H3","CHN","280300","China","BLR","Belarus","Import",5,,,,170.791,5731.183
"H3","CHN","280300","China","BOL","Bolivia","Export",6,14.236,,,77.602,137.655
"H3","CHN","280300","China","BRA","Brazil","Export",6,210.854,211.645,1957.273,1656.733,2604.445
"H3","CHN","280300","China","BRA","Brazil","Import",5,,,3.833,,
"H3","CHN","280300","China","BRN","Brunei","Export",6,,,,79.2,
"H3","CHN","280300","China","BWA","Botswana","Export",6,,0.1,,,
"H3","CHN","280300","China","CAN","Canada","Export",6,516.731,472.297,528.844,11240.832,2297.542
"H3","CHN","280300","China","CAN","Canada","Import",5,9298.315,8332.494,13955.134,15946.266,8482.481
"H3","CHN","280300","China","CHE","Switzerland","Export",6,3.419,0.966,0.07,2.162,8.124
"H3","CHN","280300","China","CHE","Switzerland","Import",5,688.657,479.574,729.209,654.52,577.164
"H3","CHN","280300","China","CHL","Chile","Export",6,2436.135,1588.995,3632.624,4381.6,3961.789
"H3","CHN","280300","China","CHN","China","Import",5,0,0,0,0,0
"H3","CHN","280300","China","CIV","Cote d'Ivoire","Export",6,79.389,57.422,347.986,325.999,356.099
"H3","CHN","280300","China","CMR","Cameroon","Export",6,,2.825,,0.49,34.34
"H3","CHN","280300","China","COG","Congo, Rep.","Export",6,,0.233,,4.836,21.708
"H3","CHN","280300","China","COL","Colombia","Export",6,562.486,316.444,500.701,493.689,423.782
"H3","CHN","280300","China","CRI","Costa Rica","Export",6,23.55,44.337,625.159,1065.1,382.77
"H3","CHN","280300","China","CZE","Czech Republic","Export",6,,0.32,,155.393,2.528
"H3","CHN","280300","China","CZE","Czech Republic","Import",5,3520.987,3789.386,5245.045,4089.478,4336.841
"H3","CHN","280300","China","DEU","Germany","Export",6,514.593,491.613,1511.815,69608.835,27840.09
"H3","CHN","280300","China","DEU","Germany","Import",5,23636.946,24058.441,32691.189,33131.087,27199.227
"H3","CHN","280300","China","DJI","Djibouti","Export",6,4.8,806.206,24.395,418.11,
"H3","CHN","280300","China","DMA","Dominica","Export",6,2.427,,3.151,,14.44
"H3","CHN","280300","China","DNK","Denmark","Export",6,246.522,246.12,264.722,390.636,287.075
"H3","CHN","280300","China","DNK","Denmark","Import",5,46.922,86.194,52.167,20.191,26.921
"H3","CHN","280300","China","DOM","Dominican Republic","Export",6,8.949,39.011,27.437,36.826,36.516
"H3","CHN","280300","China","DZA","Algeria","Export",6,72.038,67.986,103.143,301.46,123.362
"H3","CHN","280300","China","ECU","Ecuador","Export",6,93.417,671.315,545.259,6060.652,6342.394
"H3","CHN","280300","China","EGY","Egypt, Arab Rep.","Export",6,1392.337,1716.238,3019.021,1402.745,1628.038
"H3","CHN","280300","China","EGY","Egypt, Arab Rep.","Import",5,3.24,,50.157,,0.75
"H3","CHN","280300","China","ESP","Spain","Export",6,638.46,212.692,363.468,4385.6,818.819
"H3","CHN","280300","China","ESP","Spain","Import",5,18.064,12.572,134.42,967.862,1070.027
"H3","CHN","280300","China","ETH","Ethiopia(excludes Eritrea)","Export",6,521.38,688.327,718.644,319.505,13.381
"H3","CHN","280300","China","FIN","Finland","Export",6,30.66,58.058,54.651,60.098,20.299
"H3","CHN","280300","China","FIN","Finland","Import",5,,,,0.008,
"H3","CHN","280300","China","FJI","Fiji","Export",6,,,,,1.697
"H3","CHN","280300","China","FRA","France","Export",6,254.333,244.4,610.256,1916.18,593.811
"H3","CHN","280300","China","FRA","France","Import",5,679.531,760.454,3363.95,5128.565,2987.646
"H3","CHN","280300","China","GBR","United Kingdom","Export",6,3310.41,2125.854,705.974,2690.778,1274.45
"H3","CHN","280300","China","GBR","United Kingdom","Import",5,105.196,77.766,172.99,99.229,258.207
"H3","CHN","280300","China","GEO","Georgia","Export",6,1.107,0.02,,0.934,
"H3","CHN","280300","China","GHA","Ghana","Export",6,46.23,59.929,69.216,169.801,25.329
"H3","CHN","280300","China","GRC","Greece","Export",6,112.002,356.211,200.412,72.42,189.348
"H3","CHN","280300","China","GTM","Guatemala","Export",6,70.956,66.249,31.737,61.336,85.384
"H3","CHN","280300","China","HKG","Hong Kong, China","Export",6,177.691,200.857,69.027,2.826,20.639
"H3","CHN","280300","China","HKG","Hong Kong, China","Import",5,,,,,0.482
"H3","CHN","280300","China","HRV","Croatia","Export",6,38.707,36.983,37.86,21.964,18.97
"H3","CHN","280300","China","HUN","Hungary","Export",6,,,,60527.554,39003.226
"H3","CHN","280300","China","HUN","Hungary","Import",5,12.93,,161.064,,
"H3","CHN","280300","China","IDN","Indonesia","Export",6,131561.241,74486.804,140731.426,142946.556,113062.668
"H3","CHN","280300","China","IDN","Indonesia","Import",5,,8.724,,,0.283
"H3","CHN","280300","China","IND","India","Export",6,72212.089,26978.318,38778.227,22124.68,38435.182
"H3","CHN","280300","China","IND","India","Import",5,2709.435,1052.218,2158.125,780.766,939.372
"H3","CHN","280300","China","IRL","Ireland","Export",6,0.004,1.46,,,
"H3","CHN","280300","China","IRL","Ireland","Import",5,2.088,0.528,0.54,0.552,
"H3","CHN","280300","China","IRN","Iran, Islamic Rep.","Export",6,317.249,508.321,533.064,287.451,637.49
"H3","CHN","280300","China","IRN","Iran, Islamic Rep.","Import",5,6.193,5.862,22.625,28.303,
"H3","CHN","280300","China","IRQ","Iraq","Export",6,91.306,52.514,22.36,274.055,211.734
"H3","CHN","280300","China","ISR","Israel","Export",6,1684.19,854.637,314.668,416.299,693.778
"H3","CHN","280300","China","ISR","Israel","Import",5,,,1.187,21.562,1.632
"H3","CHN","280300","China","ITA","Italy","Export",6,864.681,653.419,1068.743,2528.196,1394.91
"H3","CHN","280300","China","ITA","Italy","Import",5,1714.353,3399.771,2996.591,3172.415,2081.581
"H3","CHN","280300","China","JOR","Jordan","Export",6,382.599,414.677,303.202,847.172,462.146
"H3","CHN","280300","China","JPN","Japan","Export",6,55378.465,32681.261,47572.931,41151.988,39011
"H3","CHN","280300","China","JPN","Japan","Import",5,51615.905,56512.802,68504.192,71500.665,75216.955
"H3","CHN","280300","China","KAZ","Kazakhstan","Export",6,27.356,5.915,9.375,2.4,3.855
"H3","CHN","280300","China","KEN","Kenya","Export",6,2340.404,5042.085,3494.86,3666.239,3050.148
"H3","CHN","280300","China","KGZ","Kyrgyz Republic","Export",6,,0.22,,,64.8
"H3","CHN","280300","China","KHM","Cambodia","Export",6,30.5,30.418,136.213,2605.643,31882.524
"H3","CHN","280300","China","KOR","Korea, Rep.","Export",6,14295.944,16409.831,18058.042,15946.332,14807.273
"H3","CHN","280300","China","KOR","Korea, Rep.","Import",5,23948.153,26916.272,35278.531,35202.741,48253.332
"H3","CHN","280300","China","KWT","Kuwait","Export",6,14.55,33.257,69.961,26.104,71.899
"H3","CHN","280300","China","LAO","Lao PDR","Export",6,,,0.8,,0.26
"H3","CHN","280300","China","LBN","Lebanon","Export",6,139.259,44.736,152.218,118.231,270.046
"H3","CHN","280300","China","LBY","Libya","Export",6,34.601,41.55,,23.023,60.157
"H3","CHN","280300","China","LKA","Sri Lanka","Export",6,13098.607,3484.72,14384.201,4623.505,5225.87
"H3","CHN","280300","China","LKA","Sri Lanka","Import",5,,,,0.547,0.086
"H3","CHN","280300","China","LTU","Lithuania","Export",6,85.695,26.842,50.363,36.947,
"H3","CHN","280300","China","LUX","Luxembourg","Export",6,16.544,33.978,3.772,200.609,19.441
"H3","CHN","280300","China","LUX","Luxembourg","Import",5,0.011,,,,
"H3","CHN","280300","China","LVA","Latvia","Export",6,30.14,17.451,,,273.948
"H3","CHN","280300","China","LVA","Latvia","Import",5,,,,,0.001
"H3","CHN","280300","China","MAC","Macao","Export",6,0.14,,,,
"H3","CHN","280300","China","MAR","Morocco","Export",6,337.336,216.724,862.369,519.497,217.986
"H3","CHN","280300","China","MDG","Madagascar","Export",6,,,1.055,,0.098
"H3","CHN","280300","China","MEX","Mexico","Export",6,1162.49,1358.133,349.962,9846.19,4386.291
"H3","CHN","280300","China","MEX","Mexico","Import",5,5.053,4.869,5.192,6.345,
"H3","CHN","280300","China","MKD","North Macedonia","Export",6,,,,37.044,
"H3","CHN","280300","China","MLI","Mali","Export",6,,,,,56.097
"H3","CHN","280300","China","MLT","Malta","Export",6,,,,,3.148
"H3","CHN","280300","China","MMR","Myanmar","Export",6,2565.521,1013.676,3857.848,3699.44,3775.325
"H3","CHN","280300","China","MNG","Mongolia","Export",6,8.191,9.842,5.898,10.161,7.675
"H3","CHN","280300","China","MOZ","Mozambique","Export",6,,18.02,21.375,2.357,134.627
"H3","CHN","280300","China","MUS","Mauritius","Export",6,0.96,2.4,16.151,,6.275
"H3","CHN","280300","China","MYS","Malaysia","Export",6,37713.146,20314.955,25051.446,22600.767,15611.216
"H3","CHN","280300","China","MYS","Malaysia","Import",5,0.005,12.06,0.472,53.531,262.778
"H3","CHN","280300","China","NGA","Nigeria","Export",6,1516.981,1401.876,4470.838,5162.158,7001.199
"H3","CHN","280300","China","NLD","Netherlands","Export",6,615.566,276.291,854.39,8119.534,1511.453
"H3","CHN","280300","China","NLD","Netherlands","Import",5,2556.845,7283.641,8498.988,15342.769,8228.418
"H3","CHN","280300","China","NOR","Norway","Export",6,,0.571,5.192,29.103,
"H3","CHN","280300","China","NPL","Nepal","Export",6,,,28.418,25.55,
"H3","CHN","280300","China","NZL","New Zealand","Export",6,399.979,552.333,660.617,588.509,506.024
"H3","CHN","280300","China","OAS","Other Asia, nes","Export",6,47370.636,41523.6,46633.25,34204.432,18102.935
"H3","CHN","280300","China","OAS","Other Asia, nes","Import",5,8862.024,8239.105,7976.612,10171.264,6018.882
"H3","CHN","280300","China","OMN","Oman","Export",6,48.648,70.805,1.684,2.11,9.916
"H3","CHN","280300","China","PAK","Pakistan","Export",6,11186.342,6232.775,14590.947,6706.806,8505.714
"H3","CHN","280300","China","PAN","Panama","Export",6,20.41,,33.675,2.91,
"H3","CHN","280300","China","PER","Peru","Export",6,1626.808,432.46,1259.328,5235.049,1639.541
"H3","CHN","280300","China","PER","Peru","Import",5,,,,,35.723
"H3","CHN","280300","China","PHL","Philippines","Export",6,12286.991,7804.492,12775.773,14842.085,4582.939
"H3","CHN","280300","China","PHL","Philippines","Import",5,,,,75.938,53.384
"H3","CHN","280300","China","POL","Poland","Export",6,332.639,36.114,1392.732,93415.798,48964.723
"H3","CHN","280300","China","POL","Poland","Import",5,57.626,26.95,1.461,7.696,4.69
"H3","CHN","280300","China","PRK","Korea, Dem. Rep.","Export",6,918.766,285.746,126.981,966.503,1570.926
"H3","CHN","280300","China","PRT","Portugal","Export",6,1542.37,,320.907,1945.1,10796.322
"H3","CHN","280300","China","PRY","Paraguay","Export",6,0.234,,,,0.17
"H3","CHN","280300","China","QAT","Qatar","Export",6,71.271,46.361,42.639,153.811,108.694
"H3","CHN","280300","China","ROM","Romania","Export",6,144.27,81.193,123.156,136.514,50.808
"H3","CHN","280300","China","RUS","Russian Federation","Export",6,361.202,589.287,699.909,2752.971,3646.481
"H3","CHN","280300","China","RUS","Russian Federation","Import",5,1119.452,1593.097,2662.776,20005.764,185466.411
"H3","CHN","280300","China","RWA","Rwanda","Export",6,11.94,12.142,14.985,20.985,17.37
"H3","CHN","280300","China","SAU","Saudi Arabia","Export",6,815.055,530.348,918.247,1506.663,1964.554
"H3","CHN","280300","China","SAU","Saudi Arabia","Import",5,0.058,,,,
"H3","CHN","280300","China","SEN","Senegal","Export",6,42.824,62.178,203.583,38.36,15.46
"H3","CHN","280300","China","SER","Serbia, FR(Serbia/Montenegro)","Export",6,1.881,16.345,355.445,14395.944,17495.856
"H3","CHN","280300","China","SGP","Singapore","Export",6,1684.529,889.564,2305.973,1276.784,1021.632
"H3","CHN","280300","China","SGP","Singapore","Import",5,9046.394,7588.595,7244.223,9458.974,5074.316
"H3","CHN","280300","China","SLV","El Salvador","Export",6,,,,51.6,
"H3","CHN","280300","China","SUD","Sudan","Export",6,10.2,167.839,45.048,19.25,66.08
"H3","CHN","280300","China","SVK","Slovak Republic","Export",6,,,,1144.913,0.05
"H3","CHN","280300","China","SVK","Slovak Republic","Import",5,,0.936,,,
"H3","CHN","280300","China","SVN","Slovenia","Export",6,261.526,137.828,362.098,2.218,4.315
"H3","CHN","280300","China","SVN","Slovenia","Import",5,,0.275,,0.314,
"H3","CHN","280300","China","SWE","Sweden","Export",6,0.501,152.015,18.209,96.569,80.132
"H3","CHN","280300","China","SWE","Sweden","Import",5,840.003,1677.878,1997.179,370.61,757.997
"H3","CHN","280300","China","SYR","Syrian Arab Republic","Export",6,151.508,135.066,27.621,,33.61
"H3","CHN","280300","China","TCD","Chad","Export",6,1.031,,,,
"H3","CHN","280300","China","TGO","Togo","Export",6,5.971,,55.29,95.086,32.135
"H3","CHN","280300","China","THA","Thailand","Export",6,252611.007,187128.946,305897.355,330602.883,269962.16
"H3","CHN","280300","China","THA","Thailand","Import",5,9375.416,7237.792,10002.295,9734.192,6329.999
"H3","CHN","280300","China","TJK","Tajikistan","Export",6,0.246,,3.279,,
"H3","CHN","280300","China","TKM","Turkmenistan","Export",6,81.29,,,,
"H3","CHN","280300","China","TKM","Turkmenistan","Import",5,187.684,234.046,239.929,400.551,860.22
"H3","CHN","280300","China","TUN","Tunisia","Export",6,65.818,95.686,134.116,897.418,143.747
"H3","CHN","280300","China","TUR","Turkey","Export",6,9066.787,5255.68,3361.027,8069.341,7260.356
"H3","CHN","280300","China","TZA","Tanzania","Export",6,12.097,53.23,64.359,129.599,103.21
"H3","CHN","280300","China","UGA","Uganda","Export",6,,0.02,3.126,286.351,
"H3","CHN","280300","China","UKR","Ukraine","Export",6,123.63,196.52,306.98,38.697,175.815
"H3","CHN","280300","China","UNS","Unspecified","Export",6,,,,,0.607
"H3","CHN","280300","China","UNS","Unspecified","Import",5,,,,,0.031
"H3","CHN","280300","China","URY","Uruguay","Export",6,0.798,,,,
"H3","CHN","280300","China","USA","United States","Export",6,1648.987,1215.312,2204.848,28911.917,12348.389
"H3","CHN","280300","China","USA","United States","Import",5,32228.577,37476.22,49557.203,42187.999,30249.48
"H3","CHN","280300","China","UZB","Uzbekistan","Export",6,604.389,504.694,140.138,149.253,418.641
"H3","CHN","280300","China","VEN","Venezuela","Export",6,366.209,111.525,13.76,35.02,25.338
"H3","CHN","280300","China","VEN","Venezuela","Import",5,,,,,28.746
"H3","CHN","280300","China","VNM","Vietnam","Export",6,117147.297,114016.942,204582.256,297551.935,228380.516
"H3","CHN","280300","China","VNM","Vietnam","Import",5,,,,14.81,
"H3","CHN","280300","China","WLD"," World","Export",6,824859.633,576492.295,932567.96,1323779.86,1023287.197
"H3","CHN","280300","China","WLD"," World","Import",5,217899.126,233619.235,316430.181,354483.207,510501.986
"H3","CHN","280300","China","YEM","Yemen","Export",6,24.228,31.528,3.82,,11.9
"H3","CHN","280300","China","ZAF","South Africa","Export",6,1089.627,1026.245,590.61,1022.086,3246.572
"H3","CHN","280300","China","ZAR","Congo, Dem. Rep.","Export",6,,,11.57,,
"H3","CHN","280300","China","ZMB","Zambia","Export",6,28.664,14.322,39.712,20.986,25.217
"H3","CHN","280300","China","ZWE","Zimbabwe","Export",6,3.261,,,3.661,
"H3","CIV","280300","Cote d'Ivoire","BEL","Belgium","Import",5,9.173,,,,
"H3","CIV","280300","Cote d'Ivoire","BFA","Burkina Faso","Export",6,,,,,2.473
"H3","CIV","280300","Cote d'Ivoire","CAN","Canada","Import",5,,,,,0.666
"H3","CIV","280300","Cote d'Ivoire","CHN","China","Import",5,150.43,110.739,310.094,351.601,552.446
"H3","CIV","280300","Cote d'Ivoire","DEU","Germany","Import",5,91.596,79.618,59.554,159.789,50.035
"H3","CIV","280300","Cote d'Ivoire","FRA","France","Import",5,0.37,,,,0.577
"H3","CIV","280300","Cote d'Ivoire","IND","India","Import",5,,6.771,,,36.371
"H3","CIV","280300","Cote d'Ivoire","LBN","Lebanon","Import",5,,,,0.645,
"H3","CIV","280300","Cote d'Ivoire","MAR","Morocco","Import",5,13.185,5.853,,,
"H3","CIV","280300","Cote d'Ivoire","NLD","Netherlands","Import",5,79.666,15.69,23.073,9.188,36.956
"H3","CIV","280300","Cote d'Ivoire","OAS","Other Asia, nes","Import",5,0.144,,,,
"H3","CIV","280300","Cote d'Ivoire","RUS","Russian Federation","Import",5,13.314,12.141,,5.687,
"H3","CIV","280300","Cote d'Ivoire","UNS","Unspecified","Import",5,,,,,0.121
"H3","CIV","280300","Cote d'Ivoire","VNM","Vietnam","Import",5,,,59.813,63.971,25.21
"H3","CIV","280300","Cote d'Ivoire","WLD"," World","Export",6,,,,,2.473
"H3","CIV","280300","Cote d'Ivoire","WLD"," World","Import",5,357.879,230.812,452.534,590.882,702.381
"H3","CMR","280300","Cameroon","BEL","Belgium","Import",5,,,,,0.261
"H3","CMR","280300","Cameroon","CHN","China","Import",5,4.497,2.054,2.425,35.895,59.587
"H3","CMR","280300","Cameroon","DEU","Germany","Import",5,12.732,26.55,110.498,2.136,3.032
"H3","CMR","280300","Cameroon","ESP","Spain","Import",5,,7.322,,,
"H3","CMR","280300","Cameroon","LBN","Lebanon","Import",5,,1.197,,0.065,
"H3","CMR","280300","Cameroon","NLD","Netherlands","Import",5,,1.747,0.889,2.788,1.845
"H3","CMR","280300","Cameroon","OAS","Other Asia, nes","Import",5,2.118,,2.021,,
"H3","CMR","280300","Cameroon","PRT","Portugal","Import",5,,,,0.869,
"H3","CMR","280300","Cameroon","RUS","Russian Federation","Import",5,,,1.452,,
"H3","CMR","280300","Cameroon","TUN","Tunisia","Import",5,,3.389,,,
"H3","CMR","280300","Cameroon","TUR","Turkey","Import",5,,,,,67.333
"H3","CMR","280300","Cameroon","UKR","Ukraine","Import",5,,,,,2.356
"H3","CMR","280300","Cameroon","USA","United States","Import",5,,,3.328,,
"H3","CMR","280300","Cameroon","WLD"," World","Import",5,19.347,42.258,120.612,41.753,134.414
"H3","COG","280300","Congo, Rep.","FRA","France","Import",5,,,0.092,,
"H3","COG","280300","Congo, Rep.","LBN","Lebanon","Import",5,,4.688,11.895,0.148,9.328
"H3","COG","280300","Congo, Rep.","NLD","Netherlands","Import",5,,,,,1.348
"H3","COG","280300","Congo, Rep.","TUN","Tunisia","Import",5,,1.403,,0.082,
"H3","COG","280300","Congo, Rep.","TUR","Turkey","Import",5,,,,,0.044
"H3","COG","280300","Congo, Rep.","WLD"," World","Import",5,,6.091,11.987,0.23,10.72
"H3","COL","280300","Colombia","ARE","United Arab Emirates","Export",6,,73.045,,,
"H3","COL","280300","Colombia","ARG","Argentina","Export",6,,7.672,40.69,1744.849,
"H3","COL","280300","Colombia","ARG","Argentina","Import",5,13.635,27.079,268.688,,
"H3","COL","280300","Colombia","BEL","Belgium","Export",6,1934.384,1036.979,751.408,814.331,445.964
"H3","COL","280300","Colombia","BEL","Belgium","Import",5,,,,,52.745
"H3","COL","280300","Colombia","BRA","Brazil","Export",6,9734.897,11241.858,16467.984,35536.445,34707.381
"H3","COL","280300","Colombia","BRA","Brazil","Import",5,1402.239,868.141,1285.34,2041.02,1564.579
"H3","COL","280300","Colombia","CAN","Canada","Export",6,1522.761,,,,
"H3","COL","280300","Colombia","CAN","Canada","Import",5,18.03,35.115,26.1,27.9,
"H3","COL","280300","Colombia","CHL","Chile","Export",6,534.236,2755.874,3445.224,690.223,627.236
"H3","COL","280300","Colombia","CHL","Chile","Import",5,,,,0.205,
"H3","COL","280300","Colombia","CHN","China","Import",5,602.804,480.631,585.316,653.452,429.299
"H3","COL","280300","Colombia","CRI","Costa Rica","Export",6,10070.445,7777.345,11170.723,17268.725,16474.2
"H3","COL","280300","Colombia","CRI","Costa Rica","Import",5,,,,,0.09
"H3","COL","280300","Colombia","CZE","Czech Republic","Import",5,1.319,1.32,8.558,6.091,13.174
"H3","COL","280300","Colombia","DEU","Germany","Import",5,852.937,634.954,810.468,1048.096,571.33
"H3","COL","280300","Colombia","ECU","Ecuador","Export",6,1918.614,1149.016,1848.75,2323.229,2330.099
"H3","COL","280300","Colombia","ESP","Spain","Export",6,256.792,173.058,124.04,,
"H3","COL","280300","Colombia","ESP","Spain","Import",5,31.571,10.067,11.815,1.504,0.548
"H3","COL","280300","Colombia","FRA","France","Import",5,59.2,72.272,35.053,34.766,
"H3","COL","280300","Colombia","GBR","United Kingdom","Export",6,555.112,326.753,161.181,,
"H3","COL","280300","Colombia","GBR","United Kingdom","Import",5,,,16.73,,
"H3","COL","280300","Colombia","GTM","Guatemala","Export",6,11.368,5.655,6.949,10.722,9.265
"H3","COL","280300","Colombia","IDN","Indonesia","Export",6,114.44,,,,
"H3","COL","280300","Colombia","IND","India","Export",6,4998.921,257.893,69.734,,
"H3","COL","280300","Colombia","IND","India","Import",5,1.486,138.159,88.363,38.477,80.444
"H3","COL","280300","Colombia","JPN","Japan","Import",5,87.962,64.011,38.498,35.001,12.612
"H3","COL","280300","Colombia","KOR","Korea, Rep.","Import",5,99.801,393.583,289.366,826.787,516.401
"H3","COL","280300","Colombia","MEX","Mexico","Export",6,1253.112,431.114,548.369,7083.052,
"H3","COL","280300","Colombia","MEX","Mexico","Import",5,27.891,,1.964,22.863,934.161
"H3","COL","280300","Colombia","NLD","Netherlands","Import",5,,,,34.285,
"H3","COL","280300","Colombia","OAS","Other Asia, nes","Export",6,,69.112,53.878,,
"H3","COL","280300","Colombia","PAK","Pakistan","Export",6,23.851,20.024,27.184,,
"H3","COL","280300","Colombia","PAN","Panama","Export",6,24.877,,52.981,,
"H3","COL","280300","Colombia","PAN","Panama","Import",5,,,,67.421,62.583
"H3","COL","280300","Colombia","PER","Peru","Export",6,6769.728,5620.034,10173.604,10309.567,10311.656
"H3","COL","280300","Colombia","PHL","Philippines","Export",6,149.081,,,,
"H3","COL","280300","Colombia","RUS","Russian Federation","Import",5,363.924,269.023,271.939,227.261,119.919
"H3","COL","280300","Colombia","SLV","El Salvador","Export",6,,,12.218,,
"H3","COL","280300","Colombia","UNS","Unspecified","Import",5,,2.873,,,159.385
"H3","COL","280300","Colombia","USA","United States","Export",6,120.655,39.729,41.843,120.199,26.632
"H3","COL","280300","Colombia","USA","United States","Import",5,873.527,1229.32,1413.897,1469.056,477.95
"H3","COL","280300","Colombia","VEN","Venezuela","Export",6,1281.201,450.655,55.35,165.758,2.197
"H3","COL","280300","Colombia","VEN","Venezuela","Import",5,78.391,29.446,1027.649,1152.951,490.498
"H3","COL","280300","Colombia","VNM","Vietnam","Export",6,161.368,,,,
"H3","COL","280300","Colombia","WLD"," World","Export",6,41435.844,31435.814,45052.111,76067.101,64934.63
"H3","COL","280300","Colombia","WLD"," World","Import",5,4514.718,4255.994,6179.744,7687.136,5485.717
"H3","COM","280300","Comoros","ARE","United Arab Emirates","Import",5,,0.104,,,
"H3","COM","280300","Comoros","WLD"," World","Import",5,,0.104,,,
"H3","CPV","280300","Cape Verde","ITA","Italy","Import",5,2.041,,,,
"H3","CPV","280300","Cape Verde","PRT","Portugal","Import",5,,0.845,,,
"H3","CPV","280300","Cape Verde","ROM","Romania","Import",5,0.392,,,,
"H3","CPV","280300","Cape Verde","WLD"," World","Import",5,2.433,0.845,,,
"H3","CRI","280300","Costa Rica","BEL","Belgium","Import",5,,60.146,,3.417,
"H3","CRI","280300","Costa Rica","BRA","Brazil","Export",6,,,,47.246,
"H3","CRI","280300","Costa Rica","BRA","Brazil","Import",5,,0.245,,36.557,7.783
"H3","CRI","280300","Costa Rica","CAN","Canada","Import",5,203.325,191.58,310.212,153.635,608.54
"H3","CRI","280300","Costa Rica","CHL","Chile","Export",6,,,,,2.42
"H3","CRI","280300","Costa Rica","CHN","China","Import",5,3.623,164.236,816.177,2228.165,450.265
"H3","CRI","280300","Costa Rica","COL","Colombia","Export",6,,,,,26.733
"H3","CRI","280300","Costa Rica","COL","Colombia","Import",5,11366.937,8936.768,11774.571,18013.509,17111.452
"H3","CRI","280300","Costa Rica","DEU","Germany","Import",5,186.66,191.729,60.944,71.601,81.136
"H3","CRI","280300","Costa Rica","DOM","Dominican Republic","Export",6,18.291,,,,
"H3","CRI","280300","Costa Rica","DOM","Dominican Republic","Import",5,,,,3.421,
"H3","CRI","280300","Costa Rica","ESP","Spain","Import",5,,52.762,15.042,,1260.834
"H3","CRI","280300","Costa Rica","FRA","France","Import",5,71.04,278.569,315.209,107.226,27.291
"H3","CRI","280300","Costa Rica","GTM","Guatemala","Export",6,0.03,,,,
"H3","CRI","280300","Costa Rica","GTM","Guatemala","Import",5,,0.008,0.078,,
"H3","CRI","280300","Costa Rica","HND","Honduras","Export",6,11.316,19.031,17.305,,3.368
"H3","CRI","280300","Costa Rica","IND","India","Import",5,56.876,9.041,,0.144,0.222
"H3","CRI","280300","Costa Rica","ITA","Italy","Import",5,,,,,6.164
"H3","CRI","280300","Costa Rica","JPN","Japan","Import",5,,1.152,,,
"H3","CRI","280300","Costa Rica","KOR","Korea, Rep.","Import",5,,,,,10.624
"H3","CRI","280300","Costa Rica","LTU","Lithuania","Import",5,,,,104.91,
"H3","CRI","280300","Costa Rica","MEX","Mexico","Export",6,3.816,,269.712,150.39,
"H3","CRI","280300","Costa Rica","MEX","Mexico","Import",5,983.193,682.088,529.416,546.882,2458.184
"H3","CRI","280300","Costa Rica","NIC","Nicaragua","Export",6,26.638,30.555,41.154,45.664,25.544
"H3","CRI","280300","Costa Rica","PAN","Panama","Export",6,21.427,11.659,,8.983,
"H3","CRI","280300","Costa Rica","PAN","Panama","Import",5,,,0.029,,
"H3","CRI","280300","Costa Rica","PER","Peru","Import",5,,0.022,,,
"H3","CRI","280300","Costa Rica","RUS","Russian Federation","Import",5,20.201,658.796,822.942,,
"H3","CRI","280300","Costa Rica","SGP","Singapore","Import",5,91.949,24.457,,,
"H3","CRI","280300","Costa Rica","SLV","El Salvador","Export",6,0.039,0.152,,0.105,1.787
"H3","CRI","280300","Costa Rica","SLV","El Salvador","Import",5,,,1.458,,
"H3","CRI","280300","Costa Rica","UNS","Unspecified","Import",5,8.103,19.925,,,
"H3","CRI","280300","Costa Rica","USA","United States","Export",6,,,,,5.603
"H3","CRI","280300","Costa Rica","USA","United States","Import",5,984.333,335.719,1749.305,2079.062,803.354
"H3","CRI","280300","Costa Rica","VEN","Venezuela","Import",5,148.445,848.544,2055.552,2981.758,2356.205
"H3","CRI","280300","Costa Rica","WLD"," World","Export",6,81.558,61.398,328.171,252.388,65.454
"H3","CRI","280300","Costa Rica","WLD"," World","Import",5,14124.684,12455.785,18450.934,26330.287,25182.056
"H3","CUB","280300","Cuba","AUT","Austria","Import",5,,,,0.203,
"H3","CUB","280300","Cuba","CHN","China","Import",5,,,2.616,,
"H3","CUB","280300","Cuba","ESP","Spain","Import",5,,0.224,25.283,79.953,
"H3","CUB","280300","Cuba","FRA","France","Import",5,,,0.292,,
"H3","CUB","280300","Cuba","ITA","Italy","Import",5,10.583,,,,
"H3","CUB","280300","Cuba","MEX","Mexico","Import",5,19.582,9.264,22.354,36.904,
"H3","CUB","280300","Cuba","WLD"," World","Import",5,30.165,9.488,50.546,117.06,
"H3","CYM","280300","Cayman Islands","USA","United States","Import",5,,0.076,0.289,,
"H3","CYM","280300","Cayman Islands","WLD"," World","Import",5,,0.076,0.289,,
"H3","CYP","280300","Cyprus","CHN","China","Import",5,,,,,0.021
"H3","CYP","280300","Cyprus","DEU","Germany","Export",6,,,,,0.534
"H3","CYP","280300","Cyprus","DEU","Germany","Import",5,,,,,0.244
"H3","CYP","280300","Cyprus","GBR","United Kingdom","Import",5,,3.74,,,
"H3","CYP","280300","Cyprus","GRC","Greece","Import",5,0.635,11.945,1.022,1.912,3.672
"H3","CYP","280300","Cyprus","ISR","Israel","Import",5,,,,0.039,
"H3","CYP","280300","Cyprus","ITA","Italy","Import",5,1.452,,5.727,383.032,
"H3","CYP","280300","Cyprus","KOR","Korea, Rep.","Export",6,4.986,,,,
"H3","CYP","280300","Cyprus","LTU","Lithuania","Import",5,,,0.39,,
"H3","CYP","280300","Cyprus","LVA","Latvia","Import",5,,,,0.441,
"H3","CYP","280300","Cyprus","MLT","Malta","Export",6,0,,,,
"H3","CYP","280300","Cyprus","NLD","Netherlands","Import",5,,,,52.47,0.066
"H3","CYP","280300","Cyprus","RUS","Russian Federation","Import",5,,1.764,,,
"H3","CYP","280300","Cyprus","USA","United States","Export",6,,,1.538,9.098,
"H3","CYP","280300","Cyprus","USA","United States","Import",5,,0.529,,,
"H3","CYP","280300","Cyprus","WLD"," World","Export",6,4.986,,1.538,9.098,0.534
"H3","CYP","280300","Cyprus","WLD"," World","Import",5,2.087,17.977,7.139,437.894,4.003
"H3","CZE","280300","Czech Republic","ARE","United Arab Emirates","Export",6,8.152,,,,
"H3","CZE","280300","Czech Republic","ARG","Argentina","Export",6,0.311,,,,
"H3","CZE","280300","Czech Republic","AUS","Australia","Export",6,,,,0.004,40.732
"H3","CZE","280300","Czech Republic","AUT","Austria","Export",6,3459.115,1819.545,4624.067,7061.554,11080.526
"H3","CZE","280300","Czech Republic","AUT","Austria","Import",5,33.871,3.362,2.572,359.045,1732.254
"H3","CZE","280300","Czech Republic","BEL","Belgium","Export",6,1388.381,1410.681,6795.217,5294.593,4209.102
"H3","CZE","280300","Czech Republic","BEL","Belgium","Import",5,632.053,691.486,378.894,943.139,1022.412
"H3","CZE","280300","Czech Republic","BGR","Bulgaria","Export",6,,52.415,199.771,19.382,395.097
"H3","CZE","280300","Czech Republic","BGR","Bulgaria","Import",5,1.125,,1.558,,
"H3","CZE","280300","Czech Republic","BIH","Bosnia and Herzegovina","Export",6,0.021,,,,
"H3","CZE","280300","Czech Republic","BLR","Belarus","Import",5,,,14.23,5170.325,9886.21
"H3","CZE","280300","Czech Republic","BRA","Brazil","Export",6,114.571,14.421,502.256,250.183,185.234
"H3","CZE","280300","Czech Republic","CAN","Canada","Export",6,,,21.624,,
"H3","CZE","280300","Czech Republic","CAN","Canada","Import",5,131.325,166.913,291.264,265.158,311.943
"H3","CZE","280300","Czech Republic","CHE","Switzerland","Export",6,453.345,208.968,392.168,586.788,470.209
"H3","CZE","280300","Czech Republic","CHE","Switzerland","Import",5,0.737,0.941,1.006,,
"H3","CZE","280300","Czech Republic","CHN","China","Export",6,2796.034,2748.617,3853.093,2348.37,2862.141
"H3","CZE","280300","Czech Republic","CHN","China","Import",5,160.981,102.976,170.313,10278.672,35408.324
"H3","CZE","280300","Czech Republic","COL","Colombia","Import",5,39.979,67.422,36.011,39.603,
"H3","CZE","280300","Czech Republic","DEU","Germany","Export",6,34950.8,27232.717,34905.509,42051.9,34000.083
"H3","CZE","280300","Czech Republic","DEU","Germany","Import",5,19393.5,19094.906,17962.299,26708.682,36165.93
"H3","CZE","280300","Czech Republic","DNK","Denmark","Import",5,13.555,11.685,7.439,0.783,
"H3","CZE","280300","Czech Republic","DZA","Algeria","Export",6,350.679,86.567,792.014,53.398,
"H3","CZE","280300","Czech Republic","EGY","Egypt, Arab Rep.","Export",6,,0.271,24.522,,
"H3","CZE","280300","Czech Republic","EGY","Egypt, Arab Rep.","Import",5,,,,3227.818,3445.609
"H3","CZE","280300","Czech Republic","ESP","Spain","Export",6,1651.523,1276.634,1453.919,1546.368,766.65
"H3","CZE","280300","Czech Republic","ESP","Spain","Import",5,435.861,339.815,712.925,453.782,474.866
"H3","CZE","280300","Czech Republic","FIN","Finland","Export",6,86.569,103.77,174.067,0.882,29.931
"H3","CZE","280300","Czech Republic","FIN","Finland","Import",5,,,,,2.923
"H3","CZE","280300","Czech Republic","FRA","France","Export",6,10758.416,2761.289,3445.711,9851.1,8287.455
"H3","CZE","280300","Czech Republic","FRA","France","Import",5,639.684,514.675,1265.478,3081.331,1571.507
"H3","CZE","280300","Czech Republic","GBR","United Kingdom","Export",6,2163.743,735.777,1265.689,1214.889,894.848
"H3","CZE","280300","Czech Republic","GBR","United Kingdom","Import",5,1.309,0.831,8.506,0.455,4.789
"H3","CZE","280300","Czech Republic","GRC","Greece","Export",6,,29.771,1.451,,
"H3","CZE","280300","Czech Republic","HKG","Hong Kong, China","Import",5,,,0.205,,
"H3","CZE","280300","Czech Republic","HRV","Croatia","Export",6,19.112,,5.575,181.447,55.762
"H3","CZE","280300","Czech Republic","HRV","Croatia","Import",5,,,29.949,28.036,34.914
"H3","CZE","280300","Czech Republic","HUN","Hungary","Export",6,2811.634,12789.598,10362.24,27795.693,33162.703
"H3","CZE","280300","Czech Republic","HUN","Hungary","Import",5,11576.84,8639.67,7194.421,7484.182,7341.887
"H3","CZE","280300","Czech Republic","IDN","Indonesia","Export",6,,520.451,,,
"H3","CZE","280300","Czech Republic","IND","India","Export",6,310.942,29.74,10.995,73.679,0.61
"H3","CZE","280300","Czech Republic","IND","India","Import",5,14.782,93.464,103.652,7747.638,6708.426
"H3","CZE","280300","Czech Republic","ISR","Israel","Export",6,,,20.497,,
"H3","CZE","280300","Czech Republic","ISR","Israel","Import",5,,0.192,,,
"H3","CZE","280300","Czech Republic","ITA","Italy","Export",6,3448.573,3475.222,5710.707,960.12,1787.333
"H3","CZE","280300","Czech Republic","ITA","Italy","Import",5,7675.422,6541.193,9544.278,12384.687,12516.517
"H3","CZE","280300","Czech Republic","JPN","Japan","Export",6,1200.891,317.834,1052.508,1166.349,1083.739
"H3","CZE","280300","Czech Republic","JPN","Japan","Import",5,,0.835,6.405,13.598,33.054
"H3","CZE","280300","Czech Republic","KAZ","Kazakhstan","Export",6,,,26.664,,35.469
"H3","CZE","280300","Czech Republic","KOR","Korea, Rep.","Export",6,553.594,409.962,395.694,631.513,102.725
"H3","CZE","280300","Czech Republic","KOR","Korea, Rep.","Import",5,92.92,133.363,145.408,178.844,218.144
"H3","CZE","280300","Czech Republic","LKA","Sri Lanka","Export",6,0.414,,,,
"H3","CZE","280300","Czech Republic","LTU","Lithuania","Export",6,0.6,,605.27,2557.464,941.999
"H3","CZE","280300","Czech Republic","LTU","Lithuania","Import",5,472.731,,,,
"H3","CZE","280300","Czech Republic","LUX","Luxembourg","Export",6,,,52.347,0.698,45.765
"H3","CZE","280300","Czech Republic","LUX","Luxembourg","Import",5,1182.297,551.638,259.478,,0.47
"H3","CZE","280300","Czech Republic","LVA","Latvia","Export",6,,,4.266,3.953,3.004
"H3","CZE","280300","Czech Republic","MDA","Moldova","Export",6,,,0.018,,
"H3","CZE","280300","Czech Republic","MDV","Maldives","Export",6,,,,1.087,
"H3","CZE","280300","Czech Republic","MKD","North Macedonia","Export",6,9.384,,,,
"H3","CZE","280300","Czech Republic","NLD","Netherlands","Export",6,1493.218,508.474,635.397,576.695,114.843
"H3","CZE","280300","Czech Republic","NLD","Netherlands","Import",5,727.262,486.241,213.437,694.658,518.735
"H3","CZE","280300","Czech Republic","NOR","Norway","Export",6,0.118,0.06,0.222,,0.236
"H3","CZE","280300","Czech Republic","NOR","Norway","Import",5,,,,0.053,
"H3","CZE","280300","Czech Republic","OAS","Other Asia, nes","Export",6,,14.646,37.651,63.38,
"H3","CZE","280300","Czech Republic","OAS","Other Asia, nes","Import",5,0.444,,,,
"H3","CZE","280300","Czech Republic","POL","Poland","Export",6,31389.507,23074.355,34334.765,57769.36,67445.769
"H3","CZE","280300","Czech Republic","POL","Poland","Import",5,17181.816,15879.472,25532.785,32742.328,26081.22
"H3","CZE","280300","Czech Republic","PRT","Portugal","Export",6,,37.31,204.531,43.757,5.335
"H3","CZE","280300","Czech Republic","PRT","Portugal","Import",5,,,,164.229,
"H3","CZE","280300","Czech Republic","ROM","Romania","Export",6,8340.784,3186.138,10074.401,14586.421,6251.161
"H3","CZE","280300","Czech Republic","ROM","Romania","Import",5,,,,24.645,
"H3","CZE","280300","Czech Republic","RUS","Russian Federation","Export",6,795.075,677.983,645.404,42.577,
"H3","CZE","280300","Czech Republic","RUS","Russian Federation","Import",5,86744.445,49836.604,68887.473,75936.426,23035.188
"H3","CZE","280300","Czech Republic","SER","Serbia, FR(Serbia/Montenegro)","Export",6,3678.117,4126.355,5897.536,3802.766,3265.751
"H3","CZE","280300","Czech Republic","SER","Serbia, FR(Serbia/Montenegro)","Import",5,,,,28.519,
"H3","CZE","280300","Czech Republic","SGP","Singapore","Import",5,,,,,55.378
"H3","CZE","280300","Czech Republic","SVK","Slovak Republic","Export",6,16025.438,12356.012,14030.971,11572.502,1016.28
"H3","CZE","280300","Czech Republic","SVK","Slovak Republic","Import",5,881.738,683.519,705.807,261.443,390.931
"H3","CZE","280300","Czech Republic","SVN","Slovenia","Export",6,7170.105,4026.35,8874.554,10312.771,9887.357
"H3","CZE","280300","Czech Republic","SVN","Slovenia","Import",5,,,,72.616,225.093
"H3","CZE","280300","Czech Republic","SWE","Sweden","Export",6,1733.195,1147.306,,9.369,1.529
"H3","CZE","280300","Czech Republic","SWE","Sweden","Import",5,0.909,25.876,0.962,186.901,0.159
"H3","CZE","280300","Czech Republic","THA","Thailand","Export",6,,,,0.03,
"H3","CZE","280300","Czech Republic","THA","Thailand","Import",5,,,,234.548,4.536
"H3","CZE","280300","Czech Republic","TUN","Tunisia","Export",6,98.697,,417.904,747.03,
"H3","CZE","280300","Czech Republic","TUR","Turkey","Export",6,3007.172,2927.392,7281.188,5961.196,7425.462
"H3","CZE","280300","Czech Republic","TUR","Turkey","Import",5,1.748,2.578,,2.608,0.543
"H3","CZE","280300","Czech Republic","UKR","Ukraine","Export",6,23.666,40.919,184.988,,639.7
"H3","CZE","280300","Czech Republic","UKR","Ukraine","Import",5,15144.899,10092.287,12571.17,8691.046,6523.795
"H3","CZE","280300","Czech Republic","UNS","Unspecified","Import",5,,,,,34.707
"H3","CZE","280300","Czech Republic","USA","United States","Export",6,1613.208,1314.387,1696.001,1564.866,941.439
"H3","CZE","280300","Czech Republic","USA","United States","Import",5,247.244,276.492,562.518,559.624,906.825
"H3","CZE","280300","Czech Republic","VNM","Vietnam","Export",6,0.047,,,,
"H3","CZE","280300","Czech Republic","WLD"," World","Export",6,142493.365,110369.182,164276.056,212536.043,198624.368
"H3","CZE","280300","Czech Republic","WLD"," World","Import",5,163429.501,114238.436,146610.443,197965.422,174657.289
"H3","CZE","280300","Czech Republic","ZAF","South Africa","Export",6,588.214,907.245,3262.684,1831.909,1188.389
"H3","CZE","280300","Czech Republic","ZAF","South Africa","Import",5,0.024,,,,
"H3","DEU","280300","Germany","AFG","Afghanistan","Export",6,42.645,,,,
"H3","DEU","280300","Germany","ALB","Albania","Export",6,,,,5.189,
"H3","DEU","280300","Germany","ARE","United Arab Emirates","Export",6,4406.87,1146.839,2202.384,1687.667,1586.562
"H3","DEU","280300","Germany","ARE","United Arab Emirates","Import",5,,246.969,1009.92,4672.961,681.375
"H3","DEU","280300","Germany","ARG","Argentina","Export",6,323.967,279.426,448.286,420.451,331.054
"H3","DEU","280300","Germany","AUS","Australia","Export",6,955.367,1138.6,1267.887,1544.69,1184.352
"H3","DEU","280300","Germany","AUS","Australia","Import",5,4.599,31.902,2.194,0.254,3.394
"H3","DEU","280300","Germany","AUT","Austria","Export",6,3932.098,3609.052,4953.354,16893.818,4414.237
"H3","DEU","280300","Germany","AUT","Austria","Import",5,368.67,139.989,755.598,520.484,1114.263
"H3","DEU","280300","Germany","AZE","Azerbaijan","Export",6,,6720.542,2903.938,,6287.686
"H3","DEU","280300","Germany","BEL","Belgium","Export",6,18876.297,13106.964,18232.837,23800.986,16886.585
"H3","DEU","280300","Germany","BEL","Belgium","Import",5,23447.486,23366.092,31728.043,39660.959,36105.416
"H3","DEU","280300","Germany","BGD","Bangladesh","Export",6,311.192,416.541,470.482,335.156,418.664
"H3","DEU","280300","Germany","BGR","Bulgaria","Export",6,232.859,593.188,365.659,220.391,329.172
"H3","DEU","280300","Germany","BGR","Bulgaria","Import",5,,,,7.304,
"H3","DEU","280300","Germany","BIH","Bosnia and Herzegovina","Export",6,,,,,1.385
"H3","DEU","280300","Germany","BIH","Bosnia and Herzegovina","Import",5,,1.325,,,3.935
"H3","DEU","280300","Germany","BLR","Belarus","Export",6,29.188,15.025,16.396,54.976,107.278
"H3","DEU","280300","Germany","BLR","Belarus","Import",5,,,290.684,494.425,2559.548
"H3","DEU","280300","Germany","BOL","Bolivia","Export",6,61.139,63.368,402.405,,
"H3","DEU","280300","Germany","BRA","Brazil","Export",6,2494.816,3521.095,4974.202,7253.716,8594.231
"H3","DEU","280300","Germany","BRA","Brazil","Import",5,14.577,0.289,4.814,5.182,18.372
"H3","DEU","280300","Germany","CAN","Canada","Export",6,122.739,257.758,37.288,478.863,36.41
"H3","DEU","280300","Germany","CAN","Canada","Import",5,1523.604,1291.973,6665.479,8182.05,7505.955
"H3","DEU","280300","Germany","CHE","Switzerland","Export",6,10642.554,8687,11981.896,17338.1,16675.35
"H3","DEU","280300","Germany","CHE","Switzerland","Import",5,697.65,515.506,1641.123,1943.501,1779.659
"H3","DEU","280300","Germany","CHL","Chile","Export",6,144.621,219.479,215.828,274.583,207.512
"H3","DEU","280300","Germany","CHN","China","Export",6,23712.404,23101.953,46613.934,38277.198,27524.757
"H3","DEU","280300","Germany","CHN","China","Import",5,3406.085,2648.538,2212.346,97281.79,25257.916
"H3","DEU","280300","Germany","CIV","Cote d'Ivoire","Export",6,28.317,13.893,,,
"H3","DEU","280300","Germany","CMR","Cameroon","Export",6,,,,,6.67
"H3","DEU","280300","Germany","COL","Colombia","Export",6,752.982,464.937,655.511,1096.34,702.22
"H3","DEU","280300","Germany","COL","Colombia","Import",5,91.544,14.875,16.385,,
"H3","DEU","280300","Germany","CRI","Costa Rica","Export",6,85.844,85.661,32.799,106.965,
"H3","DEU","280300","Germany","CYP","Cyprus","Export",6,1.001,3.121,2.151,8.477,25.219
"H3","DEU","280300","Germany","CZE","Czech Republic","Export",6,10023.426,9901.446,10852.893,19293.374,25748.331
"H3","DEU","280300","Germany","CZE","Czech Republic","Import",5,33865.131,24459.705,28525.242,35926.315,30150.747
"H3","DEU","280300","Germany","DNK","Denmark","Export",6,821.756,575.854,765.814,850.902,176.584
"H3","DEU","280300","Germany","DNK","Denmark","Import",5,257.801,269.017,220.31,104.823,70.039
"H3","DEU","280300","Germany","DOM","Dominican Republic","Export",6,221.044,235.717,321.621,371.927,142.873
"H3","DEU","280300","Germany","DZA","Algeria","Export",6,601.049,165.421,30.133,249.136,472.319
"H3","DEU","280300","Germany","ECU","Ecuador","Export",6,172.339,233.665,372.408,607.419,684.561
"H3","DEU","280300","Germany","ECU","Ecuador","Import",5,,,,0.034,
"H3","DEU","280300","Germany","EGY","Egypt, Arab Rep.","Export",6,1195.729,1490.161,2703.253,1785.765,1460.047
"H3","DEU","280300","Germany","EGY","Egypt, Arab Rep.","Import",5,3001.474,1827.211,2264.836,3071.925,2897.532
"H3","DEU","280300","Germany","ESP","Spain","Export",6,21975.819,17246.715,22848.393,32823.942,22191.892
"H3","DEU","280300","Germany","ESP","Spain","Import",5,1258.746,1453.905,2918.134,5734.816,3757.17
"H3","DEU","280300","Germany","EST","Estonia","Export",6,1.02,,,,
"H3","DEU","280300","Germany","ETH","Ethiopia(excludes Eritrea)","Export",6,,,,0.043,
"H3","DEU","280300","Germany","FIN","Finland","Export",6,834.656,1638.282,3648.434,5531.394,3323.206
"H3","DEU","280300","Germany","FIN","Finland","Import",5,9.199,5,9.271,11.82,8.642
"H3","DEU","280300","Germany","FRA","France","Export",6,38754.162,30526.176,42073.471,55191.321,37254.627
"H3","DEU","280300","Germany","FRA","France","Import",5,18295.895,11569.355,14531.133,17615.266,19207.282
"H3","DEU","280300","Germany","GBR","United Kingdom","Export",6,9252.271,8380.481,14428.731,12837.358,13479.345
"H3","DEU","280300","Germany","GBR","United Kingdom","Import",5,3774.029,2403.692,2289.369,2224.85,1100.872
"H3","DEU","280300","Germany","GEO","Georgia","Export",6,,,,1.272,
"H3","DEU","280300","Germany","GIN","Guinea","Export",6,129.265,95.241,204.942,114.27,279.288
"H3","DEU","280300","Germany","GRC","Greece","Export",6,1210.101,958.648,1606.795,1470.788,1785.015
"H3","DEU","280300","Germany","GTM","Guatemala","Export",6,56.681,61.419,69.892,89.58,103.62
"H3","DEU","280300","Germany","HKG","Hong Kong, China","Export",6,255.766,255.217,132.237,280.833,163.67
"H3","DEU","280300","Germany","HKG","Hong Kong, China","Import",5,7.69,,21.618,,2.73
"H3","DEU","280300","Germany","HRV","Croatia","Export",6,208.573,131.455,174.066,477.266,299.243
"H3","DEU","280300","Germany","HRV","Croatia","Import",5,,11.758,,1.641,
"H3","DEU","280300","Germany","HUN","Hungary","Export",6,479.923,495.485,872.3,3395.295,1740.471
"H3","DEU","280300","Germany","HUN","Hungary","Import",5,16038.091,10294.653,15134.714,19474.663,15512.761
"H3","DEU","280300","Germany","IDN","Indonesia","Export",6,1910.381,1668.713,2826.727,3246.596,3377.09
"H3","DEU","280300","Germany","IND","India","Export",6,9734.657,11235.515,11622.298,15066.381,14630.735
"H3","DEU","280300","Germany","IND","India","Import",5,790.883,586.349,1345.21,9955.823,14135.893
"H3","DEU","280300","Germany","IRL","Ireland","Export",6,8.998,26.979,30.174,14.322,77.912
"H3","DEU","280300","Germany","IRL","Ireland","Import",5,0.778,9.586,6.72,58.922,16.145
"H3","DEU","280300","Germany","IRN","Iran, Islamic Rep.","Export",6,537.077,251.872,48.06,497.45,510.7
"H3","DEU","280300","Germany","IRN","Iran, Islamic Rep.","Import",5,17.707,,,,2.183
"H3","DEU","280300","Germany","ISR","Israel","Export",6,610.855,508.25,636.239,566.023,647.538
"H3","DEU","280300","Germany","ISR","Israel","Import",5,,21.496,33.994,18.848,
"H3","DEU","280300","Germany","ITA","Italy","Export",6,19636.575,17207.503,24062.105,25020.51,24703.771
"H3","DEU","280300","Germany","ITA","Italy","Import",5,35686.528,24976.895,37691.908,47428.545,48361.434
"H3","DEU","280300","Germany","JAM","Jamaica","Export",6,27.07,,31.028,,
"H3","DEU","280300","Germany","JOR","Jordan","Export",6,247.894,165.753,140.594,250.076,311.423
"H3","DEU","280300","Germany","JPN","Japan","Export",6,16790.352,16589.363,20987.84,16019.493,12382.355
"H3","DEU","280300","Germany","JPN","Japan","Import",5,2090.58,2326.067,3857.7,2890.298,1875.954
"H3","DEU","280300","Germany","KEN","Kenya","Export",6,273.622,434.011,323.158,320.04,627.061
"H3","DEU","280300","Germany","KOR","Korea, Rep.","Export",6,5768.735,5266.753,6469.683,8046.536,6412.513
"H3","DEU","280300","Germany","KOR","Korea, Rep.","Import",5,2339.104,2107.696,2941.196,3893.389,2495.322
"H3","DEU","280300","Germany","KWT","Kuwait","Export",6,65.902,42.819,,77.041,
"H3","DEU","280300","Germany","LBN","Lebanon","Export",6,277.278,144.38,187.072,260.967,336.277
"H3","DEU","280300","Germany","LKA","Sri Lanka","Export",6,133.425,31.304,32.625,37.292,15.904
"H3","DEU","280300","Germany","LKA","Sri Lanka","Import",5,,0.727,6.785,,
"H3","DEU","280300","Germany","LTU","Lithuania","Export",6,120.875,120.997,106.353,595.318,675.167
"H3","DEU","280300","Germany","LTU","Lithuania","Import",5,174.435,210.426,61.624,92.768,1.264
"H3","DEU","280300","Germany","LUX","Luxembourg","Export",6,10985.808,10013.875,15590.115,10464.345,15787.38
"H3","DEU","280300","Germany","LUX","Luxembourg","Import",5,16.734,630.532,646.151,1045.621,467.963
"H3","DEU","280300","Germany","LVA","Latvia","Export",6,176.981,175.652,256.474,195.475,254.099
"H3","DEU","280300","Germany","LVA","Latvia","Import",5,5.794,629.912,2088.596,647.091,644.978
"H3","DEU","280300","Germany","MAR","Morocco","Export",6,639.206,974.183,864.422,1094.564,1074.655
"H3","DEU","280300","Germany","MAR","Morocco","Import",5,,,,,14.125
"H3","DEU","280300","Germany","MEX","Mexico","Export",6,2684.359,3813.127,2664.874,1974.181,8285.412
"H3","DEU","280300","Germany","MEX","Mexico","Import",5,0.841,0.001,,6.07,
"H3","DEU","280300","Germany","MKD","North Macedonia","Export",6,32.581,1.227,,,
"H3","DEU","280300","Germany","MMR","Myanmar","Export",6,,9.485,8.674,,12.947
"H3","DEU","280300","Germany","MUS","Mauritius","Export",6,16.62,16.092,41.044,21.007,13.18
"H3","DEU","280300","Germany","MYS","Malaysia","Export",6,1674.722,1529.936,2005.605,1900.308,1880.393
"H3","DEU","280300","Germany","NGA","Nigeria","Export",6,75.099,144.384,157.491,36.15,50.219
"H3","DEU","280300","Germany","NLD","Netherlands","Export",6,13801.54,11542.68,15527.555,20751.25,15925.65
"H3","DEU","280300","Germany","NLD","Netherlands","Import",5,20762.928,21198.195,19884.29,24544.619,25982.777
"H3","DEU","280300","Germany","NOR","Norway","Export",6,289.979,209.203,343.364,433.117,187.507
"H3","DEU","280300","Germany","NOR","Norway","Import",5,3.186,,,,5.829
"H3","DEU","280300","Germany","NZL","New Zealand","Export",6,256.37,116.952,183.766,408.732,101.719
"H3","DEU","280300","Germany","OAS","Other Asia, nes","Export",6,2212.155,2291.231,2156.066,2284.701,1083.332
"H3","DEU","280300","Germany","OAS","Other Asia, nes","Import",5,3.273,1.295,0.982,3.614,52.247
"H3","DEU","280300","Germany","OMN","Oman","Export",6,337.681,260.754,20.033,0.382,30.715
"H3","DEU","280300","Germany","PAK","Pakistan","Export",6,682.512,695.834,790.631,607.268,423.648
"H3","DEU","280300","Germany","PER","Peru","Export",6,126.835,121.052,164.459,140.688,354.684
"H3","DEU","280300","Germany","PHL","Philippines","Export",6,99.016,305.127,416.939,546.941,553.536
"H3","DEU","280300","Germany","POL","Poland","Export",6,6595.71,7919.792,8601.794,61089.182,38001.156
"H3","DEU","280300","Germany","POL","Poland","Import",5,35863.584,26238.022,29765.815,36278.36,20277.41
"H3","DEU","280300","Germany","PRT","Portugal","Export",6,4463.546,2734.281,4364.312,12190.929,9372.448
"H3","DEU","280300","Germany","PRT","Portugal","Import",5,1063.554,523.485,49.077,,18.774
"H3","DEU","280300","Germany","QAT","Qatar","Export",6,,,,,4.107
"H3","DEU","280300","Germany","ROM","Romania","Export",6,1393.909,1752.237,2664.974,3415.955,4331.783
"H3","DEU","280300","Germany","ROM","Romania","Import",5,47.896,68.733,24.342,92.669,45.853
"H3","DEU","280300","Germany","RUS","Russian Federation","Export",6,2249.702,2164.818,3431.271,892.637,1.854
"H3","DEU","280300","Germany","RUS","Russian Federation","Import",5,93008.49,65597.012,92332.614,99373.919,81111.599
"H3","DEU","280300","Germany","SAU","Saudi Arabia","Export",6,4809.8,5033.788,9643.365,16142.838,15083.914
"H3","DEU","280300","Germany","SAU","Saudi Arabia","Import",5,,,,1146.215,197.272
"H3","DEU","280300","Germany","SER","Serbia, FR(Serbia/Montenegro)","Export",6,720.43,89.697,147.973,185.036,850.604
"H3","DEU","280300","Germany","SGP","Singapore","Export",6,211.53,161.464,265.432,268.149,51.551
"H3","DEU","280300","Germany","SGP","Singapore","Import",5,353.123,401.842,271.187,762.877,428.969
"H3","DEU","280300","Germany","SLV","El Salvador","Export",6,165.061,161.793,185.431,255.808,155.502
"H3","DEU","280300","Germany","SVK","Slovak Republic","Export",6,14013.704,12475.225,19587.866,32762.156,17696.605
"H3","DEU","280300","Germany","SVK","Slovak Republic","Import",5,39.919,43.636,99.664,382.529,51.232
"H3","DEU","280300","Germany","SVN","Slovenia","Export",6,1540.927,1473.028,2145.534,2431.993,2309.47
"H3","DEU","280300","Germany","SVN","Slovenia","Import",5,143.903,118.152,176.763,265.746,
"H3","DEU","280300","Germany","SWE","Sweden","Export",6,5164.914,4775.477,6250.141,4021.269,4645.562
"H3","DEU","280300","Germany","SWE","Sweden","Import",5,1969.953,1047.036,3253.39,3583.485,576.935
"H3","DEU","280300","Germany","THA","Thailand","Export",6,6067.617,4237.225,2523.471,2813.023,3122.675
"H3","DEU","280300","Germany","THA","Thailand","Import",5,,,,,17.244
"H3","DEU","280300","Germany","TKM","Turkmenistan","Import",5,,,,,847.167
"H3","DEU","280300","Germany","TTO","Trinidad and Tobago","Export",6,17.338,103.217,138.08,,
"H3","DEU","280300","Germany","TUN","Tunisia","Export",6,41.329,19.463,178.96,13.848,12.545
"H3","DEU","280300","Germany","TUR","Turkey","Export",6,8990.286,10494.465,11429.411,16013.518,15006.241
"H3","DEU","280300","Germany","TUR","Turkey","Import",5,33.137,0.126,84.185,388.29,71.292
"H3","DEU","280300","Germany","TZA","Tanzania","Export",6,25.921,12.842,28.498,,
"H3","DEU","280300","Germany","UGA","Uganda","Export",6,129.607,81.052,142.07,102.984,225.536
"H3","DEU","280300","Germany","UKR","Ukraine","Export",6,375.014,356.758,426.981,214.739,525.075
"H3","DEU","280300","Germany","UKR","Ukraine","Import",5,9189.281,7026.129,8234.109,5271.971,2390.788
"H3","DEU","280300","Germany","URY","Uruguay","Export",6,,,,,28.36
"H3","DEU","280300","Germany","USA","United States","Export",6,16773.501,14940.293,19394.119,21501.026,17339.079
"H3","DEU","280300","Germany","USA","United States","Import",5,20050.603,10485.398,17752.046,22240.771,12396.215
"H3","DEU","280300","Germany","UZB","Uzbekistan","Export",6,,,21.745,82.8,112.351
"H3","DEU","280300","Germany","VEN","Venezuela","Export",6,,,,101.636,214.729
"H3","DEU","280300","Germany","VEN","Venezuela","Import",5,,,,,33.142
"H3","DEU","280300","Germany","VNM","Vietnam","Export",6,311.558,546.055,1031.292,1218.391,649.97
"H3","DEU","280300","Germany","WLD"," World","Export",6,319119.541,293091.422,399765.564,533951.843,437362.62
"H3","DEU","280300","Germany","WLD"," World","Import",5,329721.244,244805.421,331416.818,498330.443,360484.301
"H3","DEU","280300","Germany","YEM","Yemen","Export",6,,1.191,2.363,,
"H3","DEU","280300","Germany","ZAF","South Africa","Export",6,1472.494,1806.432,1582.393,2187.323,2269.547
"H3","DEU","280300","Germany","ZAF","South Africa","Import",5,2.76,4.921,567.254,1022.937,226.688
"H3","DJI","280300","Djibouti","ARE","United Arab Emirates","Import",5,,,,74.519,
"H3","DJI","280300","Djibouti","ETH","Ethiopia(excludes Eritrea)","Export",6,,,,216.047,38.179
"H3","DJI","280300","Djibouti","KOR","Korea, Rep.","Import",5,,,,45.193,
"H3","DJI","280300","Djibouti","TUR","Turkey","Import",5,,,,141.528,
"H3","DJI","280300","Djibouti","WLD"," World","Export",6,,,,216.047,38.179
"H3","DJI","280300","Djibouti","WLD"," World","Import",5,,,,261.24,
"H3","DMA","280300","Dominica","CHN","China","Import",5,,,,0.001,
"H3","DMA","280300","Dominica","DOM","Dominican Republic","Import",5,,,,0.821,
"H3","DMA","280300","Dominica","WLD"," World","Import",5,,,,0.823,
"H3","DNK","280300","Denmark","ALB","Albania","Import",5,,,,,0.002
"H3","DNK","280300","Denmark","ARE","United Arab Emirates","Export",6,,,29.527,,
"H3","DNK","280300","Denmark","ARG","Argentina","Export",6,0.075,,0.122,,
"H3","DNK","280300","Denmark","AUS","Australia","Export",6,46.983,75.568,102.205,239.958,86.064
"H3","DNK","280300","Denmark","AUS","Australia","Import",5,,,0.015,,
"H3","DNK","280300","Denmark","AUT","Austria","Export",6,0.498,,1.57,,8.971
"H3","DNK","280300","Denmark","AUT","Austria","Import",5,,,,12.451,
"H3","DNK","280300","Denmark","BEL","Belgium","Export",6,934.632,691.52,1537.798,406.923,257.293
"H3","DNK","280300","Denmark","BEL","Belgium","Import",5,11.362,33.821,25.94,20.714,59.323
"H3","DNK","280300","Denmark","BGR","Bulgaria","Export",6,,,,,10.217
"H3","DNK","280300","Denmark","BRA","Brazil","Export",6,,3.72,,10.743,18.274
"H3","DNK","280300","Denmark","BRA","Brazil","Import",5,,,,0.005,
"H3","DNK","280300","Denmark","CAN","Canada","Import",5,257.263,183.47,136.331,234.947,192.042
"H3","DNK","280300","Denmark","CHE","Switzerland","Export",6,32.26,12.652,31.2,24.19,7.563
"H3","DNK","280300","Denmark","CHE","Switzerland","Import",5,0.004,,,0.02,0.026
"H3","DNK","280300","Denmark","CHN","China","Export",6,,,51.841,0.681,0.795
"H3","DNK","280300","Denmark","CHN","China","Import",5,276.253,403.766,419.084,597.168,247.438
"H3","DNK","280300","Denmark","COL","Colombia","Export",6,1.755,9.632,19.32,19.801,10.459
"H3","DNK","280300","Denmark","CZE","Czech Republic","Export",6,,,,,2.873
"H3","DNK","280300","Denmark","DEU","Germany","Export",6,487.631,514.989,561.01,63.842,91.867
"H3","DNK","280300","Denmark","DEU","Germany","Import",5,1375.282,1208.811,1464.89,1846.74,831.854
"H3","DNK","280300","Denmark","ECU","Ecuador","Export",6,0.141,,0.276,3.941,
"H3","DNK","280300","Denmark","ESP","Spain","Export",6,129.349,52.474,69.039,28.895,122.572
"H3","DNK","280300","Denmark","ESP","Spain","Import",5,4.58,4.172,2.068,11.087,1.23
"H3","DNK","280300","Denmark","EST","Estonia","Export",6,,,,,1.527
"H3","DNK","280300","Denmark","EST","Estonia","Import",5,,0.05,0.018,,
"H3","DNK","280300","Denmark","ETH","Ethiopia(excludes Eritrea)","Export",6,,,,,9.465
"H3","DNK","280300","Denmark","FIN","Finland","Export",6,337.231,588.72,546.281,460.275,352.709
"H3","DNK","280300","Denmark","FIN","Finland","Import",5,9.477,1.641,3.412,42.848,
"H3","DNK","280300","Denmark","FRA","France","Export",6,216.597,155.358,191.971,106.719,160.404
"H3","DNK","280300","Denmark","FRA","France","Import",5,14.302,6.523,6.204,21.943,
"H3","DNK","280300","Denmark","FRO","Faeroe Islands","Export",6,,11.153,2.21,,
"H3","DNK","280300","Denmark","GBR","United Kingdom","Export",6,149.04,77.279,300.182,366.698,296.133
"H3","DNK","280300","Denmark","GBR","United Kingdom","Import",5,147.444,2.514,280.08,0.142,20.03
"H3","DNK","280300","Denmark","GRC","Greece","Export",6,2.319,1.252,1.682,,1.758
"H3","DNK","280300","Denmark","GRC","Greece","Import",5,0.028,0.032,9.38,2.588,
"H3","DNK","280300","Denmark","GRL","Greenland","Export",6,12.421,,,,
"H3","DNK","280300","Denmark","GTM","Guatemala","Export",6,2.07,,,6.386,2.265
"H3","DNK","280300","Denmark","HKG","Hong Kong, China","Export",6,56.501,1.859,,,
"H3","DNK","280300","Denmark","HKG","Hong Kong, China","Import",5,,0.329,,,
"H3","DNK","280300","Denmark","HUN","Hungary","Export",6,,,37.043,,
"H3","DNK","280300","Denmark","HUN","Hungary","Import",5,5.214,0.021,,,
"H3","DNK","280300","Denmark","IDN","Indonesia","Export",6,19.348,112.649,6.359,29.074,10.505
"H3","DNK","280300","Denmark","IND","India","Import",5,,,0.386,82.88,17.047
"H3","DNK","280300","Denmark","IRL","Ireland","Export",6,156.99,,,,
"H3","DNK","280300","Denmark","IRL","Ireland","Import",5,,1.005,2.232,15.71,5.986
"H3","DNK","280300","Denmark","IRN","Iran, Islamic Rep.","Export",6,,,46.023,2.205,
"H3","DNK","280300","Denmark","ISL","Iceland","Export",6,,0.502,0.392,,
"H3","DNK","280300","Denmark","ITA","Italy","Export",6,22.009,65.903,142.195,5.894,12.957
"H3","DNK","280300","Denmark","ITA","Italy","Import",5,7.033,1.595,42.91,64.146,22.37
"H3","DNK","280300","Denmark","JOR","Jordan","Export",6,,,,39.062,
"H3","DNK","280300","Denmark","JPN","Japan","Export",6,2.049,9.005,,,1.361
"H3","DNK","280300","Denmark","JPN","Japan","Import",5,1.208,,,,
"H3","DNK","280300","Denmark","KOR","Korea, Rep.","Export",6,39.224,5.526,54.299,85.778,19.648
"H3","DNK","280300","Denmark","LBR","Liberia","Import",5,,,,,0.005
"H3","DNK","280300","Denmark","LTU","Lithuania","Export",6,0.501,0.681,3.857,0.136,1.049
"H3","DNK","280300","Denmark","LTU","Lithuania","Import",5,4.494,,0.38,0.519,
"H3","DNK","280300","Denmark","LUX","Luxembourg","Export",6,,1.235,,,
"H3","DNK","280300","Denmark","LUX","Luxembourg","Import",5,,,,3.825,
"H3","DNK","280300","Denmark","LVA","Latvia","Export",6,0.039,0.041,0.014,,1.201
"H3","DNK","280300","Denmark","MAR","Morocco","Export",6,,,,0.299,
"H3","DNK","280300","Denmark","MEX","Mexico","Export",6,69.642,59.078,109.632,10.93,181.023
"H3","DNK","280300","Denmark","MKD","North Macedonia","Export",6,,,,1.724,
"H3","DNK","280300","Denmark","MYS","Malaysia","Export",6,2.319,0.288,0.325,,1.077
"H3","DNK","280300","Denmark","NGA","Nigeria","Export",6,97.275,69.793,278.096,119.86,163.047
"H3","DNK","280300","Denmark","NGA","Nigeria","Import",5,,,,,0.001
"H3","DNK","280300","Denmark","NLD","Netherlands","Export",6,161.7,51.04,205.867,41.724,82.272
"H3","DNK","280300","Denmark","NLD","Netherlands","Import",5,19.036,22.693,29.261,93.382,35.826
"H3","DNK","280300","Denmark","NOR","Norway","Export",6,1.639,0.309,1.619,2.384,
"H3","DNK","280300","Denmark","NOR","Norway","Import",5,0.51,0.334,5.314,0.483,
"H3","DNK","280300","Denmark","NPL","Nepal","Import",5,,,,0.379,3.622
"H3","DNK","280300","Denmark","NZL","New Zealand","Export",6,25.448,20.786,24.475,11.592,32.297
"H3","DNK","280300","Denmark","OAS","Other Asia, nes","Export",6,24.116,,10.481,11.379,2.802
"H3","DNK","280300","Denmark","PAN","Panama","Export",6,,,,1.323,
"H3","DNK","280300","Denmark","PER","Peru","Export",6,,,0.741,,0.01
"H3","DNK","280300","Denmark","PHL","Philippines","Export",6,6.144,4.96,11.949,17.362,15.813
"H3","DNK","280300","Denmark","POL","Poland","Export",6,88.113,76.946,268.802,87.006,203.864
"H3","DNK","280300","Denmark","POL","Poland","Import",5,,1.149,191.462,82.544,
"H3","DNK","280300","Denmark","PRT","Portugal","Export",6,,,0.786,,
"H3","DNK","280300","Denmark","ROM","Romania","Export",6,11.763,39.143,69.734,,40.787
"H3","DNK","280300","Denmark","ROM","Romania","Import",5,0.862,,3.086,,
"H3","DNK","280300","Denmark","RUS","Russian Federation","Export",6,,,43.318,8.88,
"H3","DNK","280300","Denmark","SAU","Saudi Arabia","Export",6,8.066,12.32,,,
"H3","DNK","280300","Denmark","SER","Serbia, FR(Serbia/Montenegro)","Export",6,9.011,3.747,9.761,2.668,
"H3","DNK","280300","Denmark","SGP","Singapore","Import",5,,,,,64.046
"H3","DNK","280300","Denmark","SLV","El Salvador","Export",6,0.78,0.387,2.811,0.685,0.99
"H3","DNK","280300","Denmark","SVK","Slovak Republic","Export",6,,,,0.135,15.401
"H3","DNK","280300","Denmark","SVK","Slovak Republic","Import",5,0.166,0.239,0.378,0.066,
"H3","DNK","280300","Denmark","SVN","Slovenia","Export",6,20.795,12.667,11.41,2.607,3.545
"H3","DNK","280300","Denmark","SVN","Slovenia","Import",5,4.8,1.795,1.952,65.165,
"H3","DNK","280300","Denmark","SWE","Sweden","Export",6,1497.203,1591.081,1796.917,2305.866,2032.52
"H3","DNK","280300","Denmark","SWE","Sweden","Import",5,43.616,9.626,10.701,84.585,152.712
"H3","DNK","280300","Denmark","THA","Thailand","Export",6,2.13,,1.683,0.996,
"H3","DNK","280300","Denmark","TUR","Turkey","Export",6,131.738,128.394,440.939,406.328,159.643
"H3","DNK","280300","Denmark","TUR","Turkey","Import",5,,,0.161,,0.063
"H3","DNK","280300","Denmark","UKR","Ukraine","Export",6,0.206,,2.72,,13.52
"H3","DNK","280300","Denmark","UNS","Unspecified","Import",5,,,,,0.936
"H3","DNK","280300","Denmark","USA","United States","Export",6,,0.306,,8.807,21.719
"H3","DNK","280300","Denmark","USA","United States","Import",5,1.833,0.373,2.028,7.759,1.622
"H3","DNK","280300","Denmark","VNM","Vietnam","Export",6,,,63.975,87.962,119.944
"H3","DNK","280300","Denmark","WLD"," World","Export",6,4809.784,4463.595,7097.039,5032.005,4578.741
"H3","DNK","280300","Denmark","WLD"," World","Import",5,2184.768,1883.961,2637.674,3292.096,1656.181
"H3","DNK","280300","Denmark","ZAF","South Africa","Export",6,2.033,0.636,4.584,0.289,0.536
"H3","DOM","280300","Dominican Republic","ABW","Aruba","Export",6,,,3.866,19.255,
"H3","DOM","280300","Dominican Republic","CHN","China","Import",5,75.129,20.414,48.491,32.379,23.19
"H3","DOM","280300","Dominican Republic","CRI","Costa Rica","Export",6,,0.407,,,
"H3","DOM","280300","Dominican Republic","CUW","Curaçao","Export",6,,7.568,,45.044,
"H3","DOM","280300","Dominican Republic","DEU","Germany","Import",5,237.143,191.533,259.028,509.03,151.936
"H3","DOM","280300","Dominican Republic","ESP","Spain","Import",5,0.532,0.117,0.722,2.474,2.343
"H3","DOM","280300","Dominican Republic","GTM","Guatemala","Export",6,,,,5.391,
"H3","DOM","280300","Dominican Republic","HTI","Haiti","Export",6,,3.84,65.88,27.449,
"H3","DOM","280300","Dominican Republic","IND","India","Import",5,,,,,1.253
"H3","DOM","280300","Dominican Republic","MEX","Mexico","Import",5,0.405,,50.175,,
"H3","DOM","280300","Dominican Republic","PER","Peru","Import",5,,,,,6.764
"H3","DOM","280300","Dominican Republic","USA","United States","Export",6,0.02,0.066,0.1,24.076,
"H3","DOM","280300","Dominican Republic","USA","United States","Import",5,152.792,87.98,124.336,182.407,326.279
"H3","DOM","280300","Dominican Republic","WLD"," World","Export",6,0.02,11.881,69.846,121.215,
"H3","DOM","280300","Dominican Republic","WLD"," World","Import",5,466.001,300.044,482.752,726.29,511.764
"H3","ECU","280300","Ecuador","BRA","Brazil","Export",6,4.375,,,,
"H3","ECU","280300","Ecuador","BRA","Brazil","Import",5,45.488,21.052,30.066,367.028,5.211
"H3","ECU","280300","Ecuador","CHE","Switzerland","Import",5,17.166,,,,
"H3","ECU","280300","Ecuador","CHL","Chile","Import",5,2.484,,,,
"H3","ECU","280300","Ecuador","CHN","China","Import",5,168.545,552.678,596.584,5239.193,6857.106
"H3","ECU","280300","Ecuador","COL","Colombia","Export",6,,4.413,,0.002,
"H3","ECU","280300","Ecuador","COL","Colombia","Import",5,1945.901,1142.532,1775.907,2440.659,2329.728
"H3","ECU","280300","Ecuador","DEU","Germany","Import",5,388.082,232.548,396.624,825.921,691.5
"H3","ECU","280300","Ecuador","ESP","Spain","Import",5,31.637,1.762,4.598,0.54,0.796
"H3","ECU","280300","Ecuador","GBR","United Kingdom","Import",5,,,12.79,,
"H3","ECU","280300","Ecuador","HKG","Hong Kong, China","Import",5,,,0.015,,0.084
"H3","ECU","280300","Ecuador","HUN","Hungary","Import",5,62.684,62.213,,,
"H3","ECU","280300","Ecuador","IND","India","Import",5,,10.549,,0.35,
"H3","ECU","280300","Ecuador","ITA","Italy","Import",5,,,36.852,8.146,13.727
"H3","ECU","280300","Ecuador","KOR","Korea, Rep.","Import",5,451.933,430.868,256.854,177.451,304.274
"H3","ECU","280300","Ecuador","MEX","Mexico","Import",5,,,,134.787,
"H3","ECU","280300","Ecuador","NLD","Netherlands","Import",5,,,16.627,,
"H3","ECU","280300","Ecuador","PAN","Panama","Import",5,4.193,,,,
"H3","ECU","280300","Ecuador","PER","Peru","Export",6,,,,,0.25
"H3","ECU","280300","Ecuador","PER","Peru","Import",5,,24.42,22.204,141.614,11.23
"H3","ECU","280300","Ecuador","RUS","Russian Federation","Import",5,4495.047,2823.469,4816.214,1917.413,
"H3","ECU","280300","Ecuador","SVK","Slovak Republic","Import",5,,,,67.561,
"H3","ECU","280300","Ecuador","SWE","Sweden","Import",5,237.034,,,,
"H3","ECU","280300","Ecuador","UNS","Unspecified","Export",6,4.45,,,5.182,12.817
"H3","ECU","280300","Ecuador","USA","United States","Import",5,428.572,204.657,644.868,1801.078,201.84
"H3","ECU","280300","Ecuador","WLD"," World","Export",6,8.826,4.413,,5.184,13.066
"H3","ECU","280300","Ecuador","WLD"," World","Import",5,8278.769,5506.749,8610.204,13121.741,10415.497
"H3","EGY","280300","Egypt, Arab Rep.","ARE","United Arab Emirates","Export",6,,110.161,569.372,,
"H3","EGY","280300","Egypt, Arab Rep.","ARE","United Arab Emirates","Import",5,,,9.977,379.177,
"H3","EGY","280300","Egypt, Arab Rep.","ARG","Argentina","Import",5,,,,,0.131
"H3","EGY","280300","Egypt, Arab Rep.","BEL","Belgium","Export",6,,,,164.2,
"H3","EGY","280300","Egypt, Arab Rep.","BEL","Belgium","Import",5,269.531,30.906,,36.446,
"H3","EGY","280300","Egypt, Arab Rep.","BEN","Benin","Export",6,5.999,,,,
"H3","EGY","280300","Egypt, Arab Rep.","BFA","Burkina Faso","Export",6,120.492,119.435,145.669,,
"H3","EGY","280300","Egypt, Arab Rep.","BGR","Bulgaria","Export",6,,,,,0
"H3","EGY","280300","Egypt, Arab Rep.","BHR","Bahrain","Export",6,,,14.4,,
"H3","EGY","280300","Egypt, Arab Rep.","BRA","Brazil","Export",6,,,2133.921,7516.422,
"H3","EGY","280300","Egypt, Arab Rep.","CAN","Canada","Export",6,,,,1676.729,38.788
"H3","EGY","280300","Egypt, Arab Rep.","CAN","Canada","Import",5,,,,,0.608
"H3","EGY","280300","Egypt, Arab Rep.","CHE","Switzerland","Export",6,,,,125.335,
"H3","EGY","280300","Egypt, Arab Rep.","CHE","Switzerland","Import",5,30.241,0.667,29.235,,
"H3","EGY","280300","Egypt, Arab Rep.","CHN","China","Export",6,3.16,,,,0.1
"H3","EGY","280300","Egypt, Arab Rep.","CHN","China","Import",5,2789.353,2483.006,3503.54,4092.463,2839.296
"H3","EGY","280300","Egypt, Arab Rep.","CZE","Czech Republic","Export",6,,,,2914.073,2091.807
"H3","EGY","280300","Egypt, Arab Rep.","CZE","Czech Republic","Import",5,,,26.322,,
"H3","EGY","280300","Egypt, Arab Rep.","DEU","Germany","Export",6,1888.635,1779.666,2095.583,2902.613,1531.899
"H3","EGY","280300","Egypt, Arab Rep.","DEU","Germany","Import",5,1124.37,1291.267,2547.375,1878.015,1723.2
"H3","EGY","280300","Egypt, Arab Rep.","DNK","Denmark","Import",5,,,12.367,,
"H3","EGY","280300","Egypt, Arab Rep.","DZA","Algeria","Export",6,,,51.505,,20.418
"H3","EGY","280300","Egypt, Arab Rep.","ESP","Spain","Export",6,25258.462,24273.739,34418.767,48840.725,48584.692
"H3","EGY","280300","Egypt, Arab Rep.","ESP","Spain","Import",5,,1.999,2.881,0.032,
"H3","EGY","280300","Egypt, Arab Rep.","ETH","Ethiopia(excludes Eritrea)","Export",6,1520.004,,,1259.331,
"H3","EGY","280300","Egypt, Arab Rep.","FIN","Finland","Export",6,1074.425,376.944,959.569,11580.035,16217.314
"H3","EGY","280300","Egypt, Arab Rep.","FRA","France","Export",6,13558.848,5967.575,11584.531,15750.001,23758.623
"H3","EGY","280300","Egypt, Arab Rep.","FRA","France","Import",5,,997.162,,88.793,30.653
"H3","EGY","280300","Egypt, Arab Rep.","GBR","United Kingdom","Export",6,3590.549,2579.828,3559.134,4148.797,3481.349
"H3","EGY","280300","Egypt, Arab Rep.","GBR","United Kingdom","Import",5,24.63,9.74,39.941,,
"H3","EGY","280300","Egypt, Arab Rep.","GRC","Greece","Export",6,37.917,60.291,,,37.028
"H3","EGY","280300","Egypt, Arab Rep.","HKG","Hong Kong, China","Import",5,,,,,0.015
"H3","EGY","280300","Egypt, Arab Rep.","HUN","Hungary","Export",6,789.726,434.125,2356.337,7586.002,10932.737
"H3","EGY","280300","Egypt, Arab Rep.","HUN","Hungary","Import",5,34.928,,,,
"H3","EGY","280300","Egypt, Arab Rep.","IDN","Indonesia","Import",5,3.875,0.038,,18.912,
"H3","EGY","280300","Egypt, Arab Rep.","IND","India","Export",6,3388.979,3872.086,7880.712,1542.956,639.542
"H3","EGY","280300","Egypt, Arab Rep.","IND","India","Import",5,19.774,193.265,734.463,145.393,702.46
"H3","EGY","280300","Egypt, Arab Rep.","IRQ","Iraq","Import",5,0.033,,,,
"H3","EGY","280300","Egypt, Arab Rep.","ISR","Israel","Export",6,103.874,683.303,634.406,318.628,
"H3","EGY","280300","Egypt, Arab Rep.","ISR","Israel","Import",5,,,,0.037,
"H3","EGY","280300","Egypt, Arab Rep.","ITA","Italy","Export",6,385.353,102.469,4433.716,12856.264,4228.652
"H3","EGY","280300","Egypt, Arab Rep.","ITA","Italy","Import",5,311.203,230.661,545.192,1020.519,723.3
"H3","EGY","280300","Egypt, Arab Rep.","JPN","Japan","Import",5,,46.01,29.345,11.075,48.448
"H3","EGY","280300","Egypt, Arab Rep.","KEN","Kenya","Export",6,47.525,41.8,51.5,,17.5
"H3","EGY","280300","Egypt, Arab Rep.","KOR","Korea, Rep.","Import",5,1174.413,1487.383,565.025,976.404,286.073
"H3","EGY","280300","Egypt, Arab Rep.","KWT","Kuwait","Export",6,,,,,20.7
"H3","EGY","280300","Egypt, Arab Rep.","LBY","Libya","Export",6,,,,88.997,161.825
"H3","EGY","280300","Egypt, Arab Rep.","LKA","Sri Lanka","Export",6,,,347.299,,
"H3","EGY","280300","Egypt, Arab Rep.","LKA","Sri Lanka","Import",5,51.2,,,,0.048
"H3","EGY","280300","Egypt, Arab Rep.","MAR","Morocco","Export",6,22.234,,,,
"H3","EGY","280300","Egypt, Arab Rep.","MEX","Mexico","Export",6,,,32.131,1411.124,
"H3","EGY","280300","Egypt, Arab Rep.","MYS","Malaysia","Import",5,,,,,0.052
"H3","EGY","280300","Egypt, Arab Rep.","NGA","Nigeria","Export",6,14.42,264.1,546.04,277.462,96.8
"H3","EGY","280300","Egypt, Arab Rep.","NLD","Netherlands","Import",5,158.475,68.258,76.518,31.878,88.679
"H3","EGY","280300","Egypt, Arab Rep.","OAS","Other Asia, nes","Import",5,,21.543,4.952,,
"H3","EGY","280300","Egypt, Arab Rep.","POL","Poland","Export",6,22,,1.405,2224.868,2305.23
"H3","EGY","280300","Egypt, Arab Rep.","POL","Poland","Import",5,4.204,,,,
"H3","EGY","280300","Egypt, Arab Rep.","PRT","Portugal","Export",6,29.542,,28.007,5012.869,4465.925
"H3","EGY","280300","Egypt, Arab Rep.","ROM","Romania","Export",6,318.202,233.861,838.826,912.204,939.615
"H3","EGY","280300","Egypt, Arab Rep.","RUS","Russian Federation","Export",6,,15.6,,,
"H3","EGY","280300","Egypt, Arab Rep.","RUS","Russian Federation","Import",5,638.543,111.346,933.647,1606.627,2597.564
"H3","EGY","280300","Egypt, Arab Rep.","SAU","Saudi Arabia","Export",6,,12.85,117.347,3459.265,3187.29
"H3","EGY","280300","Egypt, Arab Rep.","SAU","Saudi Arabia","Import",5,8.271,,,,67.72
"H3","EGY","280300","Egypt, Arab Rep.","SER","Serbia, FR(Serbia/Montenegro)","Export",6,,,,227.304,454.968
"H3","EGY","280300","Egypt, Arab Rep.","SGP","Singapore","Import",5,442.017,398.588,409.259,664.395,434.889
"H3","EGY","280300","Egypt, Arab Rep.","SUD","Sudan","Export",6,,,,0.32,
"H3","EGY","280300","Egypt, Arab Rep.","SVN","Slovenia","Export",6,,,,1777.252,1008.676
"H3","EGY","280300","Egypt, Arab Rep.","SWE","Sweden","Export",6,,,,38.302,
"H3","EGY","280300","Egypt, Arab Rep.","SWE","Sweden","Import",5,,,118.857,344.75,236.607
"H3","EGY","280300","Egypt, Arab Rep.","THA","Thailand","Export",6,,,547.036,,
"H3","EGY","280300","Egypt, Arab Rep.","THA","Thailand","Import",5,3.869,6.925,21.349,1799.009,
"H3","EGY","280300","Egypt, Arab Rep.","TUN","Tunisia","Export",6,341.142,302.784,890.935,,241.72
"H3","EGY","280300","Egypt, Arab Rep.","TUR","Turkey","Export",6,61503.623,44734.499,64367.72,100461.501,78883.555
"H3","EGY","280300","Egypt, Arab Rep.","TUR","Turkey","Import",5,,22.084,4.496,0.082,192.334
"H3","EGY","280300","Egypt, Arab Rep.","UKR","Ukraine","Import",5,,27.334,73.668,,
"H3","EGY","280300","Egypt, Arab Rep.","UNS","Unspecified","Import",5,,0.798,,,1.767
"H3","EGY","280300","Egypt, Arab Rep.","USA","United States","Export",6,,,,1760.207,
"H3","EGY","280300","Egypt, Arab Rep.","USA","United States","Import",5,3993.321,7988.455,2761.892,259.586,224.379
"H3","EGY","280300","Egypt, Arab Rep.","VNM","Vietnam","Import",5,60.418,13.89,71.866,,
"H3","EGY","280300","Egypt, Arab Rep.","WLD"," World","Export",6,114056.511,85985.095,138635.309,236883.998,203346.753
"H3","EGY","280300","Egypt, Arab Rep.","WLD"," World","Import",5,11142.669,15431.324,12549.021,13353.592,10198.224
"H3","EGY","280300","Egypt, Arab Rep.","ZAF","South Africa","Import",5,,,26.855,,
"H3","EGY","280300","Egypt, Arab Rep.","ZMB","Zambia","Export",6,31.4,19.98,29.44,50.212,
"H3","ESP","280300","Spain","ARE","United Arab Emirates","Export",6,24.563,34.431,,,4.055
"H3","ESP","280300","Spain","ARG","Argentina","Export",6,,,,12.163,
"H3","ESP","280300","Spain","AUS","Australia","Import",5,,,,0.122,
"H3","ESP","280300","Spain","AUT","Austria","Export",6,4.054,0.957,3.664,16.951,1.752
"H3","ESP","280300","Spain","AUT","Austria","Import",5,5043.634,3490.025,18130.878,15587.346,519.431
"H3","ESP","280300","Spain","BEL","Belgium","Export",6,2624.353,1583.598,4748.724,5654.068,4434.833
"H3","ESP","280300","Spain","BEL","Belgium","Import",5,2292.557,3042.926,3916.583,6730.028,12458.162
"H3","ESP","280300","Spain","BEN","Benin","Export",6,,,,1.597,0.887
"H3","ESP","280300","Spain","BGR","Bulgaria","Export",6,1873.565,443.507,472.041,473.684,608.501
"H3","ESP","280300","Spain","BIH","Bosnia and Herzegovina","Export",6,40.894,30.424,1.584,,
"H3","ESP","280300","Spain","BRA","Brazil","Export",6,415.455,110.881,5.025,7.05,2.18
"H3","ESP","280300","Spain","BRA","Brazil","Import",5,,,,,0.104
"H3","ESP","280300","Spain","BUN","Bunkers","Export",6,0.728,,,,
"H3","ESP","280300","Spain","CAN","Canada","Export",6,23.341,156.284,,0.558,
"H3","ESP","280300","Spain","CAN","Canada","Import",5,477.727,778.469,1177.693,1058.754,867.436
"H3","ESP","280300","Spain","CHE","Switzerland","Export",6,29.714,80.41,125.501,190.705,108.88
"H3","ESP","280300","Spain","CHE","Switzerland","Import",5,9.721,,6.092,56.451,47.863
"H3","ESP","280300","Spain","CHL","Chile","Export",6,17.034,,36.985,32.874,
"H3","ESP","280300","Spain","CHL","Chile","Import",5,,,0.123,,0.271
"H3","ESP","280300","Spain","CHN","China","Export",6,0.985,3.945,101.648,929.136,821.999
"H3","ESP","280300","Spain","CHN","China","Import",5,579.404,404.575,569.545,19540.518,2337.513
"H3","ESP","280300","Spain","COL","Colombia","Export",6,9.502,7.911,7.868,1.327,0.454
"H3","ESP","280300","Spain","COL","Colombia","Import",5,342.003,261.752,178.906,,
"H3","ESP","280300","Spain","CRI","Costa Rica","Export",6,12.023,,,,
"H3","ESP","280300","Spain","CUB","Cuba","Export",6,45.675,,6.743,30.756,
"H3","ESP","280300","Spain","CZE","Czech Republic","Export",6,294.765,145.094,279.562,614.294,500.108
"H3","ESP","280300","Spain","CZE","Czech Republic","Import",5,1396.175,1348.746,1557.235,1615.983,753.657
"H3","ESP","280300","Spain","DEU","Germany","Export",6,6655.098,2322.566,3665.748,5792.405,3436.882
"H3","ESP","280300","Spain","DEU","Germany","Import",5,32310.542,24815.842,35537.816,48838.506,39306.376
"H3","ESP","280300","Spain","DNK","Denmark","Export",6,41.998,33.188,81.477,66.545,76.035
"H3","ESP","280300","Spain","DNK","Denmark","Import",5,12.483,,63.975,86.814,130.649
"H3","ESP","280300","Spain","DOM","Dominican Republic","Export",6,0.076,0.102,,,1.1
"H3","ESP","280300","Spain","DOM","Dominican Republic","Import",5,,,0.174,,
"H3","ESP","280300","Spain","DZA","Algeria","Export",6,26.331,42.879,41.294,7.232,
"H3","ESP","280300","Spain","ECU","Ecuador","Export",6,2.709,1.061,2.668,0.427,1.968
"H3","ESP","280300","Spain","EGY","Egypt, Arab Rep.","Export",6,,1.015,2.89,,
"H3","ESP","280300","Spain","EGY","Egypt, Arab Rep.","Import",5,25055.414,21703.78,31700.492,47539.447,52898.203
"H3","ESP","280300","Spain","EST","Estonia","Export",6,34.319,22.159,59.442,12.463,1.949
"H3","ESP","280300","Spain","EST","Estonia","Import",5,,,0.85,,0.62
"H3","ESP","280300","Spain","FIN","Finland","Export",6,2099,2518.972,3631.584,9489.377,11414.334
"H3","ESP","280300","Spain","FRA","France","Export",6,8099.007,5322.709,3953.869,5902.909,4683.157
"H3","ESP","280300","Spain","FRA","France","Import",5,24686.883,16251.872,21162.319,33227.994,26932.9
"H3","ESP","280300","Spain","GBR","United Kingdom","Export",6,1787.825,554.084,829.022,1230.662,1140.418
"H3","ESP","280300","Spain","GBR","United Kingdom","Import",5,68.866,82.197,131.921,250.056,76.739
"H3","ESP","280300","Spain","GHA","Ghana","Export",6,3.713,,,,
"H3","ESP","280300","Spain","GIB","Gibraltar","Export",6,,0.918,,,
"H3","ESP","280300","Spain","GRC","Greece","Export",6,1762.384,726.205,,1.219,
"H3","ESP","280300","Spain","GRC","Greece","Import",5,8.492,,,,
"H3","ESP","280300","Spain","GTM","Guatemala","Export",6,3.567,1.456,4.16,1.649,
"H3","ESP","280300","Spain","HKG","Hong Kong, China","Export",6,3.032,1.068,,,35.079
"H3","ESP","280300","Spain","HKG","Hong Kong, China","Import",5,,,56.61,,0.211
"H3","ESP","280300","Spain","HRV","Croatia","Export",6,18.655,35.035,26.242,,
"H3","ESP","280300","Spain","HUN","Hungary","Export",6,94.335,38.087,139.33,791.825,303.994
"H3","ESP","280300","Spain","HUN","Hungary","Import",5,115.179,3244.574,2979.096,4753.936,4806.691
"H3","ESP","280300","Spain","IDN","Indonesia","Export",6,,,,,6.661
"H3","ESP","280300","Spain","IND","India","Export",6,17.767,19.147,91.955,80.257,142.813
"H3","ESP","280300","Spain","IND","India","Import",5,1050.401,1311.712,1179.848,3285.072,2760.144
"H3","ESP","280300","Spain","IRL","Ireland","Export",6,572.038,217.061,239.007,364.554,129.668
"H3","ESP","280300","Spain","IRL","Ireland","Import",5,1.115,,,,
"H3","ESP","280300","Spain","IRN","Iran, Islamic Rep.","Import",5,,,,155.682,
"H3","ESP","280300","Spain","ISR","Israel","Export",6,42.946,,,,
"H3","ESP","280300","Spain","ISR","Israel","Import",5,0.402,,0.13,,0.159
"H3","ESP","280300","Spain","ITA","Italy","Export",6,1269.943,1625.972,2318.702,2632.959,3694.273
"H3","ESP","280300","Spain","ITA","Italy","Import",5,19430.076,14404.434,17572.384,25477.706,29256.052
"H3","ESP","280300","Spain","JOR","Jordan","Export",6,33.584,,,0.239,
"H3","ESP","280300","Spain","JPN","Japan","Export",6,0.369,,,,
"H3","ESP","280300","Spain","JPN","Japan","Import",5,8.197,331.725,561.922,38.043,90.155
"H3","ESP","280300","Spain","KOR","Korea, Rep.","Import",5,239.389,257.804,661.702,717.305,883.324
"H3","ESP","280300","Spain","LKA","Sri Lanka","Export",6,,,35.474,,0.068
"H3","ESP","280300","Spain","LTU","Lithuania","Export",6,1.987,9.904,2.43,2.969,0.249
"H3","ESP","280300","Spain","LTU","Lithuania","Import",5,,,,1.658,25.167
"H3","ESP","280300","Spain","LUX","Luxembourg","Export",6,930.293,,105.321,,
"H3","ESP","280300","Spain","LUX","Luxembourg","Import",5,,12.36,275.856,232.499,48.173
"H3","ESP","280300","Spain","LVA","Latvia","Export",6,,5.692,17.03,0.817,7.367
"H3","ESP","280300","Spain","LVA","Latvia","Import",5,,,11.407,,535.371
"H3","ESP","280300","Spain","MAR","Morocco","Export",6,106.19,139.183,138.582,171.989,318.022
"H3","ESP","280300","Spain","MAR","Morocco","Import",5,,9.588,,,
"H3","ESP","280300","Spain","MDG","Madagascar","Export",6,,,,1.943,0.299
"H3","ESP","280300","Spain","MEX","Mexico","Export",6,18,10.99,21.241,22.982,21.684
"H3","ESP","280300","Spain","MEX","Mexico","Import",5,4826.512,1089.368,2010.419,2286.78,1668.534
"H3","ESP","280300","Spain","MKD","North Macedonia","Export",6,,3.327,4.306,,
"H3","ESP","280300","Spain","MLT","Malta","Export",6,,,,0.76,0.425
"H3","ESP","280300","Spain","MYS","Malaysia","Export",6,17.016,9.509,22.457,12.597,13.948
"H3","ESP","280300","Spain","MYS","Malaysia","Import",5,0.321,,,,0.067
"H3","ESP","280300","Spain","NGA","Nigeria","Export",6,53.903,,,,
"H3","ESP","280300","Spain","NLD","Netherlands","Export",6,102.619,38.479,216.038,332.336,167.647
"H3","ESP","280300","Spain","NLD","Netherlands","Import",5,6006.556,4937.904,5611.054,6733.517,6044.237
"H3","ESP","280300","Spain","NOR","Norway","Export",6,3.708,1.286,,4.012,
"H3","ESP","280300","Spain","NOR","Norway","Import",5,1.023,0.358,,2.705,0.292
"H3","ESP","280300","Spain","OAS","Other Asia, nes","Import",5,48.12,71.127,100.07,138.6,67.49
"H3","ESP","280300","Spain","OMN","Oman","Export",6,0.084,,,0.476,
"H3","ESP","280300","Spain","PAK","Pakistan","Export",6,0.997,,2.796,0.531,
"H3","ESP","280300","Spain","PER","Peru","Export",6,5.793,6.337,15.503,12.516,22.16
"H3","ESP","280300","Spain","PER","Peru","Import",5,,0.167,,,
"H3","ESP","280300","Spain","POL","Poland","Export",6,184.595,65.946,360.233,685.567,539.11
"H3","ESP","280300","Spain","POL","Poland","Import",5,1545.168,1697.46,2505.808,3828.927,1451.377
"H3","ESP","280300","Spain","PRT","Portugal","Export",6,16002.225,11197.017,14042.13,17445.182,16767.061
"H3","ESP","280300","Spain","PRT","Portugal","Import",5,65.231,42.403,58.63,156.119,38.236
"H3","ESP","280300","Spain","QAT","Qatar","Export",6,,,,2.553,
"H3","ESP","280300","Spain","ROM","Romania","Export",6,99.645,165.453,270.078,548.631,528.265
"H3","ESP","280300","Spain","ROM","Romania","Import",5,,,,,2.425
"H3","ESP","280300","Spain","RUS","Russian Federation","Export",6,32.149,48.196,38.324,27.207,
"H3","ESP","280300","Spain","RUS","Russian Federation","Import",5,40830.886,14738.335,44945.99,40539.86,13634.168
"H3","ESP","280300","Spain","SAU","Saudi Arabia","Export",6,,,,7.499,
"H3","ESP","280300","Spain","SAU","Saudi Arabia","Import",5,1422.965,665.994,1510.54,1620.484,539.776
"H3","ESP","280300","Spain","SEN","Senegal","Export",6,,1.137,,,11.268
"H3","ESP","280300","Spain","SER","Serbia, FR(Serbia/Montenegro)","Export",6,9.504,13.405,26.344,0.153,0.115
"H3","ESP","280300","Spain","SGP","Singapore","Export",6,0.14,,30.212,,
"H3","ESP","280300","Spain","SGP","Singapore","Import",5,0.233,30.159,,59.055,0.19
"H3","ESP","280300","Spain","SLE","Sierra Leone","Import",5,,,,15.846,
"H3","ESP","280300","Spain","SLV","El Salvador","Export",6,,,1.892,,
"H3","ESP","280300","Spain","SVK","Slovak Republic","Export",6,14.537,1.318,13.479,500.593,79.424
"H3","ESP","280300","Spain","SVK","Slovak Republic","Import",5,,,5.37,9.33,
"H3","ESP","280300","Spain","SVN","Slovenia","Export",6,6.222,,,,
"H3","ESP","280300","Spain","SWE","Sweden","Export",6,308.695,245.695,261.307,120.653,109.698
"H3","ESP","280300","Spain","SWE","Sweden","Import",5,6.493,0.774,46.809,306.819,127.744
"H3","ESP","280300","Spain","THA","Thailand","Export",6,46.825,64.253,211.234,242.251,93.455
"H3","ESP","280300","Spain","THA","Thailand","Import",5,2500.357,3861.754,4540.885,7527.198,3397.632
"H3","ESP","280300","Spain","TUN","Tunisia","Export",6,16.548,13.277,33.897,138.358,1.281
"H3","ESP","280300","Spain","TUN","Tunisia","Import",5,,0.16,,,
"H3","ESP","280300","Spain","TUR","Turkey","Export",6,1973.426,596.926,112.494,3405.621,571.608
"H3","ESP","280300","Spain","TUR","Turkey","Import",5,0.489,7.804,27.395,18.156,31.008
"H3","ESP","280300","Spain","UKR","Ukraine","Import",5,1111.869,90.483,16.277,222.166,
"H3","ESP","280300","Spain","UNS","Unspecified","Import",5,0.303,,47.737,75.549,94.574
"H3","ESP","280300","Spain","USA","United States","Export",6,108.321,611.08,660.695,235.405,2.564
"H3","ESP","280300","Spain","USA","United States","Import",5,4768.131,4215.964,4902.914,2619.071,273.667
"H3","ESP","280300","Spain","VNM","Vietnam","Export",6,13.818,1.098,5.571,,2.206
"H3","ESP","280300","Spain","VNM","Vietnam","Import",5,,,,0.216,
"H3","ESP","280300","Spain","WLD"," World","Export",6,48093.568,29331.307,37532.043,58268.575,50813.568
"H3","ESP","280300","Spain","WLD"," World","Import",5,176263.81,123203.268,203763.457,275711.595,202159.475
"H3","ESP","280300","Spain","ZAF","South Africa","Export",6,50.979,0.673,6.238,5.088,3.665
"H3","ESP","280300","Spain","ZAF","South Africa","Import",5,0.492,0.673,,357.277,52.689
"H3","EST","280300","Estonia","BEL","Belgium","Import",5,,,0.044,,
"H3","EST","280300","Estonia","CHN","China","Import",5,,0.269,6.073,5.603,6.265
"H3","EST","280300","Estonia","CZE","Czech Republic","Import",5,1.92,,,,
"H3","EST","280300","Estonia","DEU","Germany","Import",5,8.741,23.319,58.087,6.452,2.79
"H3","EST","280300","Estonia","DNK","Denmark","Import",5,8.836,2.313,0.32,6.808,
"H3","EST","280300","Estonia","FIN","Finland","Export",6,0.472,,,,
"H3","EST","280300","Estonia","FRA","France","Import",5,,,,0.066,
"H3","EST","280300","Estonia","GBR","United Kingdom","Import",5,0.018,,,,
"H3","EST","280300","Estonia","IND","India","Import",5,0.228,,,,8.858
"H3","EST","280300","Estonia","JPN","Japan","Import",5,0.504,,,,
"H3","EST","280300","Estonia","LTU","Lithuania","Export",6,1.106,1.689,8.788,31.249,0.493
"H3","EST","280300","Estonia","LVA","Latvia","Export",6,27.97,30.196,27.232,45.684,3.122
"H3","EST","280300","Estonia","MYS","Malaysia","Import",5,,0.103,,,
"H3","EST","280300","Estonia","NLD","Netherlands","Import",5,,,1.327,,
"H3","EST","280300","Estonia","NOR","Norway","Import",5,0.058,,,,
"H3","EST","280300","Estonia","NZL","New Zealand","Import",5,,,,,0.263
"H3","EST","280300","Estonia","POL","Poland","Export",6,,,9.609,,
"H3","EST","280300","Estonia","POL","Poland","Import",5,74.653,236.885,247.474,331.868,106.131
"H3","EST","280300","Estonia","ROM","Romania","Import",5,,,,2.203,
"H3","EST","280300","Estonia","RUS","Russian Federation","Export",6,1.903,13.184,77.157,,
"H3","EST","280300","Estonia","RUS","Russian Federation","Import",5,588.406,452.662,673.85,243.258,56.808
"H3","EST","280300","Estonia","SER","Serbia, FR(Serbia/Montenegro)","Export",6,,,,,0.94
"H3","EST","280300","Estonia","SWE","Sweden","Export",6,401.511,285.426,458.468,117.363,
"H3","EST","280300","Estonia","THA","Thailand","Import",5,,,,,0.151
"H3","EST","280300","Estonia","TUR","Turkey","Import",5,0.301,,,0.141,0.917
"H3","EST","280300","Estonia","UKR","Ukraine","Export",6,0,0,0,13.272,22.178
"H3","EST","280300","Estonia","UNS","Unspecified","Import",5,0.131,,3.642,,0.243
"H3","EST","280300","Estonia","USA","United States","Import",5,23.697,16.115,26.913,17.594,0.354
"H3","EST","280300","Estonia","WLD"," World","Export",6,432.962,330.495,581.255,207.568,26.733
"H3","EST","280300","Estonia","WLD"," World","Import",5,707.492,731.667,1017.732,613.993,182.781
"H3","ETH","280300","Ethiopia(excludes Eritrea)","ARE","United Arab Emirates","Import",5,1.587,,0.012,,
"H3","ETH","280300","Ethiopia(excludes Eritrea)","CHN","China","Import",5,514.545,1243.807,1403.507,1542.098,68.974
"H3","ETH","280300","Ethiopia(excludes Eritrea)","DEU","Germany","Import",5,210.553,,,,24.017
"H3","ETH","280300","Ethiopia(excludes Eritrea)","EGY","Egypt, Arab Rep.","Import",5,2710.027,,,1742.16,
"H3","ETH","280300","Ethiopia(excludes Eritrea)","GBR","United Kingdom","Import",5,,,100.032,21.687,0.227
"H3","ETH","280300","Ethiopia(excludes Eritrea)","IND","India","Import",5,66.596,69.621,138.641,703.18,3315.742
"H3","ETH","280300","Ethiopia(excludes Eritrea)","KOR","Korea, Rep.","Import",5,149.682,18.605,17.975,45.739,42.19
"H3","ETH","280300","Ethiopia(excludes Eritrea)","KWT","Kuwait","Import",5,,,,,0.007
"H3","ETH","280300","Ethiopia(excludes Eritrea)","LTU","Lithuania","Import",5,,,,,0.005
"H3","ETH","280300","Ethiopia(excludes Eritrea)","NLD","Netherlands","Import",5,,,0.072,,
"H3","ETH","280300","Ethiopia(excludes Eritrea)","OAS","Other Asia, nes","Import",5,22.399,9.134,0.014,,
"H3","ETH","280300","Ethiopia(excludes Eritrea)","RUS","Russian Federation","Import",5,,,,0.129,
"H3","ETH","280300","Ethiopia(excludes Eritrea)","WLD"," World","Import",5,3675.389,1341.166,2064.121,4054.992,3451.161
"H3","ETH","280300","Ethiopia(excludes Eritrea)","ZAF","South Africa","Import",5,,,403.868,,
"H3","EUN","280300","European Union","AFG","Afghanistan","Export",6,42.63,,,,
"H3","EUN","280300","European Union","AGO","Angola","Export",6,16.514,0.573,,1.715,
"H3","EUN","280300","European Union","ALB","Albania","Export",6,21.052,22.757,20.608,23.443,19.125
"H3","EUN","280300","European Union","ALB","Albania","Import",5,,,,0.601,
"H3","EUN","280300","European Union","ARE","United Arab Emirates","Export",6,26918.832,20881.893,37334.535,40241.117,28161.952
"H3","EUN","280300","European Union","ARE","United Arab Emirates","Import",5,108.188,364.357,1717.429,8543.56,2774.828
"H3","EUN","280300","European Union","ARG","Argentina","Export",6,947.71,588.046,1026.024,931.277,672.633
"H3","EUN","280300","European Union","ARG","Argentina","Import",5,650.478,,,0.136,0.096
"H3","EUN","280300","European Union","ARM","Armenia","Export",6,,,,21.291,
"H3","EUN","280300","European Union","ARM","Armenia","Import",5,,,,,0.048
"H3","EUN","280300","European Union","ATG","Antigua and Barbuda","Export",6,,90.373,,,
"H3","EUN","280300","European Union","AUS","Australia","Export",6,1638.875,1311.762,1787.002,1912.243,1459.871
"H3","EUN","280300","European Union","AUS","Australia","Import",5,5.537,2.133,3.502,2.922,5.787
"H3","EUN","280300","European Union","AZE","Azerbaijan","Export",6,2703.467,6711.012,3165.69,20.799,6532.936
"H3","EUN","280300","European Union","BEN","Benin","Export",6,,,1.615,3.681,0.886
"H3","EUN","280300","European Union","BFA","Burkina Faso","Export",6,3.971,4.815,1.553,0.51,
"H3","EUN","280300","European Union","BGD","Bangladesh","Export",6,336.434,415.906,470.957,333.31,415.194
"H3","EUN","280300","European Union","BGD","Bangladesh","Import",5,,,,0.002,
"H3","EUN","280300","European Union","BHR","Bahrain","Export",6,17.439,13.597,7.754,0.074,
"H3","EUN","280300","European Union","BHS","Bahamas, The","Export",6,7.652,,8.186,,4.595
"H3","EUN","280300","European Union","BIH","Bosnia and Herzegovina","Export",6,65.011,54.43,31.921,24.812,20.47
"H3","EUN","280300","European Union","BIH","Bosnia and Herzegovina","Import",5,,1.323,,0.021,3.984
"H3","EUN","280300","European Union","BLR","Belarus","Export",6,593.228,392.762,413.417,148.416,209.444
"H3","EUN","280300","European Union","BLR","Belarus","Import",5,119.111,2379.655,12159.942,23007.894,20998.953
"H3","EUN","280300","European Union","BMU","Bermuda","Export",6,,,6.256,9.906,3.643
"H3","EUN","280300","European Union","BOL","Bolivia","Export",6,61.119,63.266,402.811,,
"H3","EUN","280300","European Union","BRA","Brazil","Export",6,6158.48,6657.365,13288.069,17206.611,14810.3
"H3","EUN","280300","European Union","BRA","Brazil","Import",5,1976.764,258.416,398.081,655.647,905.296
"H3","EUN","280300","European Union","BUN","Bunkers","Export",6,0.509,,,,
"H3","EUN","280300","European Union","CAF","Central African Republic","Import",5,,,,36.52,
"H3","EUN","280300","European Union","CAN","Canada","Export",6,298.689,502.704,837.185,1582.913,205.515
"H3","EUN","280300","European Union","CAN","Canada","Import",5,17089.815,14482.339,22510.851,23062.253,18738.215
"H3","EUN","280300","European Union","CHE","Switzerland","Export",6,19986.3,17289.293,24476.58,31679.149,26795.952
"H3","EUN","280300","European Union","CHE","Switzerland","Import",5,474.025,94.831,147.667,133.317,153.191
"H3","EUN","280300","European Union","CHL","Chile","Export",6,213.555,241.079,692.397,337.961,220.832
"H3","EUN","280300","European Union","CHL","Chile","Import",5,,,0.31,,0.337
"H3","EUN","280300","European Union","CHN","China","Export",6,56539.425,68078.395,97556.086,130418.74,127327.431
"H3","EUN","280300","European Union","CHN","China","Import",5,13567.751,6075.608,13089.113,334910.324,134126.285
"H3","EUN","280300","European Union","CIV","Cote d'Ivoire","Export",6,186.546,118.042,80.906,6.9,113.376
"H3","EUN","280300","European Union","CMR","Cameroon","Export",6,5.258,70.256,72.107,0.929,12.118
"H3","EUN","280300","European Union","COG","Congo, Rep.","Export",6,8.291,2.516,,,
"H3","EUN","280300","European Union","COL","Colombia","Export",6,887.986,616.982,796.362,1166.939,832.577
"H3","EUN","280300","European Union","COL","Colombia","Import",5,2372.167,1320.83,966.158,769.971,768.325
"H3","EUN","280300","European Union","CPV","Cape Verde","Export",6,2.13,2.717,,,4.43
"H3","EUN","280300","European Union","CRI","Costa Rica","Export",6,393.328,532.18,377.431,1217.006,4.66
"H3","EUN","280300","European Union","CRI","Costa Rica","Import",5,,,23.613,,
"H3","EUN","280300","European Union","CUB","Cuba","Export",6,60.716,,6.737,30.961,
"H3","EUN","280300","European Union","DJI","Djibouti","Export",6,,,,1.634,0.128
"H3","EUN","280300","European Union","DOM","Dominican Republic","Export",6,221.045,235.439,321.946,369.878,144.646
"H3","EUN","280300","European Union","DOM","Dominican Republic","Import",5,,,0.174,,
"H3","EUN","280300","European Union","DZA","Algeria","Export",6,2115.599,2178.28,1825.927,420.425,1548.743
"H3","EUN","280300","European Union","DZA","Algeria","Import",5,,,0.06,,
"H3","EUN","280300","European Union","ECU","Ecuador","Export",6,412.433,298.551,375.723,656.776,680.854
"H3","EUN","280300","European Union","ECU","Ecuador","Import",5,,,,0.034,
"H3","EUN","280300","European Union","EGY","Egypt, Arab Rep.","Export",6,1829.915,2266.979,3549.308,3597.592,2902.822
"H3","EUN","280300","European Union","EGY","Egypt, Arab Rep.","Import",5,33047.667,24557.614,52281.661,105845.511,120826.397
"H3","EUN","280300","European Union","ETH","Ethiopia(excludes Eritrea)","Export",6,,,0.247,0.043,9.471
"H3","EUN","280300","European Union","FRO","Faeroe Islands","Export",6,,11.189,2.207,,
"H3","EUN","280300","European Union","GAB","Gabon","Export",6,14.3,5.164,14.206,,12.862
"H3","EUN","280300","European Union","GAB","Gabon","Import",5,,,,,0.436
"H3","EUN","280300","European Union","GBR","United Kingdom","Export",6,,35110.852,52104.013,58345.539,57535.135
"H3","EUN","280300","European Union","GBR","United Kingdom","Import",5,,21597.213,3977.309,4727.94,7214.821
"H3","EUN","280300","European Union","GEO","Georgia","Export",6,,,,1.595,3.794
"H3","EUN","280300","European Union","GEO","Georgia","Import",5,,,,0.044,42.884
"H3","EUN","280300","European Union","GHA","Ghana","Export",6,4.982,12.291,,,1.645
"H3","EUN","280300","European Union","GHA","Ghana","Import",5,0.656,,,,
"H3","EUN","280300","European Union","GIB","Gibraltar","Export",6,,0.915,,,0.025
"H3","EUN","280300","European Union","GIN","Guinea","Export",6,129.221,95.088,205.149,113.641,276.973
"H3","EUN","280300","European Union","GNQ","Equatorial Guinea","Export",6,0.787,,,0.428,
"H3","EUN","280300","European Union","GRL","Greenland","Export",6,12.416,,,,
"H3","EUN","280300","European Union","GTM","Guatemala","Export",6,62.298,66.701,144.907,97.375,105.027
"H3","EUN","280300","European Union","GUM","Guam","Import",5,,,,0.306,
"H3","EUN","280300","European Union","HKG","Hong Kong, China","Export",6,11335.972,11218.458,13294.965,6452.718,1282.87
"H3","EUN","280300","European Union","HKG","Hong Kong, China","Import",5,10.842,8.977,91.684,27.596,271.258
"H3","EUN","280300","European Union","HND","Honduras","Import",5,,,,,0.048
"H3","EUN","280300","European Union","IDN","Indonesia","Export",6,2561.491,2652.792,3351.651,3282.945,3448.102
"H3","EUN","280300","European Union","IDN","Indonesia","Import",5,,,0.14,0.748,0.544
"H3","EUN","280300","European Union","IND","India","Export",6,14239.741,15611.707,18928.777,19436.47,19286.432
"H3","EUN","280300","European Union","IND","India","Import",5,5398.28,5839.392,6706.37,67636.668,58970.736
"H3","EUN","280300","European Union","IRN","Iran, Islamic Rep.","Export",6,795.635,251.468,105.492,724.198,506.467
"H3","EUN","280300","European Union","IRN","Iran, Islamic Rep.","Import",5,312.102,,84.284,987.491,228.927
"H3","EUN","280300","European Union","ISL","Iceland","Export",6,0.031,0.503,0.757,0.539,0.003
"H3","EUN","280300","European Union","ISR","Israel","Export",6,2320.717,1873.141,2727.737,2634.753,1757.016
"H3","EUN","280300","European Union","ISR","Israel","Import",5,28.301,1.502,7.446,28.889,166.466
"H3","EUN","280300","European Union","JAM","Jamaica","Export",6,27.061,,31.059,,
"H3","EUN","280300","European Union","JAM","Jamaica","Import",5,,,,,0.079
"H3","EUN","280300","European Union","JOR","Jordan","Export",6,284.525,165.492,140.738,336.852,308.842
"H3","EUN","280300","European Union","JPN","Japan","Export",6,30302.047,21704.737,29163.493,25599.463,16815.575
"H3","EUN","280300","European Union","JPN","Japan","Import",5,17870.152,20621.839,26052.396,41413.153,45666.152
"H3","EUN","280300","European Union","KAZ","Kazakhstan","Export",6,,20.054,96.261,45.842,244.512
"H3","EUN","280300","European Union","KAZ","Kazakhstan","Import",5,,,,,0.002
"H3","EUN","280300","European Union","KEN","Kenya","Export",6,301.709,448.982,356.174,427.424,624.219
"H3","EUN","280300","European Union","KGZ","Kyrgyz Republic","Export",6,,,0.106,,
"H3","EUN","280300","European Union","KHM","Cambodia","Export",6,,0.282,,,0.842
"H3","EUN","280300","European Union","KHM","Cambodia","Import",5,,,0.025,,
"H3","EUN","280300","European Union","KOR","Korea, Rep.","Export",6,12279.24,12648.461,15084.963,19172.443,13972.485
"H3","EUN","280300","European Union","KOR","Korea, Rep.","Import",5,5470.392,6510.956,9313.685,11644.082,11908.161
"H3","EUN","280300","European Union","KWT","Kuwait","Export",6,109.083,69.978,17.242,121.962,41.986
"H3","EUN","280300","European Union","LAO","Lao PDR","Export",6,0.134,,,,
"H3","EUN","280300","European Union","LAO","Lao PDR","Import",5,,0.102,,0.034,
"H3","EUN","280300","European Union","LBN","Lebanon","Export",6,316.241,242.23,316.254,528.843,435.798
"H3","EUN","280300","European Union","LBR","Liberia","Export",6,31.633,47.698,14.638,61.465,50.43
"H3","EUN","280300","European Union","LBY","Libya","Export",6,,,,5.85,
"H3","EUN","280300","European Union","LBY","Libya","Import",5,,0.063,,,
"H3","EUN","280300","European Union","LKA","Sri Lanka","Export",6,230.776,394.964,181.72,328.973,1229.072
"H3","EUN","280300","European Union","LKA","Sri Lanka","Import",5,,0.725,7.174,,0.015
"H3","EUN","280300","European Union","MAR","Morocco","Export",6,1334.169,1926.442,1548.514,2264.583,2173.476
"H3","EUN","280300","European Union","MAR","Morocco","Import",5,,9.572,4.073,0.194,32.636
"H3","EUN","280300","European Union","MDA","Moldova","Export",6,30.847,30.602,38.616,17.43,28.52
"H3","EUN","280300","European Union","MDG","Madagascar","Export",6,9.269,,,1.942,2.228
"H3","EUN","280300","European Union","MDV","Maldives","Export",6,,,,1.123,
"H3","EUN","280300","European Union","MEX","Mexico","Export",6,3186.263,4382.196,4251.606,5498.82,10291.048
"H3","EUN","280300","European Union","MEX","Mexico","Import",5,5755.647,1890.527,3929.231,5323.294,3343.242
"H3","EUN","280300","European Union","MHL","Marshall Islands","Export",6,18.473,45.154,19.264,55.798,87.535
"H3","EUN","280300","European Union","MKD","North Macedonia","Export",6,57.062,30.306,35.893,40.074,47.615
"H3","EUN","280300","European Union","MLI","Mali","Export",6,44.311,76.629,40.842,1.043,
"H3","EUN","280300","European Union","MMR","Myanmar","Export",6,,9.47,8.683,,12.84
"H3","EUN","280300","European Union","MNT","Montenegro","Export",6,0.133,,,,
"H3","EUN","280300","European Union","MOZ","Mozambique","Export",6,,1.781,,,
"H3","EUN","280300","European Union","MOZ","Mozambique","Import",5,,,,,0.059
"H3","EUN","280300","European Union","MUS","Mauritius","Export",6,16.615,18.408,50.832,20.891,13.07
"H3","EUN","280300","European Union","MUS","Mauritius","Import",5,,,8.266,13.736,12.113
"H3","EUN","280300","European Union","MYS","Malaysia","Export",6,4852.471,3609.956,5215.361,4670.422,3723.257
"H3","EUN","280300","European Union","MYS","Malaysia","Import",5,15.12,0.2,0.33,0.108,0.174
"H3","EUN","280300","European Union","NAM","Namibia","Export",6,,,5.956,,
"H3","EUN","280300","European Union","NCL","New Caledonia","Export",6,,,0.034,,
"H3","EUN","280300","European Union","NER","Niger","Export",6,,1.186,,0.714,
"H3","EUN","280300","European Union","NGA","Nigeria","Export",6,251.779,215.116,436.286,177.757,215.24
"H3","EUN","280300","European Union","NGA","Nigeria","Import",5,0.021,,0.002,376.547,0.096
"H3","EUN","280300","European Union","NOR","Norway","Export",6,677.901,414.74,528.167,613.325,512.93
"H3","EUN","280300","European Union","NOR","Norway","Import",5,25.207,11.679,37.934,10.469,28.435
"H3","EUN","280300","European Union","NPL","Nepal","Import",5,,,,0.394,3.621
"H3","EUN","280300","European Union","NZL","New Zealand","Export",6,282.045,147.249,224.013,426.928,133.158
"H3","EUN","280300","European Union","NZL","New Zealand","Import",5,2.355,,0.829,0.127,10.514
"H3","EUN","280300","European Union","OAS","Other Asia, nes","Export",6,6347.426,6219.404,5267.476,6615.486,3901.413
"H3","EUN","280300","European Union","OAS","Other Asia, nes","Import",5,143.934,77.201,127.946,200.155,465.326
"H3","EUN","280300","European Union","OMN","Oman","Export",6,343.638,260.336,20.054,0.856,30.46
"H3","EUN","280300","European Union","PAK","Pakistan","Export",6,992.332,971.284,1133.1,902.633,796.288
"H3","EUN","280300","European Union","PAK","Pakistan","Import",5,,,,0.006,
"H3","EUN","280300","European Union","PAN","Panama","Export",6,18.615,,0.446,256.782,
"H3","EUN","280300","European Union","PER","Peru","Export",6,444.44,421.542,533.669,728.437,606.946
"H3","EUN","280300","European Union","PER","Peru","Import",5,,0.167,,,
"H3","EUN","280300","European Union","PHL","Philippines","Export",6,117.839,330.41,461.731,632.181,693.908
"H3","EUN","280300","European Union","PHL","Philippines","Import",5,,0.287,,0.401,
"H3","EUN","280300","European Union","PRK","Korea, Dem. Rep.","Import",5,,,,,31.825
"H3","EUN","280300","European Union","PYF","French Polynesia","Export",6,,,,,0.002
"H3","EUN","280300","European Union","PYF","French Polynesia","Import",5,,,0.061,,
"H3","EUN","280300","European Union","QAT","Qatar","Export",6,5.745,35.968,34.772,19.423,25.587
"H3","EUN","280300","European Union","QAT","Qatar","Import",5,0.041,,,1.251,
"H3","EUN","280300","European Union","RUS","Russian Federation","Export",6,6317.559,4396.736,5555.127,1652.434,1183.786
"H3","EUN","280300","European Union","RUS","Russian Federation","Import",5,524769.49,327792.748,528372.94,562949.031,265683.958
"H3","EUN","280300","European Union","RWA","Rwanda","Export",6,,1.876,,,
"H3","EUN","280300","European Union","SAU","Saudi Arabia","Export",6,21972.827,16305.479,22323.829,30701.747,23349.19
"H3","EUN","280300","European Union","SAU","Saudi Arabia","Import",5,12237.356,7020.964,9195.625,12574.177,12739.387
"H3","EUN","280300","European Union","SEN","Senegal","Export",6,5.674,19.349,37.893,11.453,22.177
"H3","EUN","280300","European Union","SEN","Senegal","Import",5,0.184,,,0.068,0.037
"H3","EUN","280300","European Union","SER","Serbia, FR(Serbia/Montenegro)","Export",6,17406.249,12769.077,20884.23,32065.434,46083.515
"H3","EUN","280300","European Union","SER","Serbia, FR(Serbia/Montenegro)","Import",5,18.426,21.426,36.211,1288.27,286.089
"H3","EUN","280300","European Union","SGP","Singapore","Export",6,2015.775,1108.311,1596.78,2247.047,70.492
"H3","EUN","280300","European Union","SGP","Singapore","Import",5,11088.03,12651.105,12669.785,23337.194,22482.237
"H3","EUN","280300","European Union","SLV","El Salvador","Export",6,165.786,161.922,190.315,255.112,155.203
"H3","EUN","280300","European Union","SMR","San Marino","Export",6,0.006,,,,
"H3","EUN","280300","European Union","SPE","Special Categories","Export",6,,52.626,111.622,,
"H3","EUN","280300","European Union","SPE","Special Categories","Import",5,12351.037,5595.243,386.188,,
"H3","EUN","280300","European Union","STP","Sao Tome and Principe","Export",6,,,1.839,,
"H3","EUN","280300","European Union","SUR","Suriname","Export",6,15.764,,,28.303,36.439
"H3","EUN","280300","European Union","SXM","Saint Maarten (Dutch part)","Export",6,3.106,,,,
"H3","EUN","280300","European Union","TCD","Chad","Export",6,,1.243,,,
"H3","EUN","280300","European Union","TGO","Togo","Export",6,,,,19.282,4.852
"H3","EUN","280300","European Union","TGO","Togo","Import",5,,,,,0.147
"H3","EUN","280300","European Union","THA","Thailand","Export",6,10290.157,15552.8,36240.354,18266.619,17546.884
"H3","EUN","280300","European Union","THA","Thailand","Import",5,7567.413,6753.175,9201.244,16142.714,8551.863
"H3","EUN","280300","European Union","TKM","Turkmenistan","Import",5,279.063,63.245,,926.759,1405.54
"H3","EUN","280300","European Union","TTO","Trinidad and Tobago","Export",6,17.332,103.052,138.22,,
"H3","EUN","280300","European Union","TUN","Tunisia","Export",6,1426.687,1716.374,1206.978,2290.044,889.989
"H3","EUN","280300","European Union","TUN","Tunisia","Import",5,1.85,0.159,,,
"H3","EUN","280300","European Union","TUR","Turkey","Export",6,78055.067,65559.845,96971.666,134411.748,124311.791
"H3","EUN","280300","European Union","TUR","Turkey","Import",5,522.179,365.388,713.906,3102.627,1631.879
"H3","EUN","280300","European Union","TZA","Tanzania","Export",6,25.913,12.822,28.526,,
"H3","EUN","280300","European Union","UGA","Uganda","Export",6,135.026,124.387,142.214,324.096,223.667
"H3","EUN","280300","European Union","UGA","Uganda","Import",5,,0.243,,,
"H3","EUN","280300","European Union","UKR","Ukraine","Export",6,530.58,526.563,1084.005,559.383,2934.891
"H3","EUN","280300","European Union","UKR","Ukraine","Import",5,58877.01,36724.702,53742.608,39286.491,22374.973
"H3","EUN","280300","European Union","UNS","Unspecified","Export",6,,,0.095,0.516,7.582
"H3","EUN","280300","European Union","UNS","Unspecified","Import",5,5.204,,51.061,1.655,107.146
"H3","EUN","280300","European Union","URY","Uruguay","Export",6,0.026,,,,28.125
"H3","EUN","280300","European Union","USA","United States","Export",6,40480.25,36183.699,49359.664,49437.389,47176.822
"H3","EUN","280300","European Union","USA","United States","Import",5,68317.724,48566.151,68269.09,74252.724,64368.866
"H3","EUN","280300","European Union","UZB","Uzbekistan","Export",6,,1.918,22.223,83.118,111.419
"H3","EUN","280300","European Union","VEN","Venezuela","Export",6,177.866,80.911,501.667,101.076,317.909
"H3","EUN","280300","European Union","VEN","Venezuela","Import",5,,131.699,1239.374,1410.625,768.034
"H3","EUN","280300","European Union","VNM","Vietnam","Export",6,648.39,745.158,1263.912,1755.856,842.418
"H3","EUN","280300","European Union","VNM","Vietnam","Import",5,,7.689,,2.851,0.079
"H3","EUN","280300","European Union","WLD"," World","Export",6,399582.869,410727.79,589947.283,673439.252,625033.923
"H3","EUN","280300","European Union","WLD"," World","Import",5,801029.223,552162.823,839761.799,1375215.077,830022.197
"H3","EUN","280300","European Union","YEM","Yemen","Export",6,,1.189,2.366,,
"H3","EUN","280300","European Union","ZAF","South Africa","Export",6,2804.561,3859.156,7204.316,6155.037,5318.375
"H3","EUN","280300","European Union","ZAF","South Africa","Import",5,549.703,361.378,2236.021,10577.544,1921.651
"H3","EUN","280300","European Union","ZAR","Congo, Dem. Rep.","Export",6,2.72,,6.278,40.541,68.157
"H3","FIN","280300","Finland","ARE","United Arab Emirates","Import",5,,,0.014,,
"H3","FIN","280300","Finland","AUS","Australia","Import",5,,0.018,,0.001,0.001
"H3","FIN","280300","Finland","BEL","Belgium","Import",5,4492.434,7454.503,12597.793,2548.579,5504.742
"H3","FIN","280300","Finland","BLR","Belarus","Export",6,,,,6.722,
"H3","FIN","280300","Finland","BLR","Belarus","Import",5,,0.008,,,
"H3","FIN","280300","Finland","CAN","Canada","Export",6,,,,0.001,0.216
"H3","FIN","280300","Finland","CAN","Canada","Import",5,14.837,10.773,1079.7,791.547,7.908
"H3","FIN","280300","Finland","CHE","Switzerland","Export",6,,,,0.021,2.228
"H3","FIN","280300","Finland","CHE","Switzerland","Import",5,,,0.594,4.379,0.265
"H3","FIN","280300","Finland","CHN","China","Export",6,0.001,,,0.056,1.075
"H3","FIN","280300","Finland","CHN","China","Import",5,210.562,251.939,305.954,667.248,124.091
"H3","FIN","280300","Finland","CZE","Czech Republic","Import",5,88.161,106.902,178.208,4.755,27.81
"H3","FIN","280300","Finland","DEU","Germany","Export",6,10.517,8.597,11.288,14.581,8.596
"H3","FIN","280300","Finland","DEU","Germany","Import",5,2774.754,2915.697,4762.105,11578.011,8019.294
"H3","FIN","280300","Finland","DNK","Denmark","Export",6,1.004,0.705,3.437,25.276,
"H3","FIN","280300","Finland","DNK","Denmark","Import",5,152.579,262.507,333.12,262.709,1043.381
"H3","FIN","280300","Finland","EGY","Egypt, Arab Rep.","Import",5,1071.525,410.217,1139.016,11088.879,14798.903
"H3","FIN","280300","Finland","ESP","Spain","Import",5,2059.563,2406.966,3502.63,10001.734,12080.952
"H3","FIN","280300","Finland","EST","Estonia","Export",6,2.667,21.293,54.829,16.365,3.429
"H3","FIN","280300","Finland","EST","Estonia","Import",5,,,,,0.649
"H3","FIN","280300","Finland","FRA","France","Export",6,,,1.983,,
"H3","FIN","280300","Finland","FRA","France","Import",5,0.339,,,,
"H3","FIN","280300","Finland","GBR","United Kingdom","Export",6,,,18.842,0.042,0.035
"H3","FIN","280300","Finland","GBR","United Kingdom","Import",5,33.917,27.589,59.423,64.31,32.492
"H3","FIN","280300","Finland","HKG","Hong Kong, China","Import",5,,,7.167,,
"H3","FIN","280300","Finland","HRV","Croatia","Import",5,,95.97,,,
"H3","FIN","280300","Finland","HUN","Hungary","Import",5,879.894,30.572,220.489,1.148,
"H3","FIN","280300","Finland","IND","India","Export",6,,,,0.007,0.011
"H3","FIN","280300","Finland","IND","India","Import",5,0.043,1.103,0.102,77.846,528.365
"H3","FIN","280300","Finland","ITA","Italy","Import",5,339.485,322.697,361.288,392.094,1096.11
"H3","FIN","280300","Finland","JPN","Japan","Export",6,,,0.005,0.269,1.978
"H3","FIN","280300","Finland","JPN","Japan","Import",5,20.34,23.294,43.573,79.287,151.661
"H3","FIN","280300","Finland","KOR","Korea, Rep.","Export",6,,,,,0.087
"H3","FIN","280300","Finland","KOR","Korea, Rep.","Import",5,232.335,46.506,326.983,115.424,123.756
"H3","FIN","280300","Finland","LTU","Lithuania","Export",6,3.769,,,1.74,
"H3","FIN","280300","Finland","LUX","Luxembourg","Import",5,3.425,,,,0.964
"H3","FIN","280300","Finland","LVA","Latvia","Export",6,1.029,0.083,4.535,,
"H3","FIN","280300","Finland","LVA","Latvia","Import",5,,,,,0.041
"H3","FIN","280300","Finland","MEX","Mexico","Export",6,,,,4.683,
"H3","FIN","280300","Finland","MEX","Mexico","Import",5,2.466,,,,
"H3","FIN","280300","Finland","NLD","Netherlands","Export",6,0.636,14.616,4.972,,29.676
"H3","FIN","280300","Finland","NLD","Netherlands","Import",5,332.303,39.405,70.838,350.457,649.547
"H3","FIN","280300","Finland","NOR","Norway","Export",6,,,,0.008,0.011
"H3","FIN","280300","Finland","NOR","Norway","Import",5,6.83,8.771,,0.021,14.073
"H3","FIN","280300","Finland","OAS","Other Asia, nes","Export",6,,,,0.005,
"H3","FIN","280300","Finland","POL","Poland","Export",6,3.171,2.941,9.008,7.162,16.203
"H3","FIN","280300","Finland","POL","Poland","Import",5,1366.514,362.397,773.758,11.873,2.392
"H3","FIN","280300","Finland","PRT","Portugal","Import",5,,,,0.636,
"H3","FIN","280300","Finland","RUS","Russian Federation","Export",6,254.257,180.758,161.703,133.974,
"H3","FIN","280300","Finland","RUS","Russian Federation","Import",5,7469.611,4673.72,8039.036,6701.657,361.085
"H3","FIN","280300","Finland","SAU","Saudi Arabia","Import",5,1.393,,,,
"H3","FIN","280300","Finland","SEN","Senegal","Import",5,,,,,0.003
"H3","FIN","280300","Finland","SGP","Singapore","Import",5,44.708,47.739,55.13,124.007,118.301
"H3","FIN","280300","Finland","SWE","Sweden","Export",6,0.093,6.593,6.964,7.186,
"H3","FIN","280300","Finland","SWE","Sweden","Import",5,1961.703,1146.607,2128.159,2019.938,2451.683
"H3","FIN","280300","Finland","THA","Thailand","Export",6,,,,0.105,0.108
"H3","FIN","280300","Finland","TUR","Turkey","Export",6,,,,,0.001
"H3","FIN","280300","Finland","TUR","Turkey","Import",5,,0.471,,1,4.037
"H3","FIN","280300","Finland","UKR","Ukraine","Export",6,,,2.671,2.946,
"H3","FIN","280300","Finland","UKR","Ukraine","Import",5,,0.969,22.442,,
"H3","FIN","280300","Finland","USA","United States","Export",6,0.008,0.001,0.009,256.919,0.438
"H3","FIN","280300","Finland","USA","United States","Import",5,3397.169,3391.911,3112.103,2528.657,838.328
"H3","FIN","280300","Finland","VNM","Vietnam","Import",5,,,,,0.231
"H3","FIN","280300","Finland","WLD"," World","Export",6,277.153,235.589,280.247,478.068,64.091
"H3","FIN","280300","Finland","WLD"," World","Import",5,26956.889,24039.25,39119.625,51853.758,48600.09
"H3","FIN","280300","Finland","ZAF","South Africa","Export",6,,0.002,,,
"H3","FIN","280300","Finland","ZAF","South Africa","Import",5,,,,2437.562,619.025
"H3","FJI","280300","Fiji","AUS","Australia","Import",5,1.511,4.419,,,
"H3","FJI","280300","Fiji","CHN","China","Import",5,1.295,,,155.332,0.007
"H3","FJI","280300","Fiji","IND","India","Import",5,1.16,0.57,,0.077,
"H3","FJI","280300","Fiji","NZL","New Zealand","Import",5,23.441,11.848,12.024,6.153,8.596
"H3","FJI","280300","Fiji","WLD"," World","Export",6,0,0,,,
"H3","FJI","280300","Fiji","WLD"," World","Import",5,31.79,16.837,12.024,161.562,8.603
"H3","FJI","280300","Fiji","WSM","Samoa","Export",6,0,0,,,
"H3","FJI","280300","Fiji","ZAF","South Africa","Import",5,4.383,,,,
"H3","FRA","280300","France","AGO","Angola","Export",6,,0.547,,,
"H3","FRA","280300","France","ALB","Albania","Export",6,2.281,,,,
"H3","FRA","280300","France","ALB","Albania","Import",5,,,,0.605,
"H3","FRA","280300","France","ARE","United Arab Emirates","Export",6,2045.982,2650.348,2099.777,2140.748,1124.551
"H3","FRA","280300","France","ARE","United Arab Emirates","Import",5,,0.092,,0.003,2.791
"H3","FRA","280300","France","ARG","Argentina","Export",6,474.822,218.427,30.34,47.135,1.458
"H3","FRA","280300","France","ARG","Argentina","Import",5,0.096,,,,0.097
"H3","FRA","280300","France","ARM","Armenia","Import",5,,,,,0.048
"H3","FRA","280300","France","AUS","Australia","Export",6,4.479,2.04,0.419,0.753,7.085
"H3","FRA","280300","France","AUS","Australia","Import",5,2.998,,1.061,0.1,0.692
"H3","FRA","280300","France","AUT","Austria","Export",6,148.551,35.519,106.702,285.114,1223.499
"H3","FRA","280300","France","AUT","Austria","Import",5,4725.041,1735.103,3894.693,5429.558,2226.433
"H3","FRA","280300","France","BEL","Belgium","Export",6,12231.862,9769.062,16886.786,12587.185,17115.08
"H3","FRA","280300","France","BEL","Belgium","Import",5,1058.865,1498.386,4510.411,5763.549,3546.76
"H3","FRA","280300","France","BEN","Benin","Export",6,,,0.528,2.097,
"H3","FRA","280300","France","BFA","Burkina Faso","Export",6,,,,0.512,
"H3","FRA","280300","France","BGR","Bulgaria","Export",6,1.472,0.278,1.325,4.212,3.638
"H3","FRA","280300","France","BGR","Bulgaria","Import",5,,,,,50.374
"H3","FRA","280300","France","BHR","Bahrain","Export",6,0.38,,,,
"H3","FRA","280300","France","BLM","Saint Barthélemy","Export",6,,,0.09,,
"H3","FRA","280300","France","BLR","Belarus","Import",5,,17.274,827.241,4155.381,
"H3","FRA","280300","France","BRA","Brazil","Export",6,519.341,714.766,1474.995,4001.642,3202.63
"H3","FRA","280300","France","BRA","Brazil","Import",5,,3.287,0.029,3.747,120.385
"H3","FRA","280300","France","CAN","Canada","Export",6,43.466,68.829,35.682,65.159,0.055
"H3","FRA","280300","France","CAN","Canada","Import",5,2426.058,2080.352,3432.2,3461.636,2889.928
"H3","FRA","280300","France","CHE","Switzerland","Export",6,5716.71,5008.341,2701.137,554.559,439.557
"H3","FRA","280300","France","CHE","Switzerland","Import",5,142.172,111.534,387.392,687.324,436.709
"H3","FRA","280300","France","CHL","Chile","Export",6,2.961,1.196,18.346,10.746,11.063
"H3","FRA","280300","France","CHL","Chile","Import",5,,,,,0.052
"H3","FRA","280300","France","CHN","China","Export",6,435.793,742.375,3517.91,4177.345,3865.393
"H3","FRA","280300","France","CHN","China","Import",5,412.01,395.462,941.694,15053.85,9260.865
"H3","FRA","280300","France","CIV","Cote d'Ivoire","Export",6,12.533,11.954,0.633,,
"H3","FRA","280300","France","CMR","Cameroon","Export",6,1.945,44.57,32.122,,0.002
"H3","FRA","280300","France","COG","Congo, Rep.","Export",6,6.055,,,,
"H3","FRA","280300","France","COL","Colombia","Export",6,109.22,125.686,48.211,39.517,17.844
"H3","FRA","280300","France","COL","Colombia","Import",5,11.083,5.759,,0.652,
"H3","FRA","280300","France","CRI","Costa Rica","Export",6,280.968,356.6,335.299,,
"H3","FRA","280300","France","CZE","Czech Republic","Export",6,1124.159,682.702,3051.588,4812.387,3151.274
"H3","FRA","280300","France","CZE","Czech Republic","Import",5,11484.897,4037.282,4740.46,11050.263,8815.461
"H3","FRA","280300","France","DEU","Germany","Export",6,18715.976,14943.57,22352.189,22484.209,22465.112
"H3","FRA","280300","France","DEU","Germany","Import",5,35746.253,27169.982,37673.207,50431.277,38042.154
"H3","FRA","280300","France","DJI","Djibouti","Export",6,,,,1.643,0.129
"H3","FRA","280300","France","DNK","Denmark","Export",6,10.479,6.978,10.715,13.104,
"H3","FRA","280300","France","DNK","Denmark","Import",5,219.049,156.956,87.918,154.651,171.061
"H3","FRA","280300","France","DZA","Algeria","Export",6,133.129,7.668,24.035,,39.005
"H3","FRA","280300","France","DZA","Algeria","Import",5,,,0.06,,
"H3","FRA","280300","France","EGY","Egypt, Arab Rep.","Export",6,1.827,89.845,35.046,73.383,81.677
"H3","FRA","280300","France","EGY","Egypt, Arab Rep.","Import",5,,,10299.846,13307.222,25344.405
"H3","FRA","280300","France","ESP","Spain","Export",6,15078.585,14397.692,16670.41,27782.688,26742.589
"H3","FRA","280300","France","ESP","Spain","Import",5,7467.643,5012.133,4253.354,6234.125,5273.211
"H3","FRA","280300","France","ETH","Ethiopia(excludes Eritrea)","Export",6,,,0.254,,
"H3","FRA","280300","France","FIN","Finland","Export",6,,,,,16.513
"H3","FRA","280300","France","FRA","France","Import",5,0,0,0,0,0
"H3","FRA","280300","France","GAB","Gabon","Import",5,,,,,0.439
"H3","FRA","280300","France","GBR","United Kingdom","Export",6,4195.014,2552.872,3399.456,4440.82,4862.07
"H3","FRA","280300","France","GBR","United Kingdom","Import",5,1045.266,849.544,689.291,712.625,787.875
"H3","FRA","280300","France","GEO","Georgia","Import",5,,,,0.011,43.243
"H3","FRA","280300","France","GRC","Greece","Export",6,0.401,1.733,,0.213,7.333
"H3","FRA","280300","France","GTM","Guatemala","Export",6,,3.804,,,
"H3","FRA","280300","France","HKG","Hong Kong, China","Export",6,,0.734,1.271,65.647,59.732
"H3","FRA","280300","France","HKG","Hong Kong, China","Import",5,0.382,,5.601,0.093,2.437
"H3","FRA","280300","France","HND","Honduras","Import",5,,,,,0.048
"H3","FRA","280300","France","HRV","Croatia","Export",6,,,,0.834,
"H3","FRA","280300","France","HRV","Croatia","Import",5,,0.095,0.057,,
"H3","FRA","280300","France","HUN","Hungary","Export",6,8.523,414.318,0.278,620.468,6.554
"H3","FRA","280300","France","HUN","Hungary","Import",5,560.886,1841.746,895.399,971.388,1207.022
"H3","FRA","280300","France","IDN","Indonesia","Export",6,239.891,160.33,123.794,13.574,0.227
"H3","FRA","280300","France","IDN","Indonesia","Import",5,,,,0.362,
"H3","FRA","280300","France","IND","India","Export",6,376.728,418.611,574.246,199.15,363.437
"H3","FRA","280300","France","IND","India","Import",5,162.396,115.009,378.202,1353.379,3275.16
"H3","FRA","280300","France","IRL","Ireland","Export",6,,,,,0.068
"H3","FRA","280300","France","IRL","Ireland","Import",5,,,,,21.19
"H3","FRA","280300","France","IRN","Iran, Islamic Rep.","Import",5,10.53,,,,
"H3","FRA","280300","France","ISR","Israel","Export",6,1.31,2.095,,0.898,0.436
"H3","FRA","280300","France","ISR","Israel","Import",5,5.401,,0.676,6.336,157.399
"H3","FRA","280300","France","ITA","Italy","Export",6,3703.842,3229.587,8225.852,6205.438,3878.187
"H3","FRA","280300","France","ITA","Italy","Import",5,13941.719,8532.653,9678.061,12639.269,11458.174
"H3","FRA","280300","France","JOR","Jordan","Export",6,,,0.001,,
"H3","FRA","280300","France","JPN","Japan","Export",6,147.481,,10.179,57.86,7.21
"H3","FRA","280300","France","JPN","Japan","Import",5,1017.178,787.343,1116.584,1306.654,860.1
"H3","FRA","280300","France","KEN","Kenya","Export",6,,1.669,32.919,,
"H3","FRA","280300","France","KHM","Cambodia","Export",6,,0.278,,,0.849
"H3","FRA","280300","France","KOR","Korea, Rep.","Export",6,5.962,132.191,192.58,55.562,9.03
"H3","FRA","280300","France","KOR","Korea, Rep.","Import",5,239.659,262.82,333.227,431.504,72.883
"H3","FRA","280300","France","LAO","Lao PDR","Export",6,0.134,,,,
"H3","FRA","280300","France","LAO","Lao PDR","Import",5,,0.105,,,
"H3","FRA","280300","France","LBN","Lebanon","Export",6,,1.462,,,
"H3","FRA","280300","France","LKA","Sri Lanka","Export",6,,,,56.572,57.545
"H3","FRA","280300","France","LKA","Sri Lanka","Import",5,,,,4.153,177.538
"H3","FRA","280300","France","LTU","Lithuania","Export",6,31.229,55.926,35.729,26.666,32.241
"H3","FRA","280300","France","LUX","Luxembourg","Export",6,25.466,25.906,43.119,85.838,47.268
"H3","FRA","280300","France","LUX","Luxembourg","Import",5,,181.847,0.132,,48.158
"H3","FRA","280300","France","LVA","Latvia","Export",6,7.709,9.509,8.134,1.532,4.887
"H3","FRA","280300","France","LVA","Latvia","Import",5,,,21.005,,
"H3","FRA","280300","France","MAR","Morocco","Export",6,237.67,389.993,67.871,447.106,467.34
"H3","FRA","280300","France","MAR","Morocco","Import",5,,,2.141,,
"H3","FRA","280300","France","MEX","Mexico","Export",6,57.363,71.79,232.886,318.142,216.587
"H3","FRA","280300","France","MEX","Mexico","Import",5,,,0.086,1.557,0.633
"H3","FRA","280300","France","MLI","Mali","Export",6,23.34,58.128,,,
"H3","FRA","280300","France","MLT","Malta","Export",6,,0.237,,1.041,
"H3","FRA","280300","France","MOZ","Mozambique","Import",5,,,,,0.06
"H3","FRA","280300","France","MUS","Mauritius","Import",5,,,8.031,13.812,12.215
"H3","FRA","280300","France","MYS","Malaysia","Export",6,154.292,97.823,154.687,0.488,
"H3","FRA","280300","France","NCL","New Caledonia","Export",6,,,0.034,,
"H3","FRA","280300","France","NGA","Nigeria","Export",6,,,,,2.371
"H3","FRA","280300","France","NGA","Nigeria","Import",5,,,,,0.088
"H3","FRA","280300","France","NLD","Netherlands","Export",6,183.661,209.741,652.067,484.763,444
"H3","FRA","280300","France","NLD","Netherlands","Import",5,21360.274,11004.853,10920.466,12375.479,14139.326
"H3","FRA","280300","France","NOR","Norway","Export",6,,,,0.257,0.927
"H3","FRA","280300","France","NOR","Norway","Import",5,,,0.908,0.109,0.834
"H3","FRA","280300","France","NZL","New Zealand","Export",6,,,,0.586,
"H3","FRA","280300","France","NZL","New Zealand","Import",5,,,,,8.271
"H3","FRA","280300","France","OAS","Other Asia, nes","Export",6,53.401,1.124,1.891,12.038,20.653
"H3","FRA","280300","France","OAS","Other Asia, nes","Import",5,32.174,,0.052,0.226,28.012
"H3","FRA","280300","France","PAK","Pakistan","Export",6,,0.622,0.797,0.681,0.902
"H3","FRA","280300","France","PER","Peru","Export",6,244.776,259.136,263.924,,
"H3","FRA","280300","France","PHL","Philippines","Import",5,,,,0.403,
"H3","FRA","280300","France","POL","Poland","Export",6,598.845,2970.249,3843.53,5605.568,6525.967
"H3","FRA","280300","France","POL","Poland","Import",5,5048.554,3174.762,3495.533,4471.647,1014.701
"H3","FRA","280300","France","PRT","Portugal","Export",6,4.199,2.885,6.133,15.213,9.123
"H3","FRA","280300","France","PRT","Portugal","Import",5,1.485,,16.185,0.149,3.143
"H3","FRA","280300","France","PYF","French Polynesia","Export",6,,,,,0.002
"H3","FRA","280300","France","PYF","French Polynesia","Import",5,,,0.06,,
"H3","FRA","280300","France","ROM","Romania","Export",6,27.089,79.443,4.573,1791.651,12.583
"H3","FRA","280300","France","ROM","Romania","Import",5,3.867,,,,1.921
"H3","FRA","280300","France","RUS","Russian Federation","Export",6,0.425,0.029,0.225,,
"H3","FRA","280300","France","RUS","Russian Federation","Import",5,18253.012,10454.319,14350.833,11998.626,2139.849
"H3","FRA","280300","France","SAU","Saudi Arabia","Export",6,10.081,,31.322,,
"H3","FRA","280300","France","SAU","Saudi Arabia","Import",5,0.015,,,,
"H3","FRA","280300","France","SEN","Senegal","Export",6,,,1.9,11.516,4.429
"H3","FRA","280300","France","SEN","Senegal","Import",5,0.184,,,0.069,0.034
"H3","FRA","280300","France","SER","Serbia, FR(Serbia/Montenegro)","Export",6,7.018,0.103,33.993,32.705,14.855
"H3","FRA","280300","France","SER","Serbia, FR(Serbia/Montenegro)","Import",5,,,,0.217,0.126
"H3","FRA","280300","France","SGP","Singapore","Export",6,25.071,178.657,74.501,6.147,17.949
"H3","FRA","280300","France","SGP","Singapore","Import",5,,1.301,1144.944,0.553,0.341
"H3","FRA","280300","France","SVK","Slovak Republic","Export",6,295,227.552,135.622,170.423,763.218
"H3","FRA","280300","France","SVN","Slovenia","Export",6,0.967,0.633,31.163,307.304,
"H3","FRA","280300","France","SWE","Sweden","Export",6,948.864,428.154,608.028,802.392,839.923
"H3","FRA","280300","France","SWE","Sweden","Import",5,442.204,21.205,112.578,253.389,4280.511
"H3","FRA","280300","France","THA","Thailand","Export",6,63.459,77.718,50.742,17.313,2.883
"H3","FRA","280300","France","THA","Thailand","Import",5,2.262,3.513,0.459,1.424,0.833
"H3","FRA","280300","France","TKM","Turkmenistan","Import",5,6.893,17.767,22.352,63.678,20.988
"H3","FRA","280300","France","TUN","Tunisia","Export",6,42.115,43.272,20.946,377.92,60.213
"H3","FRA","280300","France","TUN","Tunisia","Import",5,0.104,,,,
"H3","FRA","280300","France","TUR","Turkey","Export",6,188.046,86.564,627.496,318.88,78.634
"H3","FRA","280300","France","TUR","Turkey","Import",5,1.668,1.366,14.213,3.024,0.87
"H3","FRA","280300","France","UGA","Uganda","Import",5,,0.24,,,
"H3","FRA","280300","France","UKR","Ukraine","Export",6,,,0.001,,
"H3","FRA","280300","France","UKR","Ukraine","Import",5,1300.192,1192.974,1476.329,1224.889,559.143
"H3","FRA","280300","France","UNS","Unspecified","Import",5,12161.834,5555.723,63.129,132.424,315.098
"H3","FRA","280300","France","USA","United States","Export",6,1757.087,1440.202,1246.758,808.016,2517.157
"H3","FRA","280300","France","USA","United States","Import",5,3673.038,3776.493,3640.829,2928.827,2491.57
"H3","FRA","280300","France","VNM","Vietnam","Export",6,10.078,,,,
"H3","FRA","280300","France","VNM","Vietnam","Import",5,,,,2.405,0.08
"H3","FRA","280300","France","WLD"," World","Export",6,70810.646,63835.411,90355.856,102523.023,100875.166
"H3","FRA","280300","France","WLD"," World","Import",5,142967.343,89999.279,119436.93,168424.754,139410.754
"H3","FRA","280300","France","ZAF","South Africa","Export",6,28.415,321.339,182.672,77.663,30.224
"H3","FRA","280300","France","ZAF","South Africa","Import",5,,,,1792.132,99.011
"H3","FRA","280300","France","ZAR","Congo, Dem. Rep.","Export",6,2.721,,,,
"H3","GAB","280300","Gabon","BEL","Belgium","Import",5,,2.705,,,
"H3","GAB","280300","Gabon","CHN","China","Import",5,,,0.523,,
"H3","GAB","280300","Gabon","DEU","Germany","Import",5,2.049,,14.623,,8.566
"H3","GAB","280300","Gabon","FRA","France","Import",5,,,,4.982,
"H3","GAB","280300","Gabon","GBR","United Kingdom","Import",5,,,,,6.373
"H3","GAB","280300","Gabon","NLD","Netherlands","Import",5,9.426,,,,
"H3","GAB","280300","Gabon","USA","United States","Import",5,2.777,,,,
"H3","GAB","280300","Gabon","WLD"," World","Import",5,15.633,2.705,15.145,4.982,14.939
"H3","GAB","280300","Gabon","ZAF","South Africa","Import",5,1.381,,,,
"H3","GBR","280300","United Kingdom","AGO","Angola","Export",6,15.759,43.846,15.348,2.155,7.139
"H3","GBR","280300","United Kingdom","AIA","Anguila","Export",6,,,,4.735,
"H3","GBR","280300","United Kingdom","ARE","United Arab Emirates","Export",6,,48.699,65.185,72.876,243.884
"H3","GBR","280300","United Kingdom","ARE","United Arab Emirates","Import",5,,60.725,,,64.106
"H3","GBR","280300","United Kingdom","ARG","Argentina","Export",6,31.073,29.2,65.139,74.344,48.018
"H3","GBR","280300","United Kingdom","AUS","Australia","Export",6,227.664,219.614,463.483,387.648,362.618
"H3","GBR","280300","United Kingdom","AUS","Australia","Import",5,,1.323,1.668,,164.426
"H3","GBR","280300","United Kingdom","AUT","Austria","Export",6,4.428,19.435,3.736,16.737,3.992
"H3","GBR","280300","United Kingdom","AUT","Austria","Import",5,3412.967,1200.636,4102.142,467.746,
"H3","GBR","280300","United Kingdom","BEL","Belgium","Export",6,338.703,29.305,33.641,114.846,217.695
"H3","GBR","280300","United Kingdom","BEL","Belgium","Import",5,6709.943,3263.335,5434.462,289.102,1345.204
"H3","GBR","280300","United Kingdom","BFA","Burkina Faso","Export",6,,,,,25.893
"H3","GBR","280300","United Kingdom","BGD","Bangladesh","Export",6,24.912,34.689,19.317,32.215,17.137
"H3","GBR","280300","United Kingdom","BGR","Bulgaria","Export",6,,,19.692,7.481,16.44
"H3","GBR","280300","United Kingdom","BIH","Bosnia and Herzegovina","Export",6,,,,,5.246
"H3","GBR","280300","United Kingdom","BIH","Bosnia and Herzegovina","Import",5,,,,2.283,8.622
"H3","GBR","280300","United Kingdom","BLR","Belarus","Import",5,,,,1.162,7.289
"H3","GBR","280300","United Kingdom","BRA","Brazil","Export",6,72.156,39.866,64.833,33.79,31.843
"H3","GBR","280300","United Kingdom","BRB","Barbados","Export",6,,,,,5.923
"H3","GBR","280300","United Kingdom","BWA","Botswana","Export",6,,,2.551,,
"H3","GBR","280300","United Kingdom","CAN","Canada","Export",6,25.048,9.443,23.97,69.041,104.534
"H3","GBR","280300","United Kingdom","CAN","Canada","Import",5,2892.879,3060.364,4363.246,4148.391,3659.409
"H3","GBR","280300","United Kingdom","CHE","Switzerland","Export",6,23.132,20.471,93.206,48.432,8.14
"H3","GBR","280300","United Kingdom","CHE","Switzerland","Import",5,20.695,19.404,682.33,369.012,196.432
"H3","GBR","280300","United Kingdom","CHN","China","Export",6,76.576,199.584,301.873,296.258,573.885
"H3","GBR","280300","United Kingdom","CHN","China","Import",5,3318.313,2710.079,998.612,3692.219,1957.92
"H3","GBR","280300","United Kingdom","COL","Colombia","Export",6,7.189,6.844,14.178,10.353,5.266
"H3","GBR","280300","United Kingdom","COL","Colombia","Import",5,176.19,230.17,463.473,,
"H3","GBR","280300","United Kingdom","CYP","Cyprus","Export",6,13.101,,,,
"H3","GBR","280300","United Kingdom","CZE","Czech Republic","Export",6,9.379,9.082,,12.774,5.302
"H3","GBR","280300","United Kingdom","CZE","Czech Republic","Import",5,2165.983,937.757,1398.853,2098.927,1487.728
"H3","GBR","280300","United Kingdom","DEU","Germany","Export",6,358.738,272.101,652.596,531.952,600.042
"H3","GBR","280300","United Kingdom","DEU","Germany","Import",5,14082.93,15739.23,15286.656,11629.898,12988.841
"H3","GBR","280300","United Kingdom","DNK","Denmark","Export",6,0.185,0.332,274.918,9.064,18.287
"H3","GBR","280300","United Kingdom","DNK","Denmark","Import",5,153.385,78.586,212.568,256.175,324.723
"H3","GBR","280300","United Kingdom","EGY","Egypt, Arab Rep.","Export",6,24.246,16.88,39.002,9.101,
"H3","GBR","280300","United Kingdom","EGY","Egypt, Arab Rep.","Import",5,3313.269,2617.089,3565.318,3901.339,3597.546
"H3","GBR","280300","United Kingdom","ESP","Spain","Export",6,168.323,113.529,179.19,237.919,145.325
"H3","GBR","280300","United Kingdom","ESP","Spain","Import",5,1931.641,1847.879,1790.731,1332.282,949.432
"H3","GBR","280300","United Kingdom","EST","Estonia","Export",6,2.464,,,,1.248
"H3","GBR","280300","United Kingdom","EST","Estonia","Import",5,,,34.36,,
"H3","GBR","280300","United Kingdom","FIN","Finland","Export",6,38.979,30.719,58.673,42.523,39.621
"H3","GBR","280300","United Kingdom","FIN","Finland","Import",5,,0.631,18.832,,
"H3","GBR","280300","United Kingdom","FRA","France","Export",6,602.646,468.759,655.54,671.557,863.629
"H3","GBR","280300","United Kingdom","FRA","France","Import",5,2967.584,1837.628,4484.795,5111.801,5303.811
"H3","GBR","280300","United Kingdom","GAB","Gabon","Export",6,,,4.91,,7.309
"H3","GBR","280300","United Kingdom","GBR","United Kingdom","Import",5,0,,0,0,0
"H3","GBR","280300","United Kingdom","GHA","Ghana","Export",6,1.327,,7.353,,
"H3","GBR","280300","United Kingdom","GIB","Gibraltar","Export",6,,,,31.822,
"H3","GBR","280300","United Kingdom","GRC","Greece","Export",6,1.34,1.324,8.951,6.154,8.9
"H3","GBR","280300","United Kingdom","GRC","Greece","Import",5,,,,,1.15
"H3","GBR","280300","United Kingdom","HKG","Hong Kong, China","Export",6,,13.372,,1.831,6.202
"H3","GBR","280300","United Kingdom","HKG","Hong Kong, China","Import",5,2.187,1.448,12.728,35.806,36.009
"H3","GBR","280300","United Kingdom","HUN","Hungary","Export",6,1.992,,11.831,,
"H3","GBR","280300","United Kingdom","HUN","Hungary","Import",5,737.976,246.678,361.792,298.871,85.89
"H3","GBR","280300","United Kingdom","IDN","Indonesia","Export",6,11.883,,5.92,,1.152
"H3","GBR","280300","United Kingdom","IND","India","Export",6,1072.4,986.575,1016.983,1160.508,1556.734
"H3","GBR","280300","United Kingdom","IND","India","Import",5,498.174,811.08,1309.946,1977.838,7581.846
"H3","GBR","280300","United Kingdom","IRL","Ireland","Export",6,539.584,402.535,503.237,731.739,547.071
"H3","GBR","280300","United Kingdom","IRL","Ireland","Import",5,7.198,4.783,30.777,,
"H3","GBR","280300","United Kingdom","IRN","Iran, Islamic Rep.","Export",6,,,,13.389,
"H3","GBR","280300","United Kingdom","IRQ","Iraq","Export",6,,,,1.697,
"H3","GBR","280300","United Kingdom","ISR","Israel","Export",6,171.458,18.697,5.925,5.892,7.429
"H3","GBR","280300","United Kingdom","ISR","Israel","Import",5,,,3.969,4.724,2.461
"H3","GBR","280300","United Kingdom","ITA","Italy","Export",6,91.059,131.292,285.093,240.956,396.989
"H3","GBR","280300","United Kingdom","ITA","Italy","Import",5,14773.613,12251.448,17396.395,14256.896,14639.166
"H3","GBR","280300","United Kingdom","JPN","Japan","Export",6,1.916,3.343,8.177,74.474,49.899
"H3","GBR","280300","United Kingdom","JPN","Japan","Import",5,11.085,29.583,3.459,345.055,541.724
"H3","GBR","280300","United Kingdom","KAZ","Kazakhstan","Export",6,,,,2.169,
"H3","GBR","280300","United Kingdom","KEN","Kenya","Export",6,,21.72,,15.133,
"H3","GBR","280300","United Kingdom","KHM","Cambodia","Import",5,,19.61,,,
"H3","GBR","280300","United Kingdom","KOR","Korea, Rep.","Export",6,63.334,48.836,59.699,42.087,81.769
"H3","GBR","280300","United Kingdom","KOR","Korea, Rep.","Import",5,264.947,178.303,276.036,442.7,351.539
"H3","GBR","280300","United Kingdom","LBR","Liberia","Export",6,,2.563,10.024,,
"H3","GBR","280300","United Kingdom","LKA","Sri Lanka","Export",6,4.434,11.932,,,
"H3","GBR","280300","United Kingdom","LTU","Lithuania","Export",6,5.041,3.695,2.675,,
"H3","GBR","280300","United Kingdom","LTU","Lithuania","Import",5,,,0.516,,
"H3","GBR","280300","United Kingdom","LUX","Luxembourg","Import",5,1.557,,7.98,17.256,28.202
"H3","GBR","280300","United Kingdom","LVA","Latvia","Export",6,1.194,2.518,2.619,,
"H3","GBR","280300","United Kingdom","LVA","Latvia","Import",5,0.468,,354.846,,1.386
"H3","GBR","280300","United Kingdom","MAR","Morocco","Export",6,,,,,4.661
"H3","GBR","280300","United Kingdom","MDG","Madagascar","Export",6,5.149,13.62,9.261,11.144,2.722
"H3","GBR","280300","United Kingdom","MEX","Mexico","Export",6,95.874,104.013,150.559,126.046,198.264
"H3","GBR","280300","United Kingdom","MEX","Mexico","Import",5,18.468,21.909,24.2,32.427,20.085
"H3","GBR","280300","United Kingdom","MLT","Malta","Export",6,23.879,11.018,13.008,25.032,15.057
"H3","GBR","280300","United Kingdom","MLT","Malta","Import",5,4.786,,,,
"H3","GBR","280300","United Kingdom","MYS","Malaysia","Export",6,147.743,142.982,82.59,241.984,192.314
"H3","GBR","280300","United Kingdom","MYS","Malaysia","Import",5,14.556,,,,
"H3","GBR","280300","United Kingdom","NGA","Nigeria","Export",6,20.435,,,,
"H3","GBR","280300","United Kingdom","NIU","Niue","Export",6,,2.186,,,
"H3","GBR","280300","United Kingdom","NLD","Netherlands","Export",6,226.151,163.954,145.101,143.579,186.77
"H3","GBR","280300","United Kingdom","NLD","Netherlands","Import",5,3005.785,2762.821,7849.53,7488.333,9999.76
"H3","GBR","280300","United Kingdom","NOR","Norway","Export",6,174.725,105.229,298.752,273.492,203.999
"H3","GBR","280300","United Kingdom","NOR","Norway","Import",5,1.402,,23.585,,99.697
"H3","GBR","280300","United Kingdom","NPL","Nepal","Export",6,,,,2.197,
"H3","GBR","280300","United Kingdom","NZL","New Zealand","Export",6,,,,,2.703
"H3","GBR","280300","United Kingdom","NZL","New Zealand","Import",5,2.461,13.041,,,
"H3","GBR","280300","United Kingdom","OAS","Other Asia, nes","Export",6,21.283,63.045,17.22,76.941,63.766
"H3","GBR","280300","United Kingdom","OAS","Other Asia, nes","Import",5,21.323,2.844,2.011,,
"H3","GBR","280300","United Kingdom","PAK","Pakistan","Export",6,,,,874.561,20.076
"H3","GBR","280300","United Kingdom","PHL","Philippines","Export",6,,,5.627,,
"H3","GBR","280300","United Kingdom","POL","Poland","Export",6,176.375,84.987,314.91,193.266,312.682
"H3","GBR","280300","United Kingdom","POL","Poland","Import",5,478.415,516.232,6857.993,689.082,784.108
"H3","GBR","280300","United Kingdom","PRT","Portugal","Export",6,0.567,,20.448,14.925,17.772
"H3","GBR","280300","United Kingdom","PRT","Portugal","Import",5,1.851,0.471,,,
"H3","GBR","280300","United Kingdom","QAT","Qatar","Export",6,,,36.283,,
"H3","GBR","280300","United Kingdom","QAT","Qatar","Import",5,,1.198,,,
"H3","GBR","280300","United Kingdom","ROM","Romania","Export",6,173.234,205.827,1.225,11.164,7.292
"H3","GBR","280300","United Kingdom","ROM","Romania","Import",5,,,5.335,,229.075
"H3","GBR","280300","United Kingdom","RUS","Russian Federation","Export",6,,1.441,12.025,,
"H3","GBR","280300","United Kingdom","RUS","Russian Federation","Import",5,7679.485,3615.716,1520.833,5204.012,956.446
"H3","GBR","280300","United Kingdom","SAU","Saudi Arabia","Export",6,65.996,95.916,49.234,259.324,100.612
"H3","GBR","280300","United Kingdom","SER","Serbia, FR(Serbia/Montenegro)","Export",6,,3.639,14.838,19.176,150.731
"H3","GBR","280300","United Kingdom","SER","Serbia, FR(Serbia/Montenegro)","Import",5,18.302,,,6.398,
"H3","GBR","280300","United Kingdom","SGP","Singapore","Export",6,8.82,,14.839,3.793,
"H3","GBR","280300","United Kingdom","SGP","Singapore","Import",5,47.963,103.882,11.993,45.299,23.43
"H3","GBR","280300","United Kingdom","SLE","Sierra Leone","Export",6,,9.161,,,
"H3","GBR","280300","United Kingdom","SVK","Slovak Republic","Export",6,,,6.213,,
"H3","GBR","280300","United Kingdom","SVN","Slovenia","Export",6,3.934,,,,
"H3","GBR","280300","United Kingdom","SVN","Slovenia","Import",5,,,,,3.187
"H3","GBR","280300","United Kingdom","SWE","Sweden","Export",6,19.607,23.935,47.111,32.329,46.095
"H3","GBR","280300","United Kingdom","SWE","Sweden","Import",5,653.105,687.786,370.795,4681.641,4713.894
"H3","GBR","280300","United Kingdom","TGO","Togo","Export",6,,,,,6.041
"H3","GBR","280300","United Kingdom","THA","Thailand","Export",6,5.996,2.507,,2.173,1.755
"H3","GBR","280300","United Kingdom","THA","Thailand","Import",5,28.891,24.467,19.685,5.621,5.137
"H3","GBR","280300","United Kingdom","TKM","Turkmenistan","Import",5,282.464,,,,20.531
"H3","GBR","280300","United Kingdom","TTO","Trinidad and Tobago","Export",6,,35.842,1.505,53.384,52.987
"H3","GBR","280300","United Kingdom","TUN","Tunisia","Export",6,,,,1.943,
"H3","GBR","280300","United Kingdom","TUR","Turkey","Export",6,201.249,126.419,204.729,149.344,84.998
"H3","GBR","280300","United Kingdom","TUR","Turkey","Import",5,254.997,0.968,,48.065,11.265
"H3","GBR","280300","United Kingdom","UGA","Uganda","Export",6,,1.913,,,63.827
"H3","GBR","280300","United Kingdom","UKR","Ukraine","Import",5,,,,311.926,140.692
"H3","GBR","280300","United Kingdom","USA","United States","Export",6,358.549,291.095,215.653,169.337,405.704
"H3","GBR","280300","United Kingdom","USA","United States","Import",5,1058.581,1120.245,2406.566,5960.708,7137.965
"H3","GBR","280300","United Kingdom","VNM","Vietnam","Import",5,,,,,1.758
"H3","GBR","280300","United Kingdom","WLD"," World","Export",6,5781.396,4768.564,6643.141,7701.046,8182.337
"H3","GBR","280300","United Kingdom","WLD"," World","Import",5,71015.817,56020.503,81689.017,75152.997,79471.892
"H3","GBR","280300","United Kingdom","ZAF","South Africa","Export",6,20.168,19.034,2.544,2.258,26.947
"H3","GBR","280300","United Kingdom","ZAF","South Africa","Import",5,,1.155,,,
"H3","GEO","280300","Georgia","ARM","Armenia","Export",6,,,,0,0
"H3","GEO","280300","Georgia","BLR","Belarus","Import",5,1.337,,,,0.979
"H3","GEO","280300","Georgia","CHN","China","Import",5,0.784,0.022,,2.16,1.278
"H3","GEO","280300","Georgia","DEU","Germany","Import",5,,0.427,,1.28,
"H3","GEO","280300","Georgia","GBR","United Kingdom","Import",5,0.127,,,,
"H3","GEO","280300","Georgia","IND","India","Import",5,,,,,1.77
"H3","GEO","280300","Georgia","ITA","Italy","Import",5,,,,0.231,3.376
"H3","GEO","280300","Georgia","POL","Poland","Import",5,,,,0.307,0.703
"H3","GEO","280300","Georgia","RUS","Russian Federation","Import",5,7.813,10.757,8.349,13.86,7.51
"H3","GEO","280300","Georgia","TUR","Turkey","Import",5,13.154,18.324,10.363,20.657,8.711
"H3","GEO","280300","Georgia","USA","United States","Import",5,4.873,,2.555,1.102,
"H3","GEO","280300","Georgia","WLD"," World","Export",6,,,,0,0
"H3","GEO","280300","Georgia","WLD"," World","Import",5,28.087,29.53,21.267,39.596,24.328
"H3","GHA","280300","Ghana","BEL","Belgium","Export",6,761.402,,,,
"H3","GHA","280300","Ghana","BEL","Belgium","Import",5,1.871,,,,
"H3","GHA","280300","Ghana","BRA","Brazil","Import",5,,,,,24.891
"H3","GHA","280300","Ghana","CHN","China","Import",5,13.14,,167.76,282.246,0.451
"H3","GHA","280300","Ghana","ESP","Spain","Import",5,,,,74.459,
"H3","GHA","280300","Ghana","GBR","United Kingdom","Import",5,0.796,,,0.785,0.848
"H3","GHA","280300","Ghana","HKG","Hong Kong, China","Import",5,,,5.208,,
"H3","GHA","280300","Ghana","IND","India","Import",5,,,37.643,36.269,18.235
"H3","GHA","280300","Ghana","ISR","Israel","Import",5,0.055,,0.209,,
"H3","GHA","280300","Ghana","KEN","Kenya","Import",5,,,65.489,,
"H3","GHA","280300","Ghana","LBN","Lebanon","Import",5,0.289,,,,
"H3","GHA","280300","Ghana","NER","Niger","Export",6,,,147.095,66.648,
"H3","GHA","280300","Ghana","NGA","Nigeria","Export",6,,,113.076,22.218,
"H3","GHA","280300","Ghana","NLD","Netherlands","Export",6,2.059,,,,
"H3","GHA","280300","Ghana","TUR","Turkey","Import",5,0.026,,,,
"H3","GHA","280300","Ghana","USA","United States","Import",5,,,0.101,,
"H3","GHA","280300","Ghana","WLD"," World","Export",6,763.47,,260.171,88.866,0.009
"H3","GHA","280300","Ghana","WLD"," World","Import",5,16.601,,276.409,393.759,44.424
"H3","GHA","280300","Ghana","ZAF","South Africa","Export",6,0.01,,,,0.009
"H3","GHA","280300","Ghana","ZAF","South Africa","Import",5,0.425,,,,
"H3","GMB","280300","Gambia, The","ARE","United Arab Emirates","Import",5,,,,0.658,
"H3","GMB","280300","Gambia, The","IND","India","Import",5,,,,,6.512
"H3","GMB","280300","Gambia, The","WLD"," World","Import",5,,,,0.658,6.512
"H3","GRC","280300","Greece","ALB","Albania","Export",6,10.985,10.17,10.031,3.978,10.542
"H3","GRC","280300","Greece","ARE","United Arab Emirates","Import",5,,,30.751,69.08,1.252
"H3","GRC","280300","Greece","BEL","Belgium","Export",6,,32.278,,,
"H3","GRC","280300","Greece","BEL","Belgium","Import",5,266.623,560.819,512.803,856.829,239.435
"H3","GRC","280300","Greece","BGR","Bulgaria","Export",6,1.953,53.682,21.225,89.509,13.856
"H3","GRC","280300","Greece","BGR","Bulgaria","Import",5,118.222,64.17,423.633,420.217,283.247
"H3","GRC","280300","Greece","BHS","Bahamas, The","Export",6,7.654,,8.193,,4.595
"H3","GRC","280300","Greece","BLR","Belarus","Import",5,,55.45,121.66,,
"H3","GRC","280300","Greece","BMU","Bermuda","Export",6,,,6.261,9.906,3.643
"H3","GRC","280300","Greece","CAN","Canada","Import",5,1.086,,,2.096,
"H3","GRC","280300","Greece","CHN","China","Import",5,89.106,96.606,290.299,144.843,213.844
"H3","GRC","280300","Greece","CYP","Cyprus","Export",6,11.852,40.838,11.852,1.877,0.761
"H3","GRC","280300","Greece","CYP","Cyprus","Import",5,,1.348,,,
"H3","GRC","280300","Greece","CZE","Czech Republic","Import",5,,31.203,1.768,,7.207
"H3","GRC","280300","Greece","DEU","Germany","Export",6,1.415,,0.664,8.253,
"H3","GRC","280300","Greece","DEU","Germany","Import",5,1207.849,1016.774,2071.149,2195.527,2456.58
"H3","GRC","280300","Greece","DNK","Denmark","Export",6,2.448,,,,
"H3","GRC","280300","Greece","DNK","Denmark","Import",5,1.402,1.312,1.697,1.604,
"H3","GRC","280300","Greece","EGY","Egypt, Arab Rep.","Import",5,37.997,63.578,,3.795,36.59
"H3","GRC","280300","Greece","ESP","Spain","Export",6,8.491,,,,
"H3","GRC","280300","Greece","ESP","Spain","Import",5,1762.383,725.477,,,2.442
"H3","GRC","280300","Greece","FRA","France","Import",5,570.484,20.898,1.706,12.743,6.826
"H3","GRC","280300","Greece","GBR","United Kingdom","Export",6,11.969,3.382,,,
"H3","GRC","280300","Greece","GBR","United Kingdom","Import",5,,,3.316,,0.05
"H3","GRC","280300","Greece","HKG","Hong Kong, China","Export",6,8.212,3.083,15.02,20.403,10.688
"H3","GRC","280300","Greece","HUN","Hungary","Import",5,311.585,524.921,255.412,347.468,79.627
"H3","GRC","280300","Greece","IND","India","Import",5,768.177,253.353,282.872,1810.068,4752.37
"H3","GRC","280300","Greece","IRN","Iran, Islamic Rep.","Import",5,25.047,,,,26.975
"H3","GRC","280300","Greece","ITA","Italy","Import",5,1421.991,1571.782,2590.276,990.177,59.798
"H3","GRC","280300","Greece","JOR","Jordan","Export",6,,,0.001,,
"H3","GRC","280300","Greece","LBR","Liberia","Export",6,30.217,47.727,14.651,51.742,50.43
"H3","GRC","280300","Greece","LTU","Lithuania","Import",5,,,,26.584,26.519
"H3","GRC","280300","Greece","LUX","Luxembourg","Import",5,,0.569,1.884,4.288,1.052
"H3","GRC","280300","Greece","MHL","Marshall Islands","Export",6,18.478,44.252,19.281,42.935,87.535
"H3","GRC","280300","Greece","MKD","North Macedonia","Export",6,,,,,22.901
"H3","GRC","280300","Greece","MLT","Malta","Export",6,17.024,4.423,10.256,9.612,20.117
"H3","GRC","280300","Greece","NLD","Netherlands","Export",6,,,,,3.452
"H3","GRC","280300","Greece","NLD","Netherlands","Import",5,399.035,516.03,76.003,303.082,38.808
"H3","GRC","280300","Greece","PAN","Panama","Export",6,18.62,,0.446,,
"H3","GRC","280300","Greece","POL","Poland","Export",6,,,,,0.051
"H3","GRC","280300","Greece","POL","Poland","Import",5,143.306,76.046,24.034,174.19,613.663
"H3","GRC","280300","Greece","PRT","Portugal","Export",6,,0.203,,,
"H3","GRC","280300","Greece","ROM","Romania","Export",6,21.225,4.308,,0.038,10.566
"H3","GRC","280300","Greece","ROM","Romania","Import",5,,11.769,15.431,,
"H3","GRC","280300","Greece","RUS","Russian Federation","Import",5,905.829,1581.273,3452.825,2904.734,1517.149
"H3","GRC","280300","Greece","SAU","Saudi Arabia","Import",5,,,14.576,,
"H3","GRC","280300","Greece","SER","Serbia, FR(Serbia/Montenegro)","Export",6,1.119,,,,
"H3","GRC","280300","Greece","SER","Serbia, FR(Serbia/Montenegro)","Import",5,,16.229,,57.496,
"H3","GRC","280300","Greece","SGP","Singapore","Export",6,0.512,,,,
"H3","GRC","280300","Greece","TUR","Turkey","Export",6,22.582,29.216,47.362,30.232,117.923
"H3","GRC","280300","Greece","TUR","Turkey","Import",5,0.479,,18.995,265.209,31.33
"H3","GRC","280300","Greece","USA","United States","Export",6,,15.67,,3.081,
"H3","GRC","280300","Greece","USA","United States","Import",5,0.402,,0.667,,2.023
"H3","GRC","280300","Greece","WLD"," World","Export",6,194.758,289.233,165.242,271.565,357.063
"H3","GRC","280300","Greece","WLD"," World","Import",5,8031.002,7189.608,10191.757,10590.031,10396.786
"H3","GRD","280300","Grenada","TTO","Trinidad and Tobago","Import",5,,13.916,,3.64,3.684
"H3","GRD","280300","Grenada","UNS","Unspecified","Import",5,,,,7.068,
"H3","GRD","280300","Grenada","USA","United States","Import",5,0.661,,,2.458,
"H3","GRD","280300","Grenada","WLD"," World","Import",5,0.661,13.916,,13.165,3.684
"H3","GTM","280300","Guatemala","BEL","Belgium","Import",5,49.801,31.928,0.038,19.08,
"H3","GTM","280300","Guatemala","BLR","Belarus","Import",5,,,32.073,,
"H3","GTM","280300","Guatemala","BLZ","Belize","Export",6,,,,,0.097
"H3","GTM","280300","Guatemala","BRA","Brazil","Export",6,0.446,,151.324,,
"H3","GTM","280300","Guatemala","BRA","Brazil","Import",5,,,0.565,0.548,0.785
"H3","GTM","280300","Guatemala","CAN","Canada","Import",5,,,,5.734,
"H3","GTM","280300","Guatemala","CHL","Chile","Import",5,,,0.554,,
"H3","GTM","280300","Guatemala","CHN","China","Import",5,98.875,82.885,46.858,74.229,111.912
"H3","GTM","280300","Guatemala","COL","Colombia","Export",6,,,,40.562,0.56
"H3","GTM","280300","Guatemala","COL","Colombia","Import",5,2.899,8.479,7.89,5.804,2.116
"H3","GTM","280300","Guatemala","CRI","Costa Rica","Export",6,,2.862,5.166,3.447,6.809
"H3","GTM","280300","Guatemala","CRI","Costa Rica","Import",5,0.041,,,,
"H3","GTM","280300","Guatemala","CZE","Czech Republic","Import",5,,,35.039,,
"H3","GTM","280300","Guatemala","DEU","Germany","Import",5,3.635,30.599,61.095,68.292,103.03
"H3","GTM","280300","Guatemala","DOM","Dominican Republic","Export",6,,,11.944,3.62,
"H3","GTM","280300","Guatemala","ESP","Spain","Import",5,0.193,0.443,5.144,1.691,
"H3","GTM","280300","Guatemala","FRA","France","Import",5,0.067,,,1.034,
"H3","GTM","280300","Guatemala","GBR","United Kingdom","Import",5,,,,18.582,
"H3","GTM","280300","Guatemala","HKG","Hong Kong, China","Import",5,,1.314,,,
"H3","GTM","280300","Guatemala","HND","Honduras","Export",6,5.023,1.124,3.92,8.419,8.636
"H3","GTM","280300","Guatemala","IND","India","Import",5,61.648,191.612,12.234,59.553,
"H3","GTM","280300","Guatemala","ITA","Italy","Import",5,,,32.831,,
"H3","GTM","280300","Guatemala","KOR","Korea, Rep.","Import",5,,,,,4.462
"H3","GTM","280300","Guatemala","MEX","Mexico","Import",5,228.165,2.965,30.712,59.803,71.182
"H3","GTM","280300","Guatemala","NIC","Nicaragua","Export",6,2.036,0.614,4.209,0.679,
"H3","GTM","280300","Guatemala","NLD","Netherlands","Import",5,,28.445,,,
"H3","GTM","280300","Guatemala","OAS","Other Asia, nes","Import",5,,,,3.156,
"H3","GTM","280300","Guatemala","PAN","Panama","Export",6,202.85,25.155,,,
"H3","GTM","280300","Guatemala","PAN","Panama","Import",5,,,1.039,0.267,0.202
"H3","GTM","280300","Guatemala","SGP","Singapore","Import",5,470.849,627.297,,,
"H3","GTM","280300","Guatemala","SLV","El Salvador","Export",6,8.119,4.631,2.001,1.8,
"H3","GTM","280300","Guatemala","SLV","El Salvador","Import",5,0.132,4.026,,,
"H3","GTM","280300","Guatemala","USA","United States","Import",5,482.955,574.98,452.535,498.733,418.593
"H3","GTM","280300","Guatemala","VEN","Venezuela","Import",5,,19.328,24.342,148.619,164.422
"H3","GTM","280300","Guatemala","WLD"," World","Export",6,218.474,34.386,178.564,58.527,16.102
"H3","GTM","280300","Guatemala","WLD"," World","Import",5,1399.26,1604.301,742.949,965.125,876.704
"H3","GUY","280300","Guyana","AUS","Australia","Import",5,,0.016,,,
"H3","GUY","280300","Guyana","CHN","China","Import",5,,,77.6,,
"H3","GUY","280300","Guyana","IND","India","Import",5,,,0.357,,0.158
"H3","GUY","280300","Guyana","PAN","Panama","Import",5,,,320.1,,
"H3","GUY","280300","Guyana","USA","United States","Import",5,270.259,6.263,6.797,,
"H3","GUY","280300","Guyana","WLD"," World","Import",5,270.259,6.279,404.854,,0.158
"H3","HKG","280300","Hong Kong, China","AUS","Australia","Export",6,,,,,3.928
"H3","HKG","280300","Hong Kong, China","BEL","Belgium","Import",5,439.186,654.102,435.193,137.364,161.405
"H3","HKG","280300","Hong Kong, China","CAN","Canada","Import",5,42.948,,,,
"H3","HKG","280300","Hong Kong, China","CHE","Switzerland","Import",5,1.992,1.846,,,
"H3","HKG","280300","Hong Kong, China","CHN","China","Export",6,4100.245,3512.678,6177.762,2475.046,1323.574
"H3","HKG","280300","Hong Kong, China","CHN","China","Import",5,4789.971,3466.962,401.491,791.836,64.888
"H3","HKG","280300","Hong Kong, China","DEU","Germany","Import",5,39.308,9.663,88.569,55.394,
"H3","HKG","280300","Hong Kong, China","ESP","Spain","Import",5,,,47.728,243.39,36.738
"H3","HKG","280300","Hong Kong, China","FRA","France","Export",6,,,8.574,41.958,20.974
"H3","HKG","280300","Hong Kong, China","GBR","United Kingdom","Import",5,,,,,3.086
"H3","HKG","280300","Hong Kong, China","IDN","Indonesia","Import",5,,,21.454,,
"H3","HKG","280300","Hong Kong, China","JPN","Japan","Export",6,,,,,2.249
"H3","HKG","280300","Hong Kong, China","JPN","Japan","Import",5,2451.033,2214.757,2407.169,1053.323,693.75
"H3","HKG","280300","Hong Kong, China","KOR","Korea, Rep.","Export",6,4653.198,3391.675,0.02,,2.253
"H3","HKG","280300","Hong Kong, China","KOR","Korea, Rep.","Import",5,180.092,128.345,161.643,128.169,78.259
"H3","HKG","280300","Hong Kong, China","LKA","Sri Lanka","Export",6,,,,,57.688
"H3","HKG","280300","Hong Kong, China","MAC","Macao","Import",5,,1.314,,,
"H3","HKG","280300","Hong Kong, China","MYS","Malaysia","Import",5,168.275,113.997,218.239,225.667,84.852
"H3","HKG","280300","Hong Kong, China","NLD","Netherlands","Import",5,475.325,150.321,281.024,112.769,266.958
"H3","HKG","280300","Hong Kong, China","OAS","Other Asia, nes","Export",6,198.483,314.53,177.797,90.329,585.182
"H3","HKG","280300","Hong Kong, China","OAS","Other Asia, nes","Import",5,135.962,58.266,106.236,21.676,22.358
"H3","HKG","280300","Hong Kong, China","PHL","Philippines","Export",6,,33.651,,33.332,
"H3","HKG","280300","Hong Kong, China","ROM","Romania","Export",6,,,2.586,,
"H3","HKG","280300","Hong Kong, China","RUS","Russian Federation","Import",5,,,,,717.995
"H3","HKG","280300","Hong Kong, China","THA","Thailand","Export",6,,,2.475,,
"H3","HKG","280300","Hong Kong, China","THA","Thailand","Import",5,4.519,,8.101,,
"H3","HKG","280300","Hong Kong, China","USA","United States","Export",6,,1.999,6.867,7.232,83.126
"H3","HKG","280300","Hong Kong, China","USA","United States","Import",5,518.207,213.628,226.525,139.372,109.968
"H3","HKG","280300","Hong Kong, China","VNM","Vietnam","Export",6,,,2.516,,
"H3","HKG","280300","Hong Kong, China","VNM","Vietnam","Import",5,,,2.935,,
"H3","HKG","280300","Hong Kong, China","WLD"," World","Export",6,8951.926,7254.533,6378.596,2647.896,2078.973
"H3","HKG","280300","Hong Kong, China","WLD"," World","Import",5,9246.817,7013.2,4406.308,2908.96,2240.255
"H3","HND","280300","Honduras","CRI","Costa Rica","Import",5,,5.541,,,
"H3","HND","280300","Honduras","IND","India","Import",5,11.679,14.086,19.347,,3.422
"H3","HND","280300","Honduras","MEX","Mexico","Import",5,,,0.067,,
"H3","HND","280300","Honduras","USA","United States","Import",5,117.209,,,,
"H3","HND","280300","Honduras","WLD"," World","Import",5,128.888,19.627,19.414,,3.422
"H3","HRV","280300","Croatia","AUT","Austria","Import",5,10.376,7.808,4.84,13.864,19.211
"H3","HRV","280300","Croatia","BEL","Belgium","Import",5,8.91,10.193,7.717,9.315,23.298
"H3","HRV","280300","Croatia","BIH","Bosnia and Herzegovina","Export",6,4.318,5.364,13.091,8.171,
"H3","HRV","280300","Croatia","CHE","Switzerland","Export",6,,,,3.327,
"H3","HRV","280300","Croatia","CHN","China","Import",5,0.998,,,0.626,16.744
"H3","HRV","280300","Croatia","CZE","Czech Republic","Import",5,0.144,1.518,5.533,6.972,5.67
"H3","HRV","280300","Croatia","DEU","Germany","Export",6,,,,30.457,
"H3","HRV","280300","Croatia","DEU","Germany","Import",5,434.074,113.368,355.338,1139.508,715.592
"H3","HRV","280300","Croatia","DNK","Denmark","Import",5,19.128,19.492,27.728,,
"H3","HRV","280300","Croatia","ESP","Spain","Import",5,17.871,29.5,27.894,,
"H3","HRV","280300","Croatia","FRA","France","Import",5,,,0.186,,
"H3","HRV","280300","Croatia","GBR","United Kingdom","Export",6,,,1.052,0.055,
"H3","HRV","280300","Croatia","GBR","United Kingdom","Import",5,,0.946,,,
"H3","HRV","280300","Croatia","HUN","Hungary","Export",6,140.689,,,18.192,
"H3","HRV","280300","Croatia","HUN","Hungary","Import",5,1514.504,1878.619,2758.364,2506.696,2518.891
"H3","HRV","280300","Croatia","IND","India","Import",5,94.462,0.429,,,105.555
"H3","HRV","280300","Croatia","IRN","Iran, Islamic Rep.","Import",5,,,,22.131,
"H3","HRV","280300","Croatia","ITA","Italy","Import",5,86.451,121.124,220.903,155.436,256.455
"H3","HRV","280300","Croatia","KOR","Korea, Rep.","Import",5,,1.905,0.998,,1.455
"H3","HRV","280300","Croatia","LTU","Lithuania","Import",5,,,,4.249,
"H3","HRV","280300","Croatia","NLD","Netherlands","Import",5,,,,23.051,559.607
"H3","HRV","280300","Croatia","POL","Poland","Import",5,272.449,0.445,294.5,154.894,146.812
"H3","HRV","280300","Croatia","PRT","Portugal","Export",6,,,,1.387,
"H3","HRV","280300","Croatia","ROM","Romania","Import",5,,0.079,6.001,0.449,0.722
"H3","HRV","280300","Croatia","RUS","Russian Federation","Import",5,197.503,23.238,30.058,129.662,
"H3","HRV","280300","Croatia","SER","Serbia, FR(Serbia/Montenegro)","Export",6,38.584,76.961,92.943,254.07,221.734
"H3","HRV","280300","Croatia","SER","Serbia, FR(Serbia/Montenegro)","Import",5,,0.678,1.471,,6.115
"H3","HRV","280300","Croatia","SVK","Slovak Republic","Import",5,,,,,33.581
"H3","HRV","280300","Croatia","SVN","Slovenia","Export",6,5.089,3.311,2.904,20.671,12.944
"H3","HRV","280300","Croatia","SVN","Slovenia","Import",5,3.265,3.005,66.34,363.871,0.155
"H3","HRV","280300","Croatia","SWE","Sweden","Import",5,286.633,,128.513,,
"H3","HRV","280300","Croatia","USA","United States","Import",5,,,,0.5,
"H3","HRV","280300","Croatia","WLD"," World","Export",6,188.68,85.636,109.99,336.33,234.678
"H3","HRV","280300","Croatia","WLD"," World","Import",5,2946.768,2212.347,3936.384,4531.224,4409.863
"H3","HUN","280300","Hungary","ARE","United Arab Emirates","Export",6,13598.731,13995.068,29796.078,31233.626,23710.104
"H3","HUN","280300","Hungary","ARE","United Arab Emirates","Import",5,,,,,0.036
"H3","HUN","280300","Hungary","ARG","Argentina","Export",6,15.84,15.96,15.96,57.385,
"H3","HUN","280300","Hungary","AUS","Australia","Export",6,,0.03,,,
"H3","HUN","280300","Hungary","AUS","Australia","Import",5,,,,,0.18
"H3","HUN","280300","Hungary","AUT","Austria","Export",6,110.728,1209.205,108.874,128.83,436.496
"H3","HUN","280300","Hungary","AUT","Austria","Import",5,61.904,245.095,135.965,58.718,706.7
"H3","HUN","280300","Hungary","AZE","Azerbaijan","Import",5,,,,,0.039
"H3","HUN","280300","Hungary","BEL","Belgium","Export",6,,385.389,349.935,74.376,151.607
"H3","HUN","280300","Hungary","BEL","Belgium","Import",5,336.392,2553.754,2543.724,1302.571,1073.716
"H3","HUN","280300","Hungary","BGR","Bulgaria","Export",6,3002.702,2573.541,3555,5032.133,7016.082
"H3","HUN","280300","Hungary","BIH","Bosnia and Herzegovina","Export",6,,,,0.017,0.093
"H3","HUN","280300","Hungary","BLR","Belarus","Import",5,,21.795,5062.681,9911.915,0.005
"H3","HUN","280300","Hungary","BRA","Brazil","Export",6,,40.407,3.883,131.195,34.804
"H3","HUN","280300","Hungary","BRA","Brazil","Import",5,,,,,0.054
"H3","HUN","280300","Hungary","CAN","Canada","Export",6,67.032,,,103.936,
"H3","HUN","280300","Hungary","CAN","Canada","Import",5,4.28,,1.169,0.411,0.336
"H3","HUN","280300","Hungary","CHE","Switzerland","Export",6,0.057,,4.729,0.037,20.732
"H3","HUN","280300","Hungary","CHE","Switzerland","Import",5,,,,,0.653
"H3","HUN","280300","Hungary","CHN","China","Export",6,0.358,51.004,180.086,278.885,0.655
"H3","HUN","280300","Hungary","CHN","China","Import",5,,0.89,15.713,103107.29,42712.575
"H3","HUN","280300","Hungary","CYP","Cyprus","Export",6,,,,0.009,
"H3","HUN","280300","Hungary","CZE","Czech Republic","Export",6,7642.768,3503.771,1844.212,2741.846,1902.362
"H3","HUN","280300","Hungary","CZE","Czech Republic","Import",5,2617.798,11323.787,9970.167,24959.97,27930.626
"H3","HUN","280300","Hungary","DEU","Germany","Export",6,27752.147,18142.322,22310.429,29724.98,24491.856
"H3","HUN","280300","Hungary","DEU","Germany","Import",5,2039.845,1145.096,1201.314,7708.014,2534.58
"H3","HUN","280300","Hungary","ECU","Ecuador","Export",6,62.948,62.992,,,
"H3","HUN","280300","Hungary","EGY","Egypt, Arab Rep.","Export",6,38.052,,,,
"H3","HUN","280300","Hungary","EGY","Egypt, Arab Rep.","Import",5,794.794,452.416,2262.806,6031.76,12117.519
"H3","HUN","280300","Hungary","ESP","Spain","Export",6,10355.133,5389.244,3127.031,19427.855,7969.25
"H3","HUN","280300","Hungary","ESP","Spain","Import",5,,47.432,59.907,1156.158,80.737
"H3","HUN","280300","Hungary","FIN","Finland","Export",6,839.963,,223.023,0.067,0.017
"H3","HUN","280300","Hungary","FRA","France","Export",6,10501.937,6930.513,9520.707,20855.504,11785.523
"H3","HUN","280300","Hungary","FRA","France","Import",5,278.533,605.567,19.65,591.861,
"H3","HUN","280300","Hungary","GBR","United Kingdom","Export",6,758.715,327.75,613.421,324.242,71.227
"H3","HUN","280300","Hungary","GBR","United Kingdom","Import",5,1.142,,17.411,0.225,1.951
"H3","HUN","280300","Hungary","GRC","Greece","Export",6,307.425,495.346,241.841,343.886,141.607
"H3","HUN","280300","Hungary","HKG","Hong Kong, China","Import",5,,,,,0.159
"H3","HUN","280300","Hungary","HRV","Croatia","Export",6,1355.258,1895.082,2704.914,2095.361,2420.727
"H3","HUN","280300","Hungary","HRV","Croatia","Import",5,142.821,4.843,,18.828,
"H3","HUN","280300","Hungary","IND","India","Export",6,,1342.782,676.393,0.2,0.057
"H3","HUN","280300","Hungary","IND","India","Import",5,0.196,452.092,27.133,55.907,4344.431
"H3","HUN","280300","Hungary","ISR","Israel","Import",5,,0.304,,,0.05
"H3","HUN","280300","Hungary","ITA","Italy","Export",6,7658.235,9396.924,13161.701,20183.999,4924.958
"H3","HUN","280300","Hungary","ITA","Italy","Import",5,209.291,301.662,407.679,780.883,714.461
"H3","HUN","280300","Hungary","JPN","Japan","Export",6,,0.1,1.465,3.518,
"H3","HUN","280300","Hungary","JPN","Japan","Import",5,813.79,2473.103,3697.178,8769.593,5510.154
"H3","HUN","280300","Hungary","KAZ","Kazakhstan","Export",6,,20.473,70.53,,
"H3","HUN","280300","Hungary","KAZ","Kazakhstan","Import",5,,,,,0.002
"H3","HUN","280300","Hungary","KOR","Korea, Rep.","Export",6,192.78,103.32,3.826,231.665,22.565
"H3","HUN","280300","Hungary","KOR","Korea, Rep.","Import",5,299.165,2211.47,3983.88,3524.491,6049.905
"H3","HUN","280300","Hungary","MAC","Macao","Import",5,,,,,0.012
"H3","HUN","280300","Hungary","MAR","Morocco","Export",6,11.394,19.783,12.746,,15.993
"H3","HUN","280300","Hungary","MDA","Moldova","Export",6,4.484,4.78,,,3.41
"H3","HUN","280300","Hungary","MEX","Mexico","Export",6,,,34.2,,58.837
"H3","HUN","280300","Hungary","NLD","Netherlands","Export",6,2299.881,1540.55,1908.642,1964.395,2291.036
"H3","HUN","280300","Hungary","NLD","Netherlands","Import",5,2247.92,1134.719,596.522,743.669,367.864
"H3","HUN","280300","Hungary","NOR","Norway","Export",6,0.172,,,,
"H3","HUN","280300","Hungary","OAS","Other Asia, nes","Import",5,,,,,0.11
"H3","HUN","280300","Hungary","POL","Poland","Export",6,10620.61,11895.155,17912.677,40118.027,26847.451
"H3","HUN","280300","Hungary","POL","Poland","Import",5,17136.311,11000.617,13886.469,16144.696,17951.593
"H3","HUN","280300","Hungary","PRT","Portugal","Export",6,,20.139,167.36,,
"H3","HUN","280300","Hungary","ROM","Romania","Export",6,35871.941,45181.457,53227.74,61873.881,52412.851
"H3","HUN","280300","Hungary","ROM","Romania","Import",5,,51.769,291.747,1198.745,165.718
"H3","HUN","280300","Hungary","RUS","Russian Federation","Export",6,573.874,161.782,6.184,,
"H3","HUN","280300","Hungary","RUS","Russian Federation","Import",5,81754.229,64323.765,87146.276,50466.694,25195.956
"H3","HUN","280300","Hungary","SAU","Saudi Arabia","Export",6,4414.736,2715.65,3800.882,1565.507,4388.634
"H3","HUN","280300","Hungary","SER","Serbia, FR(Serbia/Montenegro)","Export",6,8448.291,3851.435,6820.166,10201.271,26787.072
"H3","HUN","280300","Hungary","SER","Serbia, FR(Serbia/Montenegro)","Import",5,74.58,,20.576,531.013,
"H3","HUN","280300","Hungary","SVK","Slovak Republic","Export",6,23213.728,13019.589,18391.363,22712.903,29600.113
"H3","HUN","280300","Hungary","SVK","Slovak Republic","Import",5,51.666,219.981,7.747,3.48,
"H3","HUN","280300","Hungary","SVN","Slovenia","Export",6,1010.535,802.498,604.39,811.629,935.267
"H3","HUN","280300","Hungary","SVN","Slovenia","Import",5,1138.46,203.686,62.744,216.177,56.323
"H3","HUN","280300","Hungary","SWE","Sweden","Export",6,798.04,892.898,556.708,329.533,
"H3","HUN","280300","Hungary","SWE","Sweden","Import",5,,,,,233.32
"H3","HUN","280300","Hungary","THA","Thailand","Export",6,181.324,737.084,31.352,,27.126
"H3","HUN","280300","Hungary","THA","Thailand","Import",5,,,,,0.1
"H3","HUN","280300","Hungary","TUR","Turkey","Export",6,22920.503,7807.174,3622.072,7962.221,9827.755
"H3","HUN","280300","Hungary","TUR","Turkey","Import",5,30.053,141.138,102.888,0.009,83.999
"H3","HUN","280300","Hungary","UKR","Ukraine","Export",6,23.373,80.973,70.007,,20.036
"H3","HUN","280300","Hungary","UKR","Ukraine","Import",5,7015.197,5722.704,7133.008,4948.378,5.172
"H3","HUN","280300","Hungary","UNS","Unspecified","Import",5,,,,,0.017
"H3","HUN","280300","Hungary","USA","United States","Export",6,0.769,14.046,91.491,23.623,28.621
"H3","HUN","280300","Hungary","USA","United States","Import",5,5.446,1.515,24.163,69.431,10.073
"H3","HUN","280300","Hungary","VNM","Vietnam","Export",6,,,,1.168,2.263
"H3","HUN","280300","Hungary","WLD"," World","Export",6,194654.464,154673.233,195820.051,280537.71,238347.187
"H3","HUN","280300","Hungary","WLD"," World","Import",5,117053.813,104639.2,138678.517,248172.762,147849.124
"H3","HUN","280300","Hungary","ZAF","South Africa","Export",6,,47.017,48.033,,
"H3","HUN","280300","Hungary","ZAF","South Africa","Import",5,,,,5871.875,
"H3","IDN","280300","Indonesia","ARE","United Arab Emirates","Export",6,,36.432,48.753,,
"H3","IDN","280300","Indonesia","ARE","United Arab Emirates","Import",5,1026.24,814.011,1934.806,4254.511,7524.732
"H3","IDN","280300","Indonesia","AUS","Australia","Export",6,41.005,109.019,95.829,139.87,24.498
"H3","IDN","280300","Indonesia","AUS","Australia","Import",5,0.337,0.057,9.124,23.856,18.297
"H3","IDN","280300","Indonesia","BEL","Belgium","Import",5,95.778,69.002,76.328,10.309,45.008
"H3","IDN","280300","Indonesia","BGD","Bangladesh","Export",6,2.81,,,,
"H3","IDN","280300","Indonesia","BRA","Brazil","Export",6,2.195,,0.113,,
"H3","IDN","280300","Indonesia","BRA","Brazil","Import",5,,,63.748,,
"H3","IDN","280300","Indonesia","CAN","Canada","Import",5,892.4,641.493,929.24,954.299,956.002
"H3","IDN","280300","Indonesia","CHE","Switzerland","Import",5,11.822,,,,20.52
"H3","IDN","280300","Indonesia","CHN","China","Export",6,39.738,28.382,0.019,0.046,28.392
"H3","IDN","280300","Indonesia","CHN","China","Import",5,139405.307,78985.79,148878.83,155442.114,118731.421
"H3","IDN","280300","Indonesia","COL","Colombia","Import",5,122.804,,,,
"H3","IDN","280300","Indonesia","CZE","Czech Republic","Import",5,,471.326,483.375,4.221,0.888
"H3","IDN","280300","Indonesia","DEU","Germany","Export",6,,,,,2.67
"H3","IDN","280300","Indonesia","DEU","Germany","Import",5,2134.194,1246.347,2994.922,3597.96,2733.094
"H3","IDN","280300","Indonesia","DNK","Denmark","Import",5,0.064,,3.701,1.014,6.898
"H3","IDN","280300","Indonesia","EGY","Egypt, Arab Rep.","Import",5,0.113,,14.066,,
"H3","IDN","280300","Indonesia","FRA","France","Import",5,310.842,122.034,105.486,14.8,
"H3","IDN","280300","Indonesia","GBR","United Kingdom","Import",5,11.921,,6.058,5.96,
"H3","IDN","280300","Indonesia","GUY","Guyana","Export",6,1.068,,1.162,1.501,2.127
"H3","IDN","280300","Indonesia","HKG","Hong Kong, China","Import",5,30.996,0.623,54.325,19.52,291.245
"H3","IDN","280300","Indonesia","IDN","Indonesia","Import",5,,0,,0,
"H3","IDN","280300","Indonesia","IND","India","Export",6,3011.268,1129.782,1054.116,1240.579,4039.273
"H3","IDN","280300","Indonesia","IND","India","Import",5,12556.969,4931.844,12494.448,14316.851,19225.841
"H3","IDN","280300","Indonesia","IRN","Iran, Islamic Rep.","Import",5,44.528,23.276,233.249,179.861,96.835
"H3","IDN","280300","Indonesia","ITA","Italy","Export",6,,,0.005,0.007,0.049
"H3","IDN","280300","Indonesia","ITA","Italy","Import",5,12.948,1.804,4.84,,0.223
"H3","IDN","280300","Indonesia","JPN","Japan","Export",6,0.365,0.111,0.2,76.944,26.242
"H3","IDN","280300","Indonesia","JPN","Japan","Import",5,13107.799,9401.78,14138.102,13971.705,12584.666
"H3","IDN","280300","Indonesia","KEN","Kenya","Import",5,,,15.505,,
"H3","IDN","280300","Indonesia","KOR","Korea, Rep.","Export",6,,0.108,,,0.001
"H3","IDN","280300","Indonesia","KOR","Korea, Rep.","Import",5,68983.931,51032.655,101511.332,138844.973,111236.205
"H3","IDN","280300","Indonesia","LKA","Sri Lanka","Export",6,,6.925,99.485,,142.352
"H3","IDN","280300","Indonesia","MEX","Mexico","Import",5,,,13.483,,
"H3","IDN","280300","Indonesia","MMR","Myanmar","Export",6,417.883,436.125,,0.373,147.768
"H3","IDN","280300","Indonesia","MYS","Malaysia","Export",6,5995.633,3494.279,2994.828,2618.788,6204.857
"H3","IDN","280300","Indonesia","MYS","Malaysia","Import",5,164.099,19.19,303.299,162.344,45.581
"H3","IDN","280300","Indonesia","NLD","Netherlands","Import",5,407.847,200.549,143.332,104.693,232.644
"H3","IDN","280300","Indonesia","NPL","Nepal","Export",6,,,,,23.365
"H3","IDN","280300","Indonesia","NZL","New Zealand","Export",6,74.957,,82.221,54.549,
"H3","IDN","280300","Indonesia","OAS","Other Asia, nes","Export",6,24.037,71.55,97.02,,
"H3","IDN","280300","Indonesia","OAS","Other Asia, nes","Import",5,11742.849,7375.999,13423.314,17306.913,14536.829
"H3","IDN","280300","Indonesia","PAK","Pakistan","Import",5,,,,0.166,
"H3","IDN","280300","Indonesia","PER","Peru","Import",5,0.06,,,,
"H3","IDN","280300","Indonesia","PHL","Philippines","Export",6,350.769,288.384,52.84,1029.181,287.011
"H3","IDN","280300","Indonesia","PHL","Philippines","Import",5,1.99,3.152,6.336,10.003,8.878
"H3","IDN","280300","Indonesia","PNG","Papua New Guinea","Export",6,20.244,,,,
"H3","IDN","280300","Indonesia","RUS","Russian Federation","Import",5,8.49,6.514,23.711,24.424,237.149
"H3","IDN","280300","Indonesia","SGP","Singapore","Export",6,61.931,54.984,137.316,66.511,38.681
"H3","IDN","280300","Indonesia","SGP","Singapore","Import",5,2969.716,3088.211,3145.665,4410.433,2968.799
"H3","IDN","280300","Indonesia","SWE","Sweden","Import",5,,,,,24.02
"H3","IDN","280300","Indonesia","SYC","Seychelles","Import",5,55.334,72.355,257.18,117,
"H3","IDN","280300","Indonesia","THA","Thailand","Export",6,9353.882,7127.091,12060.805,16904.053,12071.966
"H3","IDN","280300","Indonesia","THA","Thailand","Import",5,16575.395,9894.86,19652.073,20083.683,20889.071
"H3","IDN","280300","Indonesia","TMP","East Timor","Export",6,,,2.8,,
"H3","IDN","280300","Indonesia","TUR","Turkey","Import",5,,0.189,0.096,,337.046
"H3","IDN","280300","Indonesia","USA","United States","Export",6,0.001,,,0.006,0.861
"H3","IDN","280300","Indonesia","USA","United States","Import",5,3874.993,3141.258,3450.892,2461.457,2480.409
"H3","IDN","280300","Indonesia","VEN","Venezuela","Import",5,,,,,28.188
"H3","IDN","280300","Indonesia","VNM","Vietnam","Export",6,114.375,811.451,772.584,970.061,3084.683
"H3","IDN","280300","Indonesia","VNM","Vietnam","Import",5,,10.656,2.47,,18.634
"H3","IDN","280300","Indonesia","WLD"," World","Export",6,19512.162,13594.624,17500.096,23102.468,26124.797
"H3","IDN","280300","Indonesia","WLD"," World","Import",5,274631.066,171554.975,324373.336,376323.07,315279.123
"H3","IDN","280300","Indonesia","ZAF","South Africa","Import",5,81.3,,,,
"H3","IND","280300","India","AFG","Afghanistan","Export",6,,2.779,10.506,2.313,8.978
"H3","IND","280300","India","AGO","Angola","Export",6,8.546,24.133,0.037,18.336,
"H3","IND","280300","India","ARE","United Arab Emirates","Export",6,12580.069,10454.853,58708.475,22783.976,30278.336
"H3","IND","280300","India","ARE","United Arab Emirates","Import",5,7797.835,11001.17,22579.828,22560.339,21989.988
"H3","IND","280300","India","ARG","Argentina","Export",6,87.591,132.174,2804.901,184.829,9.09
"H3","IND","280300","India","ARG","Argentina","Import",5,2188.158,799.664,2042.826,,
"H3","IND","280300","India","ARM","Armenia","Export",6,,,1.242,,
"H3","IND","280300","India","AUS","Australia","Export",6,5020.1,3470.169,5523.956,4222.594,3262.427
"H3","IND","280300","India","AUS","Australia","Import",5,2.164,105.146,12.431,5.747,17.354
"H3","IND","280300","India","AUT","Austria","Export",6,,,,,102.845
"H3","IND","280300","India","AUT","Austria","Import",5,,36.931,47.693,,51.461
"H3","IND","280300","India","AZE","Azerbaijan","Export",6,,,227.189,17.786,58.136
"H3","IND","280300","India","BDI","Burundi","Export",6,1.543,,,,
"H3","IND","280300","India","BEL","Belgium","Export",6,533.647,623.473,830.478,1406.665,2490.564
"H3","IND","280300","India","BEL","Belgium","Import",5,1183.536,1463.757,4112.553,1815.667,661.107
"H3","IND","280300","India","BFA","Burkina Faso","Export",6,0.05,0.066,,,
"H3","IND","280300","India","BGD","Bangladesh","Export",6,5901.456,3121.712,9439.17,11007.259,12764.322
"H3","IND","280300","India","BGD","Bangladesh","Import",5,,,,,5.054
"H3","IND","280300","India","BGR","Bulgaria","Export",6,,10.979,,,
"H3","IND","280300","India","BGR","Bulgaria","Import",5,,18.652,0.747,,1.142
"H3","IND","280300","India","BHR","Bahrain","Export",6,10.133,16.405,5.642,50.669,30.966
"H3","IND","280300","India","BHR","Bahrain","Import",5,,71.315,8.205,,
"H3","IND","280300","India","BLR","Belarus","Export",6,0.059,,2.201,4.882,3.264
"H3","IND","280300","India","BLR","Belarus","Import",5,,,276.945,,59.575
"H3","IND","280300","India","BRA","Brazil","Export",6,190.794,121.575,259.99,3075.733,1890.045
"H3","IND","280300","India","BRA","Brazil","Import",5,0.901,0.987,0.087,,
"H3","IND","280300","India","BTN","Bhutan","Export",6,0.614,0.379,0.198,1.192,0.587
"H3","IND","280300","India","BWA","Botswana","Export",6,,,0.016,,0.019
"H3","IND","280300","India","CAN","Canada","Export",6,469.77,520.153,878.543,1327.402,1193.695
"H3","IND","280300","India","CAN","Canada","Import",5,1797.658,1146.294,2071.705,2635.922,3053.763
"H3","IND","280300","India","CHE","Switzerland","Export",6,0.223,0.198,,0.157,
"H3","IND","280300","India","CHE","Switzerland","Import",5,315.107,232.857,1254.954,294.625,94.53
"H3","IND","280300","India","CHL","Chile","Export",6,,31.586,148.065,,313.855
"H3","IND","280300","India","CHN","China","Export",6,3229.849,1063.459,1909.919,666.317,921.628
"H3","IND","280300","India","CHN","China","Import",5,82671.038,30613.117,52024.847,30635.759,38645.691
"H3","IND","280300","India","CIV","Cote d'Ivoire","Export",6,5.915,,3.327,,
"H3","IND","280300","India","CMR","Cameroon","Export",6,10.28,6.476,,2.548,
"H3","IND","280300","India","COG","Congo, Rep.","Export",6,,,0.043,,0.434
"H3","IND","280300","India","COL","Colombia","Export",6,17.143,74.923,53.19,39.533,34.764
"H3","IND","280300","India","COL","Colombia","Import",5,5524.921,303.945,153.832,,
"H3","IND","280300","India","CUW","Curaçao","Export",6,3.889,,,,
"H3","IND","280300","India","CUW","Curaçao","Import",5,,3.421,,32.422,
"H3","IND","280300","India","CZE","Czech Republic","Export",6,0.041,13.929,,2.926,270.796
"H3","IND","280300","India","CZE","Czech Republic","Import",5,338.561,56.591,7.453,,467.138
"H3","IND","280300","India","DEU","Germany","Export",6,541.131,564.078,530.226,13231.774,12358.545
"H3","IND","280300","India","DEU","Germany","Import",5,4264.617,3250.855,3750.234,5254.216,14119.963
"H3","IND","280300","India","DJI","Djibouti","Export",6,,,41.755,453.927,30.476
"H3","IND","280300","India","DMA","Dominica","Export",6,,,,1.125,
"H3","IND","280300","India","DNK","Denmark","Export",6,,,0.281,,
"H3","IND","280300","India","DNK","Denmark","Import",5,59.384,83.524,105.893,104.131,82.168
"H3","IND","280300","India","DOM","Dominican Republic","Export",6,,,,,1.081
"H3","IND","280300","India","DZA","Algeria","Export",6,44.436,28.339,,122.329,511.515
"H3","IND","280300","India","ECU","Ecuador","Export",6,,8.257,,,
"H3","IND","280300","India","EGY","Egypt, Arab Rep.","Export",6,75.536,27.022,539.134,136.631,573.242
"H3","IND","280300","India","EGY","Egypt, Arab Rep.","Import",5,5033.648,1743.322,8264.332,2466.578,701.649
"H3","IND","280300","India","ESP","Spain","Export",6,1024.575,1159.565,825.926,3246.672,2626.115
"H3","IND","280300","India","ESP","Spain","Import",5,59.192,32.507,63.355,78.693,83.114
"H3","IND","280300","India","EST","Estonia","Export",6,0.182,,,,7.731
"H3","IND","280300","India","ETH","Ethiopia(excludes Eritrea)","Export",6,74.303,8.639,92.548,118.611,1591.555
"H3","IND","280300","India","FIN","Finland","Export",6,,1.023,0.08,91.017,258.408
"H3","IND","280300","India","FJI","Fiji","Export",6,0.929,0.559,,0.01,
"H3","IND","280300","India","FRA","France","Export",6,150.066,141.144,232.307,764.637,1993.295
"H3","IND","280300","India","FRA","France","Import",5,430.525,284.352,798.457,199.049,372.682
"H3","IND","280300","India","GAB","Gabon","Export",6,,,,0.008,0.006
"H3","IND","280300","India","GBR","United Kingdom","Export",6,566.475,651.886,1226.752,1872.766,6766.967
"H3","IND","280300","India","GBR","United Kingdom","Import",5,849.616,771.667,994.601,1189.732,1007.778
"H3","IND","280300","India","GEO","Georgia","Export",6,,,,266.618,413.029
"H3","IND","280300","India","GHA","Ghana","Export",6,6.74,6.7,39.199,18.178,18.298
"H3","IND","280300","India","GIN","Guinea","Export",6,,,,,0.071
"H3","IND","280300","India","GMB","Gambia, The","Export",6,,,0.475,2.403,
"H3","IND","280300","India","GRC","Greece","Export",6,779.093,165.662,470.559,1886.871,4464.662
"H3","IND","280300","India","GTM","Guatemala","Export",6,81.403,84.233,1.034,41.381,
"H3","IND","280300","India","GUY","Guyana","Export",6,,,0.327,,0.239
"H3","IND","280300","India","HKG","Hong Kong, China","Export",6,1.505,,,2.608,
"H3","IND","280300","India","HKG","Hong Kong, China","Import",5,305.25,84.824,188.87,632.675,0.055
"H3","IND","280300","India","HND","Honduras","Export",6,,,14.017,,
"H3","IND","280300","India","HRV","Croatia","Export",6,88.032,,,,32.449
"H3","IND","280300","India","HTI","Haiti","Export",6,,,2.053,3.18,
"H3","IND","280300","India","HUN","Hungary","Export",6,0.148,263.893,,,
"H3","IND","280300","India","HUN","Hungary","Import",5,0.119,140.767,1608.005,209.396,
"H3","IND","280300","India","IDN","Indonesia","Export",6,12435.136,4434.198,13429.141,13481.5,19355.949
"H3","IND","280300","India","IDN","Indonesia","Import",5,3376.445,1096.938,1449.301,1465.437,3830.232
"H3","IND","280300","India","IND","India","Import",5,,,,,0
"H3","IND","280300","India","IRL","Ireland","Export",6,0.001,,,,
"H3","IND","280300","India","IRN","Iran, Islamic Rep.","Export",6,26.55,10.159,18.022,61.125,69.533
"H3","IND","280300","India","IRN","Iran, Islamic Rep.","Import",5,454.819,178.505,19.565,,1246.966
"H3","IND","280300","India","IRQ","Iraq","Export",6,0.02,0.363,0.367,0.244,
"H3","IND","280300","India","ISR","Israel","Export",6,79.989,39.996,20.107,379.354,1414.752
"H3","IND","280300","India","ISR","Israel","Import",5,49.83,95.006,301.069,224.298,418.611
"H3","IND","280300","India","ITA","Italy","Export",6,276.556,345.329,281.804,3916.912,1607.476
"H3","IND","280300","India","ITA","Italy","Import",5,40.276,21.543,222.092,93.444,66.71
"H3","IND","280300","India","JOR","Jordan","Export",6,33.458,1.349,14.568,42.81,67.444
"H3","IND","280300","India","JOR","Jordan","Import",5,,,,,37.155
"H3","IND","280300","India","JPN","Japan","Export",6,19134.366,7867.689,10877.831,16021.333,8941.533
"H3","IND","280300","India","JPN","Japan","Import",5,5460.138,5046.303,5615.581,7189.774,8522.842
"H3","IND","280300","India","KAZ","Kazakhstan","Export",6,,,,9.083,
"H3","IND","280300","India","KEN","Kenya","Export",6,32.723,54.188,108.221,468.234,219.037
"H3","IND","280300","India","KEN","Kenya","Import",5,,,,26.9,68.22
"H3","IND","280300","India","KGZ","Kyrgyz Republic","Export",6,,,,,5.106
"H3","IND","280300","India","KOR","Korea, Rep.","Export",6,14272.808,9912.639,14418.301,23035.214,17454.121
"H3","IND","280300","India","KOR","Korea, Rep.","Import",5,68239.263,45580.485,47894.644,27559.348,35162.217
"H3","IND","280300","India","KWT","Kuwait","Export",6,25.763,62.9,163.966,174.242,280.2
"H3","IND","280300","India","LBN","Lebanon","Export",6,122.478,54.171,45.461,0.772,109.396
"H3","IND","280300","India","LBR","Liberia","Export",6,1.127,9.669,,,
"H3","IND","280300","India","LBY","Libya","Export",6,,,,,8.125
"H3","IND","280300","India","LCA","St. Lucia","Export",6,,,0.092,,
"H3","IND","280300","India","LKA","Sri Lanka","Export",6,26309.537,19034.542,46320.141,50901.674,41019.316
"H3","IND","280300","India","LKA","Sri Lanka","Import",5,26.633,35.214,59.877,79.08,62.207
"H3","IND","280300","India","LTU","Lithuania","Export",6,,,,0.037,19.073
"H3","IND","280300","India","LTU","Lithuania","Import",5,,,239.937,,58.581
"H3","IND","280300","India","LUX","Luxembourg","Export",6,,0.048,,,50.323
"H3","IND","280300","India","LUX","Luxembourg","Import",5,0.595,6.06,2.916,1.206,
"H3","IND","280300","India","LVA","Latvia","Export",6,,,0.054,,
"H3","IND","280300","India","LVA","Latvia","Import",5,,,,470.09,
"H3","IND","280300","India","MAR","Morocco","Export",6,0.003,,40.144,163.665,277.936
"H3","IND","280300","India","MDG","Madagascar","Export",6,2.578,7.155,5.037,0.869,2.388
"H3","IND","280300","India","MDV","Maldives","Export",6,,,,1.113,
"H3","IND","280300","India","MEX","Mexico","Export",6,20.27,172.818,1405.063,1035.321,9881.986
"H3","IND","280300","India","MEX","Mexico","Import",5,911.091,84.815,37.528,0.01,
"H3","IND","280300","India","MKD","North Macedonia","Export",6,,,0.119,,
"H3","IND","280300","India","MLI","Mali","Export",6,0.253,,,0.086,
"H3","IND","280300","India","MMR","Myanmar","Export",6,12.235,31.12,47.076,87.563,320.78
"H3","IND","280300","India","MUS","Mauritius","Export",6,7.895,1.263,5.882,,
"H3","IND","280300","India","MWI","Malawi","Export",6,,0.185,,,27.754
"H3","IND","280300","India","MYS","Malaysia","Export",6,3726.227,3555.464,7084.142,9669.905,6701.419
"H3","IND","280300","India","MYS","Malaysia","Import",5,1198.376,666.753,853.23,716.285,357.113
"H3","IND","280300","India","NAM","Namibia","Export",6,,,0.004,,0.014
"H3","IND","280300","India","NER","Niger","Export",6,0.17,,,,
"H3","IND","280300","India","NGA","Nigeria","Export",6,159.349,202.445,268.934,356.333,596.072
"H3","IND","280300","India","NLD","Netherlands","Export",6,1103.709,1460.529,3103.801,8008.405,9352.54
"H3","IND","280300","India","NLD","Netherlands","Import",5,7387.488,8029.684,7762.173,10192.025,1965.864
"H3","IND","280300","India","NOR","Norway","Export",6,0.314,21.584,,,
"H3","IND","280300","India","NPL","Nepal","Export",6,559.839,447.655,792.042,886.999,806.115
"H3","IND","280300","India","NPL","Nepal","Import",5,3.547,10.471,1.458,6.609,3.779
"H3","IND","280300","India","NZL","New Zealand","Export",6,55.342,37.668,53.453,0.044,104.904
"H3","IND","280300","India","NZL","New Zealand","Import",5,,4.42,,,
"H3","IND","280300","India","OAS","Other Asia, nes","Export",6,1861.385,1286.488,1409.022,1881.19,2240.473
"H3","IND","280300","India","OAS","Other Asia, nes","Import",5,2490.345,204.234,91.655,29.312,39.569
"H3","IND","280300","India","OMN","Oman","Export",6,75.528,16.958,90.651,71.098,76.574
"H3","IND","280300","India","OMN","Oman","Import",5,,,,,23.201
"H3","IND","280300","India","PAK","Pakistan","Export",6,,,,2.923,
"H3","IND","280300","India","PER","Peru","Export",6,11.61,,,801.256,1262.024
"H3","IND","280300","India","PHL","Philippines","Export",6,495.837,489.184,3157.129,3046.69,7172.254
"H3","IND","280300","India","POL","Poland","Export",6,384.066,407.697,93.489,27691.686,19780.362
"H3","IND","280300","India","POL","Poland","Import",5,231.515,335.717,3417.113,6.513,0.223
"H3","IND","280300","India","PRT","Portugal","Export",6,303.922,170.099,394.489,1131.198,1898.032
"H3","IND","280300","India","PRT","Portugal","Import",5,,25.987,,,
"H3","IND","280300","India","PRY","Paraguay","Export",6,4.01,3.033,1.061,2.975,1.528
"H3","IND","280300","India","QAT","Qatar","Export",6,308.667,39.073,165.085,299.207,325.497
"H3","IND","280300","India","QAT","Qatar","Import",5,,11.664,1.674,,
"H3","IND","280300","India","ROM","Romania","Export",6,152.981,114.428,122.876,157.016,221.173
"H3","IND","280300","India","ROM","Romania","Import",5,,,,,0.505
"H3","IND","280300","India","RUS","Russian Federation","Export",6,1.855,189.947,254.084,392.086,423.422
"H3","IND","280300","India","RUS","Russian Federation","Import",5,16008.995,17020.838,35560.106,24815.458,42110.418
"H3","IND","280300","India","RWA","Rwanda","Export",6,,0.058,,,
"H3","IND","280300","India","SAU","Saudi Arabia","Export",6,1752.678,1822.931,11362.051,14785.417,11010.743
"H3","IND","280300","India","SAU","Saudi Arabia","Import",5,5090.177,1629.661,7706.617,13671.543,11227.883
"H3","IND","280300","India","SEN","Senegal","Export",6,22.168,25.651,48.882,2.469,42.05
"H3","IND","280300","India","SER","Serbia, FR(Serbia/Montenegro)","Export",6,0.001,,,,0.021
"H3","IND","280300","India","SGP","Singapore","Export",6,281.546,184.009,394.769,172.73,420.121
"H3","IND","280300","India","SGP","Singapore","Import",5,2297.626,1371.561,1575.356,1635.914,1208.854
"H3","IND","280300","India","SLE","Sierra Leone","Export",6,,1.657,7.557,0.337,0.032
"H3","IND","280300","India","SOM","Somalia","Export",6,0.405,,,0.757,
"H3","IND","280300","India","SUD","Sudan","Export",6,29.765,31.762,,,62.251
"H3","IND","280300","India","SVK","Slovak Republic","Export",6,28.73,,,,1.723
"H3","IND","280300","India","SVK","Slovak Republic","Import",5,,0.291,,,
"H3","IND","280300","India","SVN","Slovenia","Export",6,,148.169,23.796,350.92,1429.703
"H3","IND","280300","India","SWE","Sweden","Export",6,0.001,,0.261,48.407,366.845
"H3","IND","280300","India","SWE","Sweden","Import",5,1.093,3.679,17.134,64.711,218.956
"H3","IND","280300","India","SYC","Seychelles","Export",6,0.012,,,,1.629
"H3","IND","280300","India","SYC","Seychelles","Import",5,363.18,381.664,40.962,106.858,
"H3","IND","280300","India","SYR","Syrian Arab Republic","Export",6,1.312,,1.264,,0.044
"H3","IND","280300","India","TGO","Togo","Export",6,,,,0.402,
"H3","IND","280300","India","THA","Thailand","Export",6,15938.562,13212.312,22470.524,27012.476,48869.64
"H3","IND","280300","India","THA","Thailand","Import",5,6862.314,4894.38,6194.932,5198.436,6387.62
"H3","IND","280300","India","TJK","Tajikistan","Export",6,,,,,1.853
"H3","IND","280300","India","TKM","Turkmenistan","Import",5,,,,,3.511
"H3","IND","280300","India","TUN","Tunisia","Export",6,30.297,144.986,51.572,386.074,85.611
"H3","IND","280300","India","TUN","Tunisia","Import",5,,,,,416.534
"H3","IND","280300","India","TUR","Turkey","Export",6,2130.339,1770.183,2908.964,3876.87,12112.977
"H3","IND","280300","India","TUR","Turkey","Import",5,,,6188.417,20726.598,2046.614
"H3","IND","280300","India","TZA","Tanzania","Export",6,28.87,13.112,22.561,42.885,76.188
"H3","IND","280300","India","UGA","Uganda","Export",6,12.133,12.085,53.061,85.26,135.756
"H3","IND","280300","India","UKR","Ukraine","Export",6,67.204,13.074,19.867,,
"H3","IND","280300","India","UKR","Ukraine","Import",5,58.414,192.379,1577.798,,
"H3","IND","280300","India","UNS","Unspecified","Import",5,,133.371,,,
"H3","IND","280300","India","USA","United States","Export",6,3271.12,7404.401,7987.374,18623.044,32034.426
"H3","IND","280300","India","USA","United States","Import",5,18146.874,14313.439,18226.493,17891.438,16568.295
"H3","IND","280300","India","UZB","Uzbekistan","Export",6,1.123,,12.091,,0.016
"H3","IND","280300","India","VEN","Venezuela","Export",6,,12.217,310.019,732.503,133.458
"H3","IND","280300","India","VNM","Vietnam","Export",6,20172.574,11943.552,27074.965,26072.142,39562.949
"H3","IND","280300","India","VNM","Vietnam","Import",5,27.883,,,2.062,
"H3","IND","280300","India","WLD"," World","Export",6,157361.698,110180.894,261940.855,323613,384434.844
"H3","IND","280300","India","WLD"," World","Import",5,252524.05,153633.505,245692.862,200288.299,213466.928
"H3","IND","280300","India","YEM","Yemen","Export",6,7.857,13.624,,6.87,29.944
"H3","IND","280300","India","ZAF","South Africa","Export",6,75.521,68.049,118.784,133.948,679.295
"H3","IND","280300","India","ZAF","South Africa","Import",5,974.9,12.778,267.383,,0.037
"H3","IND","280300","India","ZAR","Congo, Dem. Rep.","Export",6,1.498,56.503,46.364,9.52,0.354
"H3","IND","280300","India","ZMB","Zambia","Export",6,3.16,20.104,10.709,13.951,
"H3","IND","280300","India","ZWE","Zimbabwe","Export",6,,,,,0.151
"H3","IRL","280300","Ireland","AUS","Australia","Import",5,,0.151,,0.229,
"H3","IRL","280300","Ireland","AUT","Austria","Export",6,0.703,0.488,674.506,5.508,6.803
"H3","IRL","280300","Ireland","BEL","Belgium","Export",6,38.183,24.361,920.889,23.29,20.038
"H3","IRL","280300","Ireland","BEL","Belgium","Import",5,10.963,3.188,2.501,0.426,0.15
"H3","IRL","280300","Ireland","CAN","Canada","Import",5,13.924,14.971,12.659,13.222,7.498
"H3","IRL","280300","Ireland","CHN","China","Import",5,0.513,2.974,1.303,4.546,1.5
"H3","IRL","280300","Ireland","COL","Colombia","Import",5,,,1.567,,
"H3","IRL","280300","Ireland","CZE","Czech Republic","Export",6,6.705,6.981,116.514,5.158,3.728
"H3","IRL","280300","Ireland","DEU","Germany","Export",6,62.404,176.866,1940.62,188.32,128.697
"H3","IRL","280300","Ireland","DEU","Germany","Import",5,28.035,11.198,9.396,12.231,41.444
"H3","IRL","280300","Ireland","DNK","Denmark","Export",6,29.25,33.88,243.387,23.916,42.351
"H3","IRL","280300","Ireland","DNK","Denmark","Import",5,158.616,,,,
"H3","IRL","280300","Ireland","ESP","Spain","Export",6,15.228,24.496,604.611,12.938,7.844
"H3","IRL","280300","Ireland","ESP","Spain","Import",5,,,120.71,368.242,130.978
"H3","IRL","280300","Ireland","FIN","Finland","Export",6,,,67.18,,
"H3","IRL","280300","Ireland","FRA","France","Export",6,47.738,140.45,1799.353,153.743,63.584
"H3","IRL","280300","Ireland","FRA","France","Import",5,,0.266,,,
"H3","IRL","280300","Ireland","GBR","United Kingdom","Export",6,221.09,117.306,40.654,0.622,0.463
"H3","IRL","280300","Ireland","GBR","United Kingdom","Import",5,2429.138,1992.044,422.035,704.693,491.733
"H3","IRL","280300","Ireland","GRC","Greece","Export",6,1.432,,,,
"H3","IRL","280300","Ireland","HKG","Hong Kong, China","Import",5,,,,0.084,
"H3","IRL","280300","Ireland","HUN","Hungary","Export",6,21.44,25.562,130.355,27.731,29.314
"H3","IRL","280300","Ireland","IND","India","Import",5,,,,13.593,0.058
"H3","IRL","280300","Ireland","ISR","Israel","Export",6,,17.076,66.999,,
"H3","IRL","280300","Ireland","ISR","Israel","Import",5,,,0.072,,
"H3","IRL","280300","Ireland","ITA","Italy","Export",6,2.147,12.11,378.941,5.382,2.218
"H3","IRL","280300","Ireland","ITA","Italy","Import",5,1.801,0.379,,0.83,
"H3","IRL","280300","Ireland","JOR","Jordan","Export",6,1.038,,,,
"H3","IRL","280300","Ireland","KOR","Korea, Rep.","Import",5,,,3.044,,
"H3","IRL","280300","Ireland","LTU","Lithuania","Export",6,289.188,1310.01,2310.206,36.367,23.369
"H3","IRL","280300","Ireland","LUX","Luxembourg","Import",5,,,0.44,,0.285
"H3","IRL","280300","Ireland","LVA","Latvia","Export",6,,15.409,24.615,7.161,
"H3","IRL","280300","Ireland","MLT","Malta","Export",6,,,,3.491,
"H3","IRL","280300","Ireland","MYS","Malaysia","Import",5,,,,,0.107
"H3","IRL","280300","Ireland","NGA","Nigeria","Import",5,,,0.002,0.008,0.008
"H3","IRL","280300","Ireland","NLD","Netherlands","Export",6,370.272,819.491,1566.404,538.535,714.469
"H3","IRL","280300","Ireland","NLD","Netherlands","Import",5,31.137,124.127,71.137,40.178,2.487
"H3","IRL","280300","Ireland","NOR","Norway","Export",6,,1.485,,,
"H3","IRL","280300","Ireland","NOR","Norway","Import",5,,0.015,,0.234,0.011
"H3","IRL","280300","Ireland","NZL","New Zealand","Import",5,,,,,0.054
"H3","IRL","280300","Ireland","OAS","Other Asia, nes","Import",5,,,,0.066,1.252
"H3","IRL","280300","Ireland","POL","Poland","Export",6,41.226,47.608,126.15,47.251,76.746
"H3","IRL","280300","Ireland","PRT","Portugal","Export",6,,0.363,43.389,,
"H3","IRL","280300","Ireland","ROM","Romania","Export",6,,,1.504,0.578,0.118
"H3","IRL","280300","Ireland","SGP","Singapore","Import",5,,,,,0.001
"H3","IRL","280300","Ireland","SVK","Slovak Republic","Export",6,5.923,14.932,545.752,1.447,
"H3","IRL","280300","Ireland","SVN","Slovenia","Export",6,13.824,3.419,2.166,4.312,6.329
"H3","IRL","280300","Ireland","SWE","Sweden","Export",6,7.33,1.984,2.714,2.075,
"H3","IRL","280300","Ireland","SWE","Sweden","Import",5,1.169,,0.634,,
"H3","IRL","280300","Ireland","TGO","Togo","Import",5,,,,,0.147
"H3","IRL","280300","Ireland","THA","Thailand","Import",5,,,,,0.042
"H3","IRL","280300","Ireland","TUR","Turkey","Import",5,,0.103,0.024,0.078,0.144
"H3","IRL","280300","Ireland","UNS","Unspecified","Export",6,,,,,0.412
"H3","IRL","280300","Ireland","USA","United States","Export",6,152.353,,249.263,369.18,0.137
"H3","IRL","280300","Ireland","USA","United States","Import",5,50.924,65.914,79.957,119.466,53.433
"H3","IRL","280300","Ireland","WLD"," World","Export",6,1327.473,2794.275,11856.17,1457.005,1126.62
"H3","IRL","280300","Ireland","WLD"," World","Import",5,2726.219,2215.329,725.604,1278.126,731.332
"H3","IRL","280300","Ireland","ZAF","South Africa","Import",5,,,0.122,,
"H3","IRN","280300","Iran, Islamic Rep.","ARE","United Arab Emirates","Export",6,377.802,505.763,1575.199,2023.305,
"H3","IRN","280300","Iran, Islamic Rep.","ARE","United Arab Emirates","Import",5,4300.789,8958.723,7995.456,661.109,
"H3","IRN","280300","Iran, Islamic Rep.","ARM","Armenia","Export",6,4.752,,,53.317,
"H3","IRN","280300","Iran, Islamic Rep.","ARM","Armenia","Import",5,,,,13.578,
"H3","IRN","280300","Iran, Islamic Rep.","AUT","Austria","Import",5,14.226,,,,
"H3","IRN","280300","Iran, Islamic Rep.","AZE","Azerbaijan","Export",6,135.636,81.562,166.47,156.762,
"H3","IRN","280300","Iran, Islamic Rep.","BEL","Belgium","Import",5,42.61,,,,
"H3","IRN","280300","Iran, Islamic Rep.","BGD","Bangladesh","Export",6,,77.584,416.579,679.499,
"H3","IRN","280300","Iran, Islamic Rep.","BGR","Bulgaria","Export",6,,8.91,57.288,228.394,
"H3","IRN","280300","Iran, Islamic Rep.","CHN","China","Export",6,,43.863,277.977,106.369,
"H3","IRN","280300","Iran, Islamic Rep.","CHN","China","Import",5,338.392,1713.921,968.743,883.683,
"H3","IRN","280300","Iran, Islamic Rep.","COG","Congo, Rep.","Export",6,,,,24.2,
"H3","IRN","280300","Iran, Islamic Rep.","DEU","Germany","Import",5,285.273,292.881,64.535,252.297,
"H3","IRN","280300","Iran, Islamic Rep.","ESP","Spain","Export",6,,,,26.62,
"H3","IRN","280300","Iran, Islamic Rep.","GBR","United Kingdom","Import",5,,,,36.646,
"H3","IRN","280300","Iran, Islamic Rep.","IDN","Indonesia","Export",6,794.669,1332.459,3715.542,1681.686,
"H3","IRN","280300","Iran, Islamic Rep.","IND","India","Export",6,6318.714,9534.555,11751.886,16419.614,
"H3","IRN","280300","Iran, Islamic Rep.","IND","India","Import",5,,30.792,,,
"H3","IRN","280300","Iran, Islamic Rep.","IRQ","Iraq","Export",6,,0.06,1.165,97.111,
"H3","IRN","280300","Iran, Islamic Rep.","IRQ","Iraq","Import",5,1.457,,,,
"H3","IRN","280300","Iran, Islamic Rep.","ITA","Italy","Export",6,,,,1427.619,
"H3","IRN","280300","Iran, Islamic Rep.","KAZ","Kazakhstan","Export",6,,,,53.107,
"H3","IRN","280300","Iran, Islamic Rep.","KEN","Kenya","Export",6,65.05,,18.586,240.649,
"H3","IRN","280300","Iran, Islamic Rep.","KGZ","Kyrgyz Republic","Export",6,,,,2.54,
"H3","IRN","280300","Iran, Islamic Rep.","KOR","Korea, Rep.","Import",5,,,2.286,,
"H3","IRN","280300","Iran, Islamic Rep.","LKA","Sri Lanka","Export",6,228.234,168.278,284.156,264.683,
"H3","IRN","280300","Iran, Islamic Rep.","MAR","Morocco","Export",6,,,,23.469,
"H3","IRN","280300","Iran, Islamic Rep.","MYS","Malaysia","Export",6,65.84,154.508,409.661,887.466,
"H3","IRN","280300","Iran, Islamic Rep.","MYS","Malaysia","Import",5,,5.789,,,
"H3","IRN","280300","Iran, Islamic Rep.","OAS","Other Asia, nes","Import",5,17.402,,69.55,,
"H3","IRN","280300","Iran, Islamic Rep.","OMN","Oman","Import",5,408.614,234.186,459.681,,
"H3","IRN","280300","Iran, Islamic Rep.","PAK","Pakistan","Export",6,6109.677,3772.755,8518.012,13631.694,
"H3","IRN","280300","Iran, Islamic Rep.","PHL","Philippines","Export",6,237.6,,,,
"H3","IRN","280300","Iran, Islamic Rep.","ROM","Romania","Export",6,64.577,,,,
"H3","IRN","280300","Iran, Islamic Rep.","RUS","Russian Federation","Export",6,,,,7.88,
"H3","IRN","280300","Iran, Islamic Rep.","SYR","Syrian Arab Republic","Export",6,33.956,16.077,12.41,,
"H3","IRN","280300","Iran, Islamic Rep.","THA","Thailand","Export",6,,,113.434,246.989,
"H3","IRN","280300","Iran, Islamic Rep.","TKM","Turkmenistan","Export",6,,,39.287,,
"H3","IRN","280300","Iran, Islamic Rep.","TUN","Tunisia","Export",6,,,,25.704,
"H3","IRN","280300","Iran, Islamic Rep.","TUR","Turkey","Export",6,5382.328,5110.477,13739.306,21844.922,
"H3","IRN","280300","Iran, Islamic Rep.","TUR","Turkey","Import",5,21.038,25.595,20.704,97.546,
"H3","IRN","280300","Iran, Islamic Rep.","UKR","Ukraine","Export",6,,,20.909,20.909,
"H3","IRN","280300","Iran, Islamic Rep.","UZB","Uzbekistan","Export",6,93.491,12.524,18.685,,
"H3","IRN","280300","Iran, Islamic Rep.","VNM","Vietnam","Export",6,928.923,557.406,1406.326,2276.012,
"H3","IRN","280300","Iran, Islamic Rep.","WLD"," World","Export",6,20841.249,21409.517,42542.878,62450.52,
"H3","IRN","280300","Iran, Islamic Rep.","WLD"," World","Import",5,5429.801,11261.887,9580.955,1944.859,
"H3","IRN","280300","Iran, Islamic Rep.","ZAF","South Africa","Export",6,,32.736,,,
"H3","ISL","280300","Iceland","BEL","Belgium","Import",5,,0.395,0.277,0.21,0.523
"H3","ISL","280300","Iceland","CHN","China","Import",5,,,,0.135,0.52
"H3","ISL","280300","Iceland","CZE","Czech Republic","Import",5,,,,,0.034
"H3","ISL","280300","Iceland","DEU","Germany","Import",5,0.184,0.89,0.035,0.077,0.038
"H3","ISL","280300","Iceland","DNK","Denmark","Import",5,,,0.248,,
"H3","ISL","280300","Iceland","ESP","Spain","Import",5,,,,,0.113
"H3","ISL","280300","Iceland","FRA","France","Import",5,,,,556.417,
"H3","ISL","280300","Iceland","GBR","United Kingdom","Import",5,0.249,,,1.701,
"H3","ISL","280300","Iceland","ITA","Italy","Import",5,,,,,0.379
"H3","ISL","280300","Iceland","NLD","Netherlands","Import",5,,,,,0.127
"H3","ISL","280300","Iceland","NZL","New Zealand","Import",5,,,,0.217,
"H3","ISL","280300","Iceland","THA","Thailand","Import",5,,,0.106,0.085,
"H3","ISL","280300","Iceland","USA","United States","Import",5,0.247,0.189,,0.126,0.094
"H3","ISL","280300","Iceland","WLD"," World","Import",5,0.679,1.474,0.667,558.967,1.829
"H3","ISR","280300","Israel","AUS","Australia","Export",6,,,,1,
"H3","ISR","280300","Israel","AUT","Austria","Import",5,,,14,13,
"H3","ISR","280300","Israel","BEL","Belgium","Export",6,21,,,,
"H3","ISR","280300","Israel","BEL","Belgium","Import",5,25,10,12,27,4
"H3","ISR","280300","Israel","BUN","Bunkers","Export",6,28,,,,
"H3","ISR","280300","Israel","CAN","Canada","Import",5,57,85,147,148,155
"H3","ISR","280300","Israel","CHE","Switzerland","Export",6,,11,,1,
"H3","ISR","280300","Israel","CHE","Switzerland","Import",5,67,553,712,618,151
"H3","ISR","280300","Israel","CHN","China","Export",6,,43,3,21,
"H3","ISR","280300","Israel","CHN","China","Import",5,1728,1188,306,609,714
"H3","ISR","280300","Israel","COL","Colombia","Import",5,,1,,,
"H3","ISR","280300","Israel","CZE","Czech Republic","Import",5,,,23,,
"H3","ISR","280300","Israel","DEU","Germany","Export",6,,,,1,
"H3","ISR","280300","Israel","DEU","Germany","Import",5,651,488,695,629,630
"H3","ISR","280300","Israel","EGY","Egypt, Arab Rep.","Import",5,107,376,801,285,
"H3","ISR","280300","Israel","ESP","Spain","Import",5,45,,24,,
"H3","ISR","280300","Israel","FRA","France","Export",6,1,,,,
"H3","ISR","280300","Israel","FRA","France","Import",5,,,1,11,
"H3","ISR","280300","Israel","GBR","United Kingdom","Export",6,,,,5,
"H3","ISR","280300","Israel","GBR","United Kingdom","Import",5,141,23,6,4,5
"H3","ISR","280300","Israel","HKG","Hong Kong, China","Import",5,,19,117,,
"H3","ISR","280300","Israel","HUN","Hungary","Export",6,,,,13,
"H3","ISR","280300","Israel","IND","India","Export",6,127,59,196,208,292
"H3","ISR","280300","Israel","IND","India","Import",5,87,44,27,251,1428
"H3","ISR","280300","Israel","IRL","Ireland","Export",6,,,,,1
"H3","ISR","280300","Israel","ITA","Italy","Import",5,114,20,247,346,363
"H3","ISR","280300","Israel","JPN","Japan","Export",6,,,3,,1
"H3","ISR","280300","Israel","JPN","Japan","Import",5,,,3,3,158
"H3","ISR","280300","Israel","KOR","Korea, Rep.","Export",6,,,3,2,
"H3","ISR","280300","Israel","KOR","Korea, Rep.","Import",5,,,,2,2
"H3","ISR","280300","Israel","LUX","Luxembourg","Export",6,,,,1,
"H3","ISR","280300","Israel","LUX","Luxembourg","Import",5,1,3,499,7,1
"H3","ISR","280300","Israel","NLD","Netherlands","Import",5,54,1,32,101,
"H3","ISR","280300","Israel","OAS","Other Asia, nes","Export",6,,1,,6,
"H3","ISR","280300","Israel","POL","Poland","Export",6,,1,4,,
"H3","ISR","280300","Israel","POL","Poland","Import",5,191,766,1042,1568,
"H3","ISR","280300","Israel","PRT","Portugal","Export",6,,15,,,
"H3","ISR","280300","Israel","RUS","Russian Federation","Export",6,,2,21,26,5
"H3","ISR","280300","Israel","RUS","Russian Federation","Import",5,4693,19,,,45
"H3","ISR","280300","Israel","SGP","Singapore","Import",5,140,133,294,355,118
"H3","ISR","280300","Israel","SVN","Slovenia","Export",6,,,,43,
"H3","ISR","280300","Israel","SWE","Sweden","Import",5,,,,1,
"H3","ISR","280300","Israel","THA","Thailand","Import",5,1,,,15,
"H3","ISR","280300","Israel","TUR","Turkey","Export",6,27,32,10,9,
"H3","ISR","280300","Israel","TUR","Turkey","Import",5,123,2797,6173,7033,3285
"H3","ISR","280300","Israel","UNS","Unspecified","Export",6,,,,6,
"H3","ISR","280300","Israel","USA","United States","Export",6,3,17,6,10,
"H3","ISR","280300","Israel","USA","United States","Import",5,361,81,89,675,556
"H3","ISR","280300","Israel","WLD"," World","Export",6,213,181,246,353,299
"H3","ISR","280300","Israel","WLD"," World","Import",5,8586,6607,11264,12701,7615
"H3","ISR","280300","Israel","ZAF","South Africa","Export",6,6,,,,
"H3","ITA","280300","Italy","ALB","Albania","Export",6,7.793,12.601,10.595,13.791,8.583
"H3","ITA","280300","Italy","ARE","United Arab Emirates","Export",6,696.277,610.513,60.627,383.211,68.295
"H3","ITA","280300","Italy","ARM","Armenia","Export",6,,,,21.291,
"H3","ITA","280300","Italy","AUS","Australia","Export",6,8.564,,,,
"H3","ITA","280300","Italy","AUT","Austria","Export",6,10.562,79.008,307.612,460.692,414.539
"H3","ITA","280300","Italy","AUT","Austria","Import",5,765.903,2123.679,6804.765,6536.634,6011.102
"H3","ITA","280300","Italy","AZE","Azerbaijan","Export",6,,,,,38.007
"H3","ITA","280300","Italy","BEL","Belgium","Export",6,6865.672,10466.723,11825.769,13243.567,11313.681
"H3","ITA","280300","Italy","BEL","Belgium","Import",5,16603.98,7761.399,10282.301,13582.112,14595.754
"H3","ITA","280300","Italy","BGR","Bulgaria","Export",6,316.673,329.102,302.841,167.455,15.975
"H3","ITA","280300","Italy","BGR","Bulgaria","Import",5,223.749,267.155,39.649,,
"H3","ITA","280300","Italy","BIH","Bosnia and Herzegovina","Export",6,13.77,16.072,16.919,15.975,18.317
"H3","ITA","280300","Italy","BLR","Belarus","Export",6,,37.017,,,
"H3","ITA","280300","Italy","BLR","Belarus","Import",5,,195.177,1771.851,1470.881,1938.588
"H3","ITA","280300","Italy","BRA","Brazil","Export",6,465.554,169.289,420.133,1328.927,860.374
"H3","ITA","280300","Italy","BRA","Brazil","Import",5,1701.931,,,,358.203
"H3","ITA","280300","Italy","CAN","Canada","Export",6,17.868,18.283,,3.521,167.481
"H3","ITA","280300","Italy","CAN","Canada","Import",5,2338.126,2618.008,3901.633,4207.438,3742.079
"H3","ITA","280300","Italy","CHE","Switzerland","Export",6,1972.558,1434.154,1360.263,3100.008,2402.152
"H3","ITA","280300","Italy","CHE","Switzerland","Import",5,7.805,13.278,47.76,,3.622
"H3","ITA","280300","Italy","CHL","Chile","Export",6,,,,,4.068
"H3","ITA","280300","Italy","CHN","China","Export",6,1513.094,3385.716,2519.062,1545.985,1581.31
"H3","ITA","280300","Italy","CHN","China","Import",5,910.728,791.281,1507.742,2211.289,1245.668
"H3","ITA","280300","Italy","CIV","Cote d'Ivoire","Export",6,9.124,,4.908,,
"H3","ITA","280300","Italy","CMR","Cameroon","Export",6,,25.05,30.291,,
"H3","ITA","280300","Italy","COG","Congo, Rep.","Export",6,2.239,,,,
"H3","ITA","280300","Italy","COL","Colombia","Export",6,,,23.844,,
"H3","ITA","280300","Italy","CRI","Costa Rica","Export",6,,,,,4.66
"H3","ITA","280300","Italy","CUB","Cuba","Export",6,15.06,,,,
"H3","ITA","280300","Italy","CYP","Cyprus","Import",5,,,3.113,,
"H3","ITA","280300","Italy","CZE","Czech Republic","Export",6,5771.052,5020.997,4504.668,5083.258,1219.884
"H3","ITA","280300","Italy","CZE","Czech Republic","Import",5,3689.907,3307.168,5425.987,2381.69,2749.169
"H3","ITA","280300","Italy","DEU","Germany","Export",6,40457.518,29742.753,44741.59,68890.947,82344.664
"H3","ITA","280300","Italy","DEU","Germany","Import",5,24864.488,21612.249,30464.095,37496.406,31954.653
"H3","ITA","280300","Italy","DNK","Denmark","Export",6,1.321,0.025,23.454,68.47,22.339
"H3","ITA","280300","Italy","DNK","Denmark","Import",5,32.528,81.026,172.901,12.07,13.086
"H3","ITA","280300","Italy","DOM","Dominican Republic","Export",6,,,,,1.858
"H3","ITA","280300","Italy","DZA","Algeria","Export",6,364.941,1179.843,,45.623,135.163
"H3","ITA","280300","Italy","EGY","Egypt, Arab Rep.","Export",6,420.381,203.5,525.031,1213.83,1066.346
"H3","ITA","280300","Italy","EGY","Egypt, Arab Rep.","Import",5,339.822,166.627,3985.097,13118.421,4251.749
"H3","ITA","280300","Italy","ESP","Spain","Export",6,21312.037,14069.485,17148.605,26239.274,27379.53
"H3","ITA","280300","Italy","ESP","Spain","Import",5,1820.646,2407.343,2570.729,4973.493,3503.551
"H3","ITA","280300","Italy","EST","Estonia","Export",6,,,,,9.166
"H3","ITA","280300","Italy","EST","Estonia","Import",5,,,,,0.282
"H3","ITA","280300","Italy","FIN","Finland","Export",6,384.909,384.709,472.027,525.198,1086.866
"H3","ITA","280300","Italy","FIN","Finland","Import",5,,6.407,1.253,,5.404
"H3","ITA","280300","Italy","FRA","France","Export",6,12311.336,8202.6,9536.651,12727.729,11377.317
"H3","ITA","280300","Italy","FRA","France","Import",5,4147.723,3793.859,7814.207,6587.445,3083.151
"H3","ITA","280300","Italy","GBR","United Kingdom","Export",6,13156.438,9062.987,11050.087,13390.285,12612.607
"H3","ITA","280300","Italy","GBR","United Kingdom","Import",5,159.968,406.286,146.765,231.889,306.595
"H3","ITA","280300","Italy","GEO","Georgia","Export",6,,,,,3.121
"H3","ITA","280300","Italy","GRC","Greece","Export",6,1399.072,1562.884,2503.655,1170.252,225.164
"H3","ITA","280300","Italy","GRC","Greece","Import",5,1.628,14.291,2.844,,3.179
"H3","ITA","280300","Italy","GTM","Guatemala","Export",6,,,70.851,,
"H3","ITA","280300","Italy","HKG","Hong Kong, China","Export",6,,,20.816,,
"H3","ITA","280300","Italy","HRV","Croatia","Export",6,112.699,117.486,205.605,238.407,11.792
"H3","ITA","280300","Italy","HRV","Croatia","Import",5,23.233,10.63,38.226,,
"H3","ITA","280300","Italy","HUN","Hungary","Export",6,1961.204,1432.223,1992.183,1787.503,667.507
"H3","ITA","280300","Italy","HUN","Hungary","Import",5,7806.293,9384.37,12854.735,20306.92,4606.403
"H3","ITA","280300","Italy","IDN","Indonesia","Export",6,3.046,4.658,,,
"H3","ITA","280300","Italy","IND","India","Export",6,120.031,47.972,78.773,201.078,33.821
"H3","ITA","280300","Italy","IND","India","Import",5,285.232,368.898,363.651,3910.569,2184.766
"H3","ITA","280300","Italy","IRL","Ireland","Export",6,35.005,,,0.003,1.664
"H3","ITA","280300","Italy","IRL","Ireland","Import",5,,3.866,0.134,0.158,
"H3","ITA","280300","Italy","IRN","Iran, Islamic Rep.","Export",6,,,,1.448,
"H3","ITA","280300","Italy","IRN","Iran, Islamic Rep.","Import",5,,,,88.761,117.17
"H3","ITA","280300","Italy","ISR","Israel","Export",6,139.879,176.556,537.338,519.716,508.012
"H3","ITA","280300","Italy","JOR","Jordan","Export",6,,,,49.017,
"H3","ITA","280300","Italy","JPN","Japan","Export",6,2.726,4.643,1.715,2.706,12.288
"H3","ITA","280300","Italy","JPN","Japan","Import",5,359.971,30.542,223.48,526.292,415.791
"H3","ITA","280300","Italy","KEN","Kenya","Export",6,,14.066,,,
"H3","ITA","280300","Italy","KOR","Korea, Rep.","Export",6,96.394,58.245,69.426,131.755,129.226
"H3","ITA","280300","Italy","KOR","Korea, Rep.","Import",5,1202.609,1334.239,1924.106,2429.616,1719.181
"H3","ITA","280300","Italy","LBN","Lebanon","Export",6,,51.986,52.205,181.487,69.468
"H3","ITA","280300","Italy","LKA","Sri Lanka","Export",6,46.678,160.972,89.078,49.25,6.801
"H3","ITA","280300","Italy","LTU","Lithuania","Export",6,,12.129,119.176,20.706,
"H3","ITA","280300","Italy","LTU","Lithuania","Import",5,,,93.002,344.596,229.168
"H3","ITA","280300","Italy","LUX","Luxembourg","Export",6,13.548,36.838,50.702,72.067,74.691
"H3","ITA","280300","Italy","LUX","Luxembourg","Import",5,12.738,0.987,85.244,141.541,41.339
"H3","ITA","280300","Italy","LVA","Latvia","Import",5,,1.344,,,
"H3","ITA","280300","Italy","MAR","Morocco","Export",6,138.4,138.231,142.395,105.98,199.358
"H3","ITA","280300","Italy","MAR","Morocco","Import",5,,,1.834,,
"H3","ITA","280300","Italy","MDA","Moldova","Export",6,17.632,17.03,27.321,7.108,11.029
"H3","ITA","280300","Italy","MEX","Mexico","Export",6,107.304,177.176,146.927,1080.892,150.936
"H3","ITA","280300","Italy","MKD","North Macedonia","Export",6,,,2.306,,
"H3","ITA","280300","Italy","MLT","Malta","Export",6,4.695,5.753,2.214,8.598,11.254
"H3","ITA","280300","Italy","MLT","Malta","Import",5,,,2.119,,
"H3","ITA","280300","Italy","MYS","Malaysia","Export",6,373.676,117.893,348.532,341.874,385.112
"H3","ITA","280300","Italy","NGA","Nigeria","Export",6,,,,13.335,
"H3","ITA","280300","Italy","NLD","Netherlands","Export",6,1628.219,1202.529,1913.244,2749.851,2978.445
"H3","ITA","280300","Italy","NLD","Netherlands","Import",5,3304.917,7617.387,5242.006,5449.862,4680.402
"H3","ITA","280300","Italy","NOR","Norway","Export",6,,1.262,3.706,,13.24
"H3","ITA","280300","Italy","NOR","Norway","Import",5,,,1.216,,5.19
"H3","ITA","280300","Italy","OAS","Other Asia, nes","Export",6,943.064,1424.007,807.738,1129.02,453.378
"H3","ITA","280300","Italy","OAS","Other Asia, nes","Import",5,21.091,,24.446,22.234,317.327
"H3","ITA","280300","Italy","PAK","Pakistan","Export",6,27.714,66.339,35.257,49.114,
"H3","ITA","280300","Italy","POL","Poland","Export",6,13054.29,8805.633,6627.934,8761.295,5988.842
"H3","ITA","280300","Italy","POL","Poland","Import",5,22601.538,18708.044,28848.377,36901.432,29919.156
"H3","ITA","280300","Italy","PRT","Portugal","Export",6,319.507,367.896,379.758,728.823,378.626
"H3","ITA","280300","Italy","PRT","Portugal","Import",5,10.407,39.409,58.5,,
"H3","ITA","280300","Italy","QAT","Qatar","Export",6,,,,13.299,
"H3","ITA","280300","Italy","ROM","Romania","Export",6,16544.788,5956.879,15219.357,36867.508,39413.551
"H3","ITA","280300","Italy","ROM","Romania","Import",5,165.038,195.338,116.153,36.069,0.122
"H3","ITA","280300","Italy","RUS","Russian Federation","Export",6,363.959,230.654,169.73,245.278,111.29
"H3","ITA","280300","Italy","RUS","Russian Federation","Import",5,2004.798,1257.246,1606.679,1705.739,1925.431
"H3","ITA","280300","Italy","SAU","Saudi Arabia","Export",6,1441.25,869.213,3517.618,3139.485,3011.85
"H3","ITA","280300","Italy","SAU","Saudi Arabia","Import",5,1583.549,681.091,1531.247,2230.104,1476.586
"H3","ITA","280300","Italy","SER","Serbia, FR(Serbia/Montenegro)","Export",6,327.281,294.885,372.802,802.092,1849.975
"H3","ITA","280300","Italy","SER","Serbia, FR(Serbia/Montenegro)","Import",5,,,,675.505,
"H3","ITA","280300","Italy","SGP","Singapore","Import",5,1645.365,1275.764,2283.28,3301.307,3615.762
"H3","ITA","280300","Italy","SVK","Slovak Republic","Export",6,2413.943,1035.222,25.693,4306.401,1479.931
"H3","ITA","280300","Italy","SVK","Slovak Republic","Import",5,11939.444,10135.507,10338.843,13641.498,10963.964
"H3","ITA","280300","Italy","SVN","Slovenia","Export",6,180.148,176.363,440.054,520.067,3146.759
"H3","ITA","280300","Italy","SVN","Slovenia","Import",5,,85.922,106.277,799.716,
"H3","ITA","280300","Italy","SWE","Sweden","Export",6,522.984,466.061,578.67,1172.316,843.208
"H3","ITA","280300","Italy","SWE","Sweden","Import",5,744.346,2046.565,2420.092,1396.57,974.379
"H3","ITA","280300","Italy","THA","Thailand","Export",6,367.73,3559.54,11835.999,587.256,4574.085
"H3","ITA","280300","Italy","TUN","Tunisia","Export",6,961.169,1200.954,550.833,874.164,530.214
"H3","ITA","280300","Italy","TUN","Tunisia","Import",5,1.747,,,,
"H3","ITA","280300","Italy","TUR","Turkey","Export",6,32870.77,36213.469,57717.773,85536.303,73997.956
"H3","ITA","280300","Italy","TUR","Turkey","Import",5,62.089,,,377.849,457.327
"H3","ITA","280300","Italy","UKR","Ukraine","Export",6,3.781,11.371,8.092,11.385,
"H3","ITA","280300","Italy","UKR","Ukraine","Import",5,619.553,688.531,542.11,104.593,
"H3","ITA","280300","Italy","UNS","Unspecified","Export",6,0.327,,,,
"H3","ITA","280300","Italy","USA","United States","Export",6,1852.772,3186.774,6157.216,2097.577,2101.901
"H3","ITA","280300","Italy","USA","United States","Import",5,5532.687,6828.518,8066.889,5220.118,4415.057
"H3","ITA","280300","Italy","VEN","Venezuela","Export",6,158.478,80.959,502.105,,
"H3","ITA","280300","Italy","VEN","Venezuela","Import",5,,131.877,664.736,1410.625,734.975
"H3","ITA","280300","Italy","VNM","Vietnam","Export",6,,,48.742,1.137,2.369
"H3","ITA","280300","Italy","WLD"," World","Export",6,184675.053,153803.417,219341.569,304488.96,297890.115
"H3","ITA","280300","Italy","WLD"," World","Import",5,117891.403,106718.358,152875.18,193831.442,142565.332
"H3","ITA","280300","Italy","ZAF","South Africa","Export",6,26.149,66.239,1083.052,444.367,360.071
"H3","ITA","280300","Italy","ZAF","South Africa","Import",5,355.83,327.046,495.106,,
"H3","JAM","280300","Jamaica","DEU","Germany","Import",5,28.326,,32.084,,
"H3","JAM","280300","Jamaica","PAN","Panama","Import",5,,,,,17.338
"H3","JAM","280300","Jamaica","TTO","Trinidad and Tobago","Import",5,,,,,4.696
"H3","JAM","280300","Jamaica","USA","United States","Import",5,20.343,23.833,33.32,79.018,74.255
"H3","JAM","280300","Jamaica","WLD"," World","Import",5,48.669,23.833,65.404,79.018,96.289
"H3","JOR","280300","Jordan","BGR","Bulgaria","Import",5,,,,5.97,
"H3","JOR","280300","Jordan","CHE","Switzerland","Import",5,,,13.482,,
"H3","JOR","280300","Jordan","CHN","China","Import",5,216.511,279.813,297.737,520.515,427.073
"H3","JOR","280300","Jordan","DEU","Germany","Import",5,100.732,230.682,162.448,254.891,344.372
"H3","JOR","280300","Jordan","DNK","Denmark","Import",5,37.973,,,,
"H3","JOR","280300","Jordan","EGY","Egypt, Arab Rep.","Export",6,,,,,0
"H3","JOR","280300","Jordan","GBR","United Kingdom","Import",5,0.028,4.932,,,
"H3","JOR","280300","Jordan","IND","India","Export",6,,,,,28.45
"H3","JOR","280300","Jordan","IND","India","Import",5,1.545,2.951,,7.298,48.568
"H3","JOR","280300","Jordan","IRQ","Iraq","Export",6,0,0,,,
"H3","JOR","280300","Jordan","ISR","Israel","Export",6,,,0,,
"H3","JOR","280300","Jordan","ITA","Italy","Import",5,,,,47.112,
"H3","JOR","280300","Jordan","KOR","Korea, Rep.","Import",5,47.334,47.554,39.09,35.829,83.017
"H3","JOR","280300","Jordan","KWT","Kuwait","Export",6,,0,,,
"H3","JOR","280300","Jordan","NLD","Netherlands","Import",5,1.204,,,,
"H3","JOR","280300","Jordan","RUS","Russian Federation","Import",5,,11.952,2.275,15.964,26.787
"H3","JOR","280300","Jordan","SAU","Saudi Arabia","Export",6,,,,,6.391
"H3","JOR","280300","Jordan","SAU","Saudi Arabia","Import",5,,,,1.598,5.623
"H3","JOR","280300","Jordan","SYR","Syrian Arab Republic","Export",6,,,,0,
"H3","JOR","280300","Jordan","TUR","Turkey","Import",5,,3.01,1.697,,
"H3","JOR","280300","Jordan","USA","United States","Import",5,107.931,69.046,86.572,59.329,58.682
"H3","JOR","280300","Jordan","WLD"," World","Export",6,0,0,0,0,34.841
"H3","JOR","280300","Jordan","WLD"," World","Import",5,513.259,649.94,603.301,948.507,994.123
"H3","JOR","280300","Jordan","YEM","Yemen","Export",6,,0,,,
"H3","JPN","280300","Japan","ARE","United Arab Emirates","Export",6,,,23.799,29.993,
"H3","JPN","280300","Japan","ARE","United Arab Emirates","Import",5,,,,46.472,
"H3","JPN","280300","Japan","ARG","Argentina","Export",6,755.72,550.402,692.911,437.558,166.687
"H3","JPN","280300","Japan","AUS","Australia","Export",6,158.779,252.742,292.316,282.909,224.854
"H3","JPN","280300","Japan","BEL","Belgium","Export",6,250.928,3069.594,1100.111,6570.298,7981.229
"H3","JPN","280300","Japan","BEL","Belgium","Import",5,2745.551,1848.871,3916.771,5452.008,1917.685
"H3","JPN","280300","Japan","BGD","Bangladesh","Export",6,54.88,25.97,18.532,108.435,140.422
"H3","JPN","280300","Japan","BRA","Brazil","Export",6,1485.5,956.151,1837.32,2017.511,1711.708
"H3","JPN","280300","Japan","CAN","Canada","Export",6,25.94,49.727,,2.335,2.783
"H3","JPN","280300","Japan","CAN","Canada","Import",5,4782.323,3455.644,4189.881,4664.781,3912.535
"H3","JPN","280300","Japan","CHE","Switzerland","Import",5,,,,,1.879
"H3","JPN","280300","Japan","CHN","China","Export",6,53812.855,58430.808,69674.804,66076.742,58475.356
"H3","JPN","280300","Japan","CHN","China","Import",5,60074.599,40746.109,57076.706,50488.674,41087.614
"H3","JPN","280300","Japan","CRI","Costa Rica","Export",6,34.544,,,,
"H3","JPN","280300","Japan","CZE","Czech Republic","Import",5,1942.371,1176.5,2013.058,2545.002,2309.695
"H3","JPN","280300","Japan","DEU","Germany","Export",6,279.777,87.566,1475.549,979.74,1267.965
"H3","JPN","280300","Japan","DEU","Germany","Import",5,14743.685,13851.988,16021.422,18862.631,13018.994
"H3","JPN","280300","Japan","ESP","Spain","Export",6,,838.227,,,3.239
"H3","JPN","280300","Japan","ESP","Spain","Import",5,9.981,,,,
"H3","JPN","280300","Japan","FRA","France","Export",6,61.796,24.282,13.166,85.819,41.604
"H3","JPN","280300","Japan","FRA","France","Import",5,21.394,145.857,,70.625,10.833
"H3","JPN","280300","Japan","GBR","United Kingdom","Export",6,29.316,16.913,29.803,30.959,57.662
"H3","JPN","280300","Japan","GBR","United Kingdom","Import",5,24.009,,,58.541,56.466
"H3","JPN","280300","Japan","HKG","Hong Kong, China","Export",6,1222.125,735.81,816.304,493.391,391.875
"H3","JPN","280300","Japan","HUN","Hungary","Export",6,324.934,1294.191,2249.03,2705.194,6569.156
"H3","JPN","280300","Japan","IDN","Indonesia","Export",6,11170.477,7561.981,11417.945,11798.007,10195.616
"H3","JPN","280300","Japan","IND","India","Export",6,4974.41,4970.908,5148.767,6350.576,6929.989
"H3","JPN","280300","Japan","IND","India","Import",5,18567.923,9763.893,10624.319,16308.169,10577.333
"H3","JPN","280300","Japan","IRL","Ireland","Export",6,,,62.685,52.32,
"H3","JPN","280300","Japan","ISR","Israel","Export",6,,,2.861,,
"H3","JPN","280300","Japan","ITA","Italy","Export",6,379.209,81.257,123.066,216.368,147.347
"H3","JPN","280300","Japan","ITA","Italy","Import",5,201.013,243.278,163.438,252.133,91.842
"H3","JPN","280300","Japan","KHM","Cambodia","Export",6,,15.048,,,
"H3","JPN","280300","Japan","KOR","Korea, Rep.","Export",6,22044.126,17057.452,19265.611,16874.641,13998.087
"H3","JPN","280300","Japan","KOR","Korea, Rep.","Import",5,33138.328,29071.104,50935.696,64052.462,51428.199
"H3","JPN","280300","Japan","LKA","Sri Lanka","Export",6,3.605,,18.131,,
"H3","JPN","280300","Japan","MEX","Mexico","Export",6,860.702,1600.467,8348.329,4294.228,4631.277
"H3","JPN","280300","Japan","MYS","Malaysia","Export",6,3605.733,3648.685,4429.288,3813.141,3788.613
"H3","JPN","280300","Japan","MYS","Malaysia","Import",5,47.347,34.9,31.069,,50.259
"H3","JPN","280300","Japan","NLD","Netherlands","Export",6,9307.63,5872.438,8046.728,4904.617,729.383
"H3","JPN","280300","Japan","NLD","Netherlands","Import",5,3501.779,2584.149,3528.778,2209.255,1938.412
"H3","JPN","280300","Japan","NOR","Norway","Export",6,,,14.077,34.411,15.417
"H3","JPN","280300","Japan","OAS","Other Asia, nes","Export",6,4045.986,3697.521,6385.009,5400.266,4098.34
"H3","JPN","280300","Japan","OAS","Other Asia, nes","Import",5,38.549,36.633,73.637,75.385,131.688
"H3","JPN","280300","Japan","PAK","Pakistan","Export",6,180.647,216.038,185.578,286.11,226.099
"H3","JPN","280300","Japan","PAK","Pakistan","Import",5,,,,7.133,
"H3","JPN","280300","Japan","PHL","Philippines","Export",6,364.312,250.286,366.454,547.148,357.624
"H3","JPN","280300","Japan","POL","Poland","Export",6,4384.422,7323.592,4966.296,5671.084,4037.482
"H3","JPN","280300","Japan","POL","Poland","Import",5,,,,49.468,3.559
"H3","JPN","280300","Japan","ROM","Romania","Export",6,,112.008,122.191,231.258,220.526
"H3","JPN","280300","Japan","RUS","Russian Federation","Export",6,137.49,136.59,145.698,388.789,
"H3","JPN","280300","Japan","RUS","Russian Federation","Import",5,4528.642,1690.501,251.07,20.958,43.462
"H3","JPN","280300","Japan","SAU","Saudi Arabia","Export",6,10.805,,5.622,9.354,
"H3","JPN","280300","Japan","SGP","Singapore","Export",6,1418.769,1700.681,2765.046,2221.841,1975.361
"H3","JPN","280300","Japan","SGP","Singapore","Import",5,5972.962,12703.335,11184.068,14987.786,16066.101
"H3","JPN","280300","Japan","SVN","Slovenia","Export",6,657.6,528.042,,,
"H3","JPN","280300","Japan","SWE","Sweden","Export",6,,1231.282,3890.914,10149.983,12286.55
"H3","JPN","280300","Japan","THA","Thailand","Export",6,31461.471,22641.915,28368.004,32615.084,26995.578
"H3","JPN","280300","Japan","THA","Thailand","Import",5,68702.95,42877.907,53803.945,68782.347,62107.802
"H3","JPN","280300","Japan","TKM","Turkmenistan","Import",5,18.082,8.57,13.111,14.502,16.442
"H3","JPN","280300","Japan","TUR","Turkey","Export",6,4366.811,3546.689,4215.848,5702.096,4182.957
"H3","JPN","280300","Japan","USA","United States","Export",6,23817.741,18379.535,22819.18,27951.946,19074.438
"H3","JPN","280300","Japan","USA","United States","Import",5,30330.741,23037.831,27579.344,26481.78,22901.971
"H3","JPN","280300","Japan","VNM","Vietnam","Export",6,2447.065,2392.089,3036.561,3083.838,3207.089
"H3","JPN","280300","Japan","VNM","Vietnam","Import",5,,,,17.05,
"H3","JPN","280300","Japan","WLD"," World","Export",6,184136.109,169296.888,212373.534,222429.548,194137.088
"H3","JPN","280300","Japan","WLD"," World","Import",5,249392.231,183277.069,241406.313,275447.163,227672.773
"H3","JPN","280300","Japan","ZAF","South Africa","Export",6,,,,11.559,4.776
"H3","KAZ","280300","Kazakhstan","CHN","China","Import",5,113.725,7.485,5.699,13.128,6.877
"H3","KAZ","280300","Kazakhstan","CZE","Czech Republic","Import",5,,,85.52,,96.174
"H3","KAZ","280300","Kazakhstan","DEU","Germany","Export",6,,,,,0.011
"H3","KAZ","280300","Kazakhstan","DEU","Germany","Import",5,,,,0.915,129.302
"H3","KAZ","280300","Kazakhstan","FRA","France","Import",5,,,,,45.237
"H3","KAZ","280300","Kazakhstan","GBR","United Kingdom","Import",5,,,,,0.023
"H3","KAZ","280300","Kazakhstan","HUN","Hungary","Import",5,,21.833,74.52,,
"H3","KAZ","280300","Kazakhstan","IND","India","Import",5,,,,11.615,
"H3","KAZ","280300","Kazakhstan","IRN","Iran, Islamic Rep.","Import",5,,,,,64.904
"H3","KAZ","280300","Kazakhstan","KGZ","Kyrgyz Republic","Export",6,,0.027,,0.029,
"H3","KAZ","280300","Kazakhstan","KGZ","Kyrgyz Republic","Import",5,,,,,0.043
"H3","KAZ","280300","Kazakhstan","KOR","Korea, Rep.","Export",6,,,,,6.602
"H3","KAZ","280300","Kazakhstan","LVA","Latvia","Export",6,,,,16.85,47.983
"H3","KAZ","280300","Kazakhstan","POL","Poland","Import",5,,,,,1.704
"H3","KAZ","280300","Kazakhstan","RUS","Russian Federation","Export",6,,,,,0.026
"H3","KAZ","280300","Kazakhstan","RUS","Russian Federation","Import",5,574.591,547.686,589.7,1315.774,8046.382
"H3","KAZ","280300","Kazakhstan","SER","Serbia, FR(Serbia/Montenegro)","Export",6,,,,,7673.835
"H3","KAZ","280300","Kazakhstan","TKM","Turkmenistan","Import",5,23.415,,,53.286,
"H3","KAZ","280300","Kazakhstan","TUR","Turkey","Import",5,13.522,20.866,16.063,18.788,17.277
"H3","KAZ","280300","Kazakhstan","USA","United States","Import",5,,0.215,5.207,0.438,16.123
"H3","KAZ","280300","Kazakhstan","UZB","Uzbekistan","Import",5,,,,4.44,
"H3","KAZ","280300","Kazakhstan","WLD"," World","Export",6,,0.027,,16.879,7728.457
"H3","KAZ","280300","Kazakhstan","WLD"," World","Import",5,725.253,598.086,776.709,1418.385,8424.046
"H3","KEN","280300","Kenya","ARE","United Arab Emirates","Import",5,0.41,,,155.333,93.11
"H3","KEN","280300","Kenya","BDI","Burundi","Export",6,,0.659,,3.718,
"H3","KEN","280300","Kenya","BEL","Belgium","Import",5,0.483,,,,
"H3","KEN","280300","Kenya","CHN","China","Import",5,1316.561,1508.559,941.704,1181.76,582.785
"H3","KEN","280300","Kenya","COG","Congo, Rep.","Export",6,,,,0,
"H3","KEN","280300","Kenya","COL","Colombia","Import",5,,3.297,,,
"H3","KEN","280300","Kenya","DEU","Germany","Import",5,344.756,343.036,443.454,259.717,460.001
"H3","KEN","280300","Kenya","EGY","Egypt, Arab Rep.","Import",5,47.474,41.159,51.185,,17.442
"H3","KEN","280300","Kenya","FRA","France","Import",5,,,41.152,,
"H3","KEN","280300","Kenya","GBR","United Kingdom","Import",5,,,0.732,,
"H3","KEN","280300","Kenya","IND","India","Export",6,,,,36.883,173.43
"H3","KEN","280300","Kenya","IND","India","Import",5,28.902,26.516,102.83,229.395,255.239
"H3","KEN","280300","Kenya","IRN","Iran, Islamic Rep.","Import",5,81.47,55.224,97.952,51.902,66.267
"H3","KEN","280300","Kenya","ITA","Italy","Import",5,,15.218,,0.625,
"H3","KEN","280300","Kenya","JPN","Japan","Import",5,,1.988,,,
"H3","KEN","280300","Kenya","KOR","Korea, Rep.","Import",5,484.369,283.011,424.922,164.894,129.242
"H3","KEN","280300","Kenya","NGA","Nigeria","Import",5,,,,0.003,
"H3","KEN","280300","Kenya","OAS","Other Asia, nes","Import",5,11.501,,,,
"H3","KEN","280300","Kenya","PRT","Portugal","Import",5,,,,,2.869
"H3","KEN","280300","Kenya","RUS","Russian Federation","Import",5,39.972,43.009,61.077,112.014,
"H3","KEN","280300","Kenya","RWA","Rwanda","Export",6,3.311,3.965,13.857,4.44,4.762
"H3","KEN","280300","Kenya","SAU","Saudi Arabia","Import",5,9.78,,,,
"H3","KEN","280300","Kenya","SER","Serbia, FR(Serbia/Montenegro)","Import",5,,0.001,,,
"H3","KEN","280300","Kenya","SSD","South Sudan","Export",6,,,,0.041,0.892
"H3","KEN","280300","Kenya","TUR","Turkey","Import",5,,,,,43.132
"H3","KEN","280300","Kenya","TZA","Tanzania","Export",6,,0.998,13.195,47.271,55.085
"H3","KEN","280300","Kenya","UGA","Uganda","Export",6,10.757,7.581,1.116,,19.547
"H3","KEN","280300","Kenya","UGA","Uganda","Import",5,,,,5.403,
"H3","KEN","280300","Kenya","UNS","Unspecified","Export",6,,,,0.614,
"H3","KEN","280300","Kenya","UNS","Unspecified","Import",5,,,,20.205,
"H3","KEN","280300","Kenya","USA","United States","Import",5,30.458,,,20.307,
"H3","KEN","280300","Kenya","WLD"," World","Export",6,14.067,13.203,28.169,93.507,253.716
"H3","KEN","280300","Kenya","WLD"," World","Import",5,2396.136,2321.016,2165.042,2203.695,1650.087
"H3","KEN","280300","Kenya","ZAF","South Africa","Import",5,,,0.033,2.137,
"H3","KEN","280300","Kenya","ZAR","Congo, Dem. Rep.","Export",6,,,,0.541,
"H3","KGZ","280300","Kyrgyz Republic","CHN","China","Import",5,,,,6.318,
"H3","KGZ","280300","Kyrgyz Republic","IND","India","Import",5,,,,,5.735
"H3","KGZ","280300","Kyrgyz Republic","IRN","Iran, Islamic Rep.","Import",5,,,,4,
"H3","KGZ","280300","Kyrgyz Republic","POL","Poland","Import",5,,,0.103,,
"H3","KGZ","280300","Kyrgyz Republic","RUS","Russian Federation","Import",5,8.346,1.476,0.469,16.739,1.319
"H3","KGZ","280300","Kyrgyz Republic","TUR","Turkey","Export",6,,0.295,,,
"H3","KGZ","280300","Kyrgyz Republic","TUR","Turkey","Import",5,,,,1.529,
"H3","KGZ","280300","Kyrgyz Republic","UZB","Uzbekistan","Export",6,,,2.314,,
"H3","KGZ","280300","Kyrgyz Republic","WLD"," World","Export",6,,0.295,2.314,,
"H3","KGZ","280300","Kyrgyz Republic","WLD"," World","Import",5,8.346,1.476,0.572,28.586,7.054
"H3","KHM","280300","Cambodia","ARE","United Arab Emirates","Import",5,100.488,418.107,,,
"H3","KHM","280300","Cambodia","BHR","Bahrain","Import",5,,,,14.431,
"H3","KHM","280300","Cambodia","CHE","Switzerland","Import",5,18.784,,,,
"H3","KHM","280300","Cambodia","CHN","China","Import",5,306.308,1063.671,347.009,2600.174,18235.546
"H3","KHM","280300","Cambodia","FRA","France","Import",5,,0.417,,,
"H3","KHM","280300","Cambodia","HKG","Hong Kong, China","Import",5,,,,,26044.608
"H3","KHM","280300","Cambodia","IND","India","Import",5,,,,,141.24
"H3","KHM","280300","Cambodia","JPN","Japan","Import",5,2.411,27.2,,0.145,
"H3","KHM","280300","Cambodia","KOR","Korea, Rep.","Import",5,,,,,698.55
"H3","KHM","280300","Cambodia","MYS","Malaysia","Import",5,2246.526,1724.39,2583.528,2937.231,1226.57
"H3","KHM","280300","Cambodia","OAS","Other Asia, nes","Import",5,15.55,14.587,18.737,18.37,8.934
"H3","KHM","280300","Cambodia","QAT","Qatar","Import",5,11.036,,,,
"H3","KHM","280300","Cambodia","SGP","Singapore","Import",5,,34.375,8.215,,
"H3","KHM","280300","Cambodia","THA","Thailand","Import",5,38.9,174.929,87.227,9.984,188.626
"H3","KHM","280300","Cambodia","USA","United States","Import",5,,,,,0.218
"H3","KHM","280300","Cambodia","VNM","Vietnam","Import",5,,,,,207.02
"H3","KHM","280300","Cambodia","WLD"," World","Import",5,2740.004,3457.676,3044.715,5580.335,46751.312
"H3","KOR","280300","Korea, Rep.","ARE","United Arab Emirates","Export",6,3595.572,4738.352,6306.905,3783.244,2221.599
"H3","KOR","280300","Korea, Rep.","ARE","United Arab Emirates","Import",5,,,0.011,,
"H3","KOR","280300","Korea, Rep.","ARG","Argentina","Export",6,34.802,26.422,62.942,58.051,
"H3","KOR","280300","Korea, Rep.","AUS","Australia","Export",6,194.994,452.358,924.411,722.145,867.318
"H3","KOR","280300","Korea, Rep.","AUS","Australia","Import",5,0.538,,,0.009,
"H3","KOR","280300","Korea, Rep.","AUT","Austria","Export",6,23.11,2.249,,,
"H3","KOR","280300","Korea, Rep.","AUT","Austria","Import",5,0.028,,0.165,,0.012
"H3","KOR","280300","Korea, Rep.","BEL","Belgium","Export",6,0.619,,71.913,82.215,22.56
"H3","KOR","280300","Korea, Rep.","BEL","Belgium","Import",5,2803.148,3026.676,3193.014,3097.871,2028.03
"H3","KOR","280300","Korea, Rep.","BGD","Bangladesh","Export",6,1625.829,3236.149,579.948,1824.681,556.492
"H3","KOR","280300","Korea, Rep.","BGD","Bangladesh","Import",5,,,0.048,0.012,
"H3","KOR","280300","Korea, Rep.","BGR","Bulgaria","Import",5,,,5.204,,
"H3","KOR","280300","Korea, Rep.","BLR","Belarus","Import",5,0.51,,,,
"H3","KOR","280300","Korea, Rep.","BRA","Brazil","Export",6,422.333,679.144,838.991,996.13,927.68
"H3","KOR","280300","Korea, Rep.","BRA","Brazil","Import",5,,,0.062,0.063,
"H3","KOR","280300","Korea, Rep.","CAN","Canada","Export",6,,0.496,,249.659,0.093
"H3","KOR","280300","Korea, Rep.","CAN","Canada","Import",5,4651.632,3958.52,5269.008,6555.753,5602.774
"H3","KOR","280300","Korea, Rep.","CHE","Switzerland","Export",6,,,,0.013,25.673
"H3","KOR","280300","Korea, Rep.","CHE","Switzerland","Import",5,0.733,0.457,2.194,0.048,
"H3","KOR","280300","Korea, Rep.","CHL","Chile","Export",6,103.963,109.999,194.34,227.674,55.95
"H3","KOR","280300","Korea, Rep.","CHL","Chile","Import",5,1.386,,,,
"H3","KOR","280300","Korea, Rep.","CHN","China","Export",6,29371.315,31683.587,39712.46,33917.819,38663.201
"H3","KOR","280300","Korea, Rep.","CHN","China","Import",5,14781.546,16479.611,18089.954,14000.253,10693.002
"H3","KOR","280300","Korea, Rep.","COL","Colombia","Export",6,48.845,309.895,235.695,549.954,908.759
"H3","KOR","280300","Korea, Rep.","COL","Colombia","Import",5,,0.097,,,
"H3","KOR","280300","Korea, Rep.","CRI","Costa Rica","Export",6,,,,,12.42
"H3","KOR","280300","Korea, Rep.","CUB","Cuba","Export",6,0.004,,,,
"H3","KOR","280300","Korea, Rep.","CUW","Curaçao","Export",6,,,,20.723,
"H3","KOR","280300","Korea, Rep.","CYP","Cyprus","Import",5,0.117,,,,
"H3","KOR","280300","Korea, Rep.","CZE","Czech Republic","Export",6,22,4.935,22.721,55.778,105.043
"H3","KOR","280300","Korea, Rep.","CZE","Czech Republic","Import",5,717.113,529.163,337.567,782.25,70.754
"H3","KOR","280300","Korea, Rep.","DEU","Germany","Export",6,1961.308,1801.326,2505.152,2295.569,1834.113
"H3","KOR","280300","Korea, Rep.","DEU","Germany","Import",5,8297.085,7793.05,9221.248,12072.536,7840.993
"H3","KOR","280300","Korea, Rep.","DJI","Djibouti","Export",6,,,38.184,29.89,
"H3","KOR","280300","Korea, Rep.","ECU","Ecuador","Export",6,497.638,341.461,276.778,111.15,120.828
"H3","KOR","280300","Korea, Rep.","EGY","Egypt, Arab Rep.","Export",6,1370.804,1371.499,300.1,603.054,362.418
"H3","KOR","280300","Korea, Rep.","EGY","Egypt, Arab Rep.","Import",5,,,0.032,0.095,0.011
"H3","KOR","280300","Korea, Rep.","ESP","Spain","Export",6,161.45,181.112,426.312,375.118,689.922
"H3","KOR","280300","Korea, Rep.","ESP","Spain","Import",5,0.037,0.201,0.013,0.142,0.24
"H3","KOR","280300","Korea, Rep.","ETH","Ethiopia(excludes Eritrea)","Export",6,89.872,21.296,,26.832,
"H3","KOR","280300","Korea, Rep.","FIN","Finland","Import",5,,,,,0.042
"H3","KOR","280300","Korea, Rep.","FRA","France","Export",6,109.185,43.473,36.728,0.24,30.735
"H3","KOR","280300","Korea, Rep.","FRA","France","Import",5,11.461,139.303,173.862,84.623,17.133
"H3","KOR","280300","Korea, Rep.","GBR","United Kingdom","Export",6,221.464,209.442,175.873,50.341,184.816
"H3","KOR","280300","Korea, Rep.","GBR","United Kingdom","Import",5,34.269,79.197,59.796,42.496,53.132
"H3","KOR","280300","Korea, Rep.","GEO","Georgia","Import",5,,,,0.087,
"H3","KOR","280300","Korea, Rep.","GRC","Greece","Export",6,,,,,22.55
"H3","KOR","280300","Korea, Rep.","GTM","Guatemala","Export",6,0.009,,,,
"H3","KOR","280300","Korea, Rep.","HKG","Hong Kong, China","Export",6,549.377,600.139,756.728,282.899,77.53
"H3","KOR","280300","Korea, Rep.","HKG","Hong Kong, China","Import",5,,,0.229,0.064,0.401
"H3","KOR","280300","Korea, Rep.","HRV","Croatia","Export",6,,,,33.065,
"H3","KOR","280300","Korea, Rep.","HRV","Croatia","Import",5,96.39,,,202.068,
"H3","KOR","280300","Korea, Rep.","HUN","Hungary","Export",6,655.114,2729.827,2711.678,1380.651,636.727
"H3","KOR","280300","Korea, Rep.","HUN","Hungary","Import",5,0.011,0.346,0.145,0.27,22.743
"H3","KOR","280300","Korea, Rep.","IDN","Indonesia","Export",6,67236.811,53798.789,100187.795,129147.143,106402.187
"H3","KOR","280300","Korea, Rep.","IDN","Indonesia","Import",5,0.01,22.613,0.019,0.028,0.01
"H3","KOR","280300","Korea, Rep.","IND","India","Export",6,65246.879,41435.963,37527.411,26095.51,34503.999
"H3","KOR","280300","Korea, Rep.","IND","India","Import",5,15482.641,10603.228,14673.744,21899.735,19164.145
"H3","KOR","280300","Korea, Rep.","IRN","Iran, Islamic Rep.","Export",6,4.5,,,,
"H3","KOR","280300","Korea, Rep.","IRQ","Iraq","Export",6,1.312,,,,29.4
"H3","KOR","280300","Korea, Rep.","ISR","Israel","Export",6,0.2,0.2,0.2,0.3,0.69
"H3","KOR","280300","Korea, Rep.","ISR","Israel","Import",5,,,,0.256,2.314
"H3","KOR","280300","Korea, Rep.","ITA","Italy","Export",6,1226.494,1092.157,1388.149,1329.203,1478.322
"H3","KOR","280300","Korea, Rep.","ITA","Italy","Import",5,126.64,105.557,90.84,160.715,188.949
"H3","KOR","280300","Korea, Rep.","JOR","Jordan","Export",6,22.844,43.684,21.37,60.701,23.304
"H3","KOR","280300","Korea, Rep.","JPN","Japan","Export",6,32304.455,27168.515,50461.719,62314.373,48770.237
"H3","KOR","280300","Korea, Rep.","JPN","Japan","Import",5,19910.934,15325.479,14690.774,16249.261,12643.441
"H3","KOR","280300","Korea, Rep.","KEN","Kenya","Export",6,343.301,293.731,293.762,27.358,123.813
"H3","KOR","280300","Korea, Rep.","KHM","Cambodia","Export",6,,,,,915.094
"H3","KOR","280300","Korea, Rep.","KWT","Kuwait","Export",6,0.6,,,,
"H3","KOR","280300","Korea, Rep.","LBN","Lebanon","Export",6,77.78,,,,
"H3","KOR","280300","Korea, Rep.","LKA","Sri Lanka","Export",6,235.076,317.795,203.732,324.674,92.387
"H3","KOR","280300","Korea, Rep.","LKA","Sri Lanka","Import",5,,0.036,2.142,2.161,0.2
"H3","KOR","280300","Korea, Rep.","LVA","Latvia","Import",5,,,,,0.039
"H3","KOR","280300","Korea, Rep.","MAR","Morocco","Export",6,20.864,31.637,,,22.62
"H3","KOR","280300","Korea, Rep.","MEX","Mexico","Export",6,700.175,731.483,1053.101,2238.3,4705.099
"H3","KOR","280300","Korea, Rep.","MEX","Mexico","Import",5,4.86,0.012,,,
"H3","KOR","280300","Korea, Rep.","MMR","Myanmar","Export",6,448.793,463.615,5.002,,2.268
"H3","KOR","280300","Korea, Rep.","MNG","Mongolia","Export",6,1.26,,0.729,0.726,
"H3","KOR","280300","Korea, Rep.","MYS","Malaysia","Export",6,8414.246,11183.374,13400.736,12919.11,12816.432
"H3","KOR","280300","Korea, Rep.","MYS","Malaysia","Import",5,0.052,20.068,,343.126,504.027
"H3","KOR","280300","Korea, Rep.","NGA","Nigeria","Export",6,,,81.745,77.625,71.55
"H3","KOR","280300","Korea, Rep.","NLD","Netherlands","Export",6,206.694,279.868,380.239,545.18,330.148
"H3","KOR","280300","Korea, Rep.","NLD","Netherlands","Import",5,2690.647,2342.541,3445.231,3559.501,4038.329
"H3","KOR","280300","Korea, Rep.","NOR","Norway","Import",5,,0.4,,0.904,
"H3","KOR","280300","Korea, Rep.","NPL","Nepal","Export",6,19.74,13.704,19.043,,
"H3","KOR","280300","Korea, Rep.","NZL","New Zealand","Export",6,5.018,,15.579,,
"H3","KOR","280300","Korea, Rep.","OAS","Other Asia, nes","Export",6,7373.233,6121.881,10097.24,13649.151,20098.458
"H3","KOR","280300","Korea, Rep.","OAS","Other Asia, nes","Import",5,484.88,45.941,136.88,356.191,961.078
"H3","KOR","280300","Korea, Rep.","PAK","Pakistan","Export",6,1741.145,4406.87,6372.57,2089.865,1401.409
"H3","KOR","280300","Korea, Rep.","PAK","Pakistan","Import",5,,,,,0.018
"H3","KOR","280300","Korea, Rep.","PER","Peru","Export",6,1.294,16.2,,76.58,407.377
"H3","KOR","280300","Korea, Rep.","PER","Peru","Import",5,,,,0.031,
"H3","KOR","280300","Korea, Rep.","PHL","Philippines","Export",6,13683.512,9256.675,11900.986,9494.159,8507.49
"H3","KOR","280300","Korea, Rep.","PHL","Philippines","Import",5,,0.011,,,23.829
"H3","KOR","280300","Korea, Rep.","POL","Poland","Export",6,331.425,38.659,33.196,106.533,8171.956
"H3","KOR","280300","Korea, Rep.","POL","Poland","Import",5,0.998,,0.012,5.833,0.143
"H3","KOR","280300","Korea, Rep.","PRT","Portugal","Import",5,,,0.938,,
"H3","KOR","280300","Korea, Rep.","ROM","Romania","Export",6,,,,,0.002
"H3","KOR","280300","Korea, Rep.","RUS","Russian Federation","Export",6,,,2.202,0.611,0.052
"H3","KOR","280300","Korea, Rep.","RUS","Russian Federation","Import",5,260.839,143.837,228.383,177.26,34.843
"H3","KOR","280300","Korea, Rep.","SAU","Saudi Arabia","Export",6,672.406,775.912,480.039,207.856,303.318
"H3","KOR","280300","Korea, Rep.","SAU","Saudi Arabia","Import",5,,0.011,,0.005,
"H3","KOR","280300","Korea, Rep.","SEN","Senegal","Export",6,,,,,6.282
"H3","KOR","280300","Korea, Rep.","SGP","Singapore","Export",6,2764.829,2957.798,3648.004,2436.349,1241.043
"H3","KOR","280300","Korea, Rep.","SGP","Singapore","Import",5,4453.448,3983.839,4136.675,3564.569,6023.248
"H3","KOR","280300","Korea, Rep.","SUD","Sudan","Export",6,0.002,,,,
"H3","KOR","280300","Korea, Rep.","SVK","Slovak Republic","Export",6,0.153,,0.315,,1.333
"H3","KOR","280300","Korea, Rep.","SVN","Slovenia","Export",6,78.607,58.31,161.595,1722.986,5107.134
"H3","KOR","280300","Korea, Rep.","SVN","Slovenia","Import",5,,,0.01,,
"H3","KOR","280300","Korea, Rep.","SWE","Sweden","Import",5,160.728,163.201,171.898,125.955,69.914
"H3","KOR","280300","Korea, Rep.","SWZ","Eswatini","Export",6,,,,57.302,
"H3","KOR","280300","Korea, Rep.","THA","Thailand","Export",6,19147.389,21273.956,38710.221,63538.452,65652.617
"H3","KOR","280300","Korea, Rep.","THA","Thailand","Import",5,2560.019,1352.752,1296.743,265.818,309.306
"H3","KOR","280300","Korea, Rep.","TKM","Turkmenistan","Export",6,1.2,,,,
"H3","KOR","280300","Korea, Rep.","TKM","Turkmenistan","Import",5,,,,,1.54
"H3","KOR","280300","Korea, Rep.","TUN","Tunisia","Export",6,,11.102,,,
"H3","KOR","280300","Korea, Rep.","TUR","Turkey","Export",6,1729.357,1466.257,520.405,267.31,545.766
"H3","KOR","280300","Korea, Rep.","TUR","Turkey","Import",5,,0.274,,1.969,2.43
"H3","KOR","280300","Korea, Rep.","TZA","Tanzania","Export",6,24.925,19.523,12.547,,
"H3","KOR","280300","Korea, Rep.","TZA","Tanzania","Import",5,,,,,0.001
"H3","KOR","280300","Korea, Rep.","UKR","Ukraine","Import",5,,0.896,,,
"H3","KOR","280300","Korea, Rep.","USA","United States","Export",6,10657.607,7309.446,6234.168,8159.567,8801.223
"H3","KOR","280300","Korea, Rep.","USA","United States","Import",5,12841.956,13076.695,14622.507,13769.614,8067.633
"H3","KOR","280300","Korea, Rep.","UZB","Uzbekistan","Export",6,2.416,2.643,5.211,3.379,101.426
"H3","KOR","280300","Korea, Rep.","UZB","Uzbekistan","Import",5,,,,,0.031
"H3","KOR","280300","Korea, Rep.","VNM","Vietnam","Export",6,19166.62,17937.206,24435.293,35863.939,30012.535
"H3","KOR","280300","Korea, Rep.","VNM","Vietnam","Import",5,0.054,11.155,8.278,103.159,4.182
"H3","KOR","280300","Korea, Rep.","WLD"," World","Export",6,295384.078,257319.69,363958.983,420431.137,409194.133
"H3","KOR","280300","Korea, Rep.","WLD"," World","Import",5,90374.71,79205.167,89857.626,97424.731,78368.917
"H3","KOR","280300","Korea, Rep.","WSM","Samoa","Export",6,17.868,,,,
"H3","KOR","280300","Korea, Rep.","ZAF","South Africa","Export",6,393.057,269.576,126.82,,220.735
"H3","KOR","280300","Korea, Rep.","ZMB","Zambia","Export",6,20.384,,,,
"H3","KWT","280300","Kuwait","BHR","Bahrain","Export",6,,,0,,
"H3","KWT","280300","Kuwait","CAN","Canada","Import",5,3.42,15.678,22.839,45.989,36.13
"H3","KWT","280300","Kuwait","CHN","China","Import",5,90.07,9.5,71.717,103.669,142.038
"H3","KWT","280300","Kuwait","DEU","Germany","Import",5,31.673,1.888,8.574,0.748,1.778
"H3","KWT","280300","Kuwait","EGY","Egypt, Arab Rep.","Import",5,,,,,20.796
"H3","KWT","280300","Kuwait","ESP","Spain","Import",5,,,,,3.067
"H3","KWT","280300","Kuwait","IDN","Indonesia","Import",5,,,8.055,,
"H3","KWT","280300","Kuwait","IND","India","Import",5,793.119,64.772,178.756,312.547,106.442
"H3","KWT","280300","Kuwait","KOR","Korea, Rep.","Import",5,0.794,16.649,,,
"H3","KWT","280300","Kuwait","RUS","Russian Federation","Import",5,54.837,53.067,21.64,59.592,
"H3","KWT","280300","Kuwait","SAU","Saudi Arabia","Export",6,,,,0,0
"H3","KWT","280300","Kuwait","TUR","Turkey","Import",5,,,4.43,,
"H3","KWT","280300","Kuwait","UKR","Ukraine","Import",5,,,,39.529,
"H3","KWT","280300","Kuwait","USA","United States","Import",5,2.761,3.946,1.077,2.723,7.953
"H3","KWT","280300","Kuwait","WLD"," World","Export",6,,,0,0,0
"H3","KWT","280300","Kuwait","WLD"," World","Import",5,976.674,165.5,317.088,564.796,318.204
"H3","LAO","280300","Lao PDR","CHE","Switzerland","Import",5,,,,565.4,914.76
"H3","LAO","280300","Lao PDR","CHN","China","Import",5,352.879,909.9,,,47.2
"H3","LAO","280300","Lao PDR","IDN","Indonesia","Import",5,,,,,148.28
"H3","LAO","280300","Lao PDR","ROM","Romania","Import",5,,,,,0.978
"H3","LAO","280300","Lao PDR","SWZ","Eswatini","Import",5,,330,1331.6,682,
"H3","LAO","280300","Lao PDR","THA","Thailand","Import",5,152.089,327.994,150.6,15.434,0.202
"H3","LAO","280300","Lao PDR","VNM","Vietnam","Import",5,24.058,0.53,18.945,,12.238
"H3","LAO","280300","Lao PDR","WLD"," World","Import",5,529.025,1568.424,1633.145,1262.834,1123.658
"H3","LAO","280300","Lao PDR","ZWE","Zimbabwe","Import",5,,,132,,
"H3","LBN","280300","Lebanon","ABW","Aruba","Export",6,0.195,,,,
"H3","LBN","280300","Lebanon","AGO","Angola","Export",6,,,,7.346,2.35
"H3","LBN","280300","Lebanon","AIA","Anguila","Export",6,0.74,,,,
"H3","LBN","280300","Lebanon","ARE","United Arab Emirates","Export",6,10.42,,,,2.89
"H3","LBN","280300","Lebanon","BEN","Benin","Export",6,0.135,,11.503,,
"H3","LBN","280300","Lebanon","BFA","Burkina Faso","Export",6,,,,4.378,
"H3","LBN","280300","Lebanon","CAF","Central African Republic","Export",6,,3.151,,,
"H3","LBN","280300","Lebanon","CAN","Canada","Export",6,2.9,,,,
"H3","LBN","280300","Lebanon","CHN","China","Import",5,89.99,26.98,134.16,157.603,214.625
"H3","LBN","280300","Lebanon","CIV","Cote d'Ivoire","Export",6,,,,,5.252
"H3","LBN","280300","Lebanon","COG","Congo, Rep.","Export",6,,0.215,0.49,3.325,2.02
"H3","LBN","280300","Lebanon","DEU","Germany","Import",5,284.218,143.485,112.599,259.084,346.231
"H3","LBN","280300","Lebanon","DZA","Algeria","Export",6,,,,3.895,2.629
"H3","LBN","280300","Lebanon","GBR","United Kingdom","Import",5,,,1.885,,
"H3","LBN","280300","Lebanon","GHA","Ghana","Export",6,2.725,0.033,,,
"H3","LBN","280300","Lebanon","GIN","Guinea","Export",6,,,,0.702,0.6
"H3","LBN","280300","Lebanon","IND","India","Import",5,146.098,67.938,70.621,1.026,144.357
"H3","LBN","280300","Lebanon","IRN","Iran, Islamic Rep.","Import",5,,1.378,,,
"H3","LBN","280300","Lebanon","ITA","Italy","Import",5,,51.061,58.09,192.97,
"H3","LBN","280300","Lebanon","KOR","Korea, Rep.","Import",5,88.806,,,,
"H3","LBN","280300","Lebanon","MLI","Mali","Export",6,,,6.402,,
"H3","LBN","280300","Lebanon","NGA","Nigeria","Export",6,0.1,,,,
"H3","LBN","280300","Lebanon","POL","Poland","Import",5,17.042,,,,
"H3","LBN","280300","Lebanon","RUS","Russian Federation","Import",5,,,,1.053,
"H3","LBN","280300","Lebanon","SEN","Senegal","Export",6,,,,,22.017
"H3","LBN","280300","Lebanon","SLE","Sierra Leone","Export",6,7.638,,13.42,11.681,9.225
"H3","LBN","280300","Lebanon","SYR","Syrian Arab Republic","Export",6,1.8,0.743,,,
"H3","LBN","280300","Lebanon","TGO","Togo","Export",6,1.505,0.15,3.375,,
"H3","LBN","280300","Lebanon","USA","United States","Import",5,23.011,46.985,90.872,85.842,103.726
"H3","LBN","280300","Lebanon","VEN","Venezuela","Export",6,,,0.98,3.24,
"H3","LBN","280300","Lebanon","WLD"," World","Export",6,31.759,4.292,36.17,34.567,46.983
"H3","LBN","280300","Lebanon","WLD"," World","Import",5,649.166,337.827,468.227,697.578,808.939
"H3","LBN","280300","Lebanon","YEM","Yemen","Export",6,3.601,,,,
"H3","LBR","280300","Liberia","ARE","United Arab Emirates","Import",5,,,6.773,,
"H3","LBR","280300","Liberia","CHN","China","Import",5,,,7.016,24.152,0.1
"H3","LBR","280300","Liberia","DEU","Germany","Import",5,6.174,7.338,3.859,2.195,1.901
"H3","LBR","280300","Liberia","EGY","Egypt, Arab Rep.","Import",5,,,3.898,,
"H3","LBR","280300","Liberia","GBR","United Kingdom","Import",5,,2.013,2.916,31.107,3.657
"H3","LBR","280300","Liberia","IND","India","Import",5,1.657,1.798,,,
"H3","LBR","280300","Liberia","LBN","Lebanon","Import",5,,,,,2.578
"H3","LBR","280300","Liberia","WLD"," World","Import",5,7.831,11.15,24.461,57.454,8.236
"H3","LBY","280300","Libya","CHN","China","Import",5,34.601,,,,
"H3","LBY","280300","Libya","TUN","Tunisia","Import",5,12.204,,,,
"H3","LBY","280300","Libya","TUR","Turkey","Import",5,8.271,,,,
"H3","LBY","280300","Libya","WLD"," World","Import",5,55.076,,,,
"H3","LKA","280300","Sri Lanka","ARE","United Arab Emirates","Import",5,147.518,121.527,531.268,272.348,220.482
"H3","LKA","280300","Sri Lanka","AUS","Australia","Import",5,,,0.062,0.088,0.027
"H3","LKA","280300","Sri Lanka","AUT","Austria","Import",5,22.076,162.321,,,
"H3","LKA","280300","Sri Lanka","BEL","Belgium","Import",5,7.41,68.027,6.051,4.197,145.101
"H3","LKA","280300","Sri Lanka","BGR","Bulgaria","Import",5,6.101,16.518,,,
"H3","LKA","280300","Sri Lanka","CAN","Canada","Import",5,530.819,525.271,663.045,345.875,148.962
"H3","LKA","280300","Sri Lanka","CHE","Switzerland","Import",5,,,,65.036,60.41
"H3","LKA","280300","Sri Lanka","CHN","China","Export",6,,,,2.423,
"H3","LKA","280300","Sri Lanka","CHN","China","Import",5,14881.755,6323.487,18085.742,5521.669,1881.562
"H3","LKA","280300","Sri Lanka","CZE","Czech Republic","Import",5,1.39,,,,
"H3","LKA","280300","Sri Lanka","DEU","Germany","Export",6,,0.773,0.631,,
"H3","LKA","280300","Sri Lanka","DEU","Germany","Import",5,184.489,47.221,91.572,41.013,50.699
"H3","LKA","280300","Sri Lanka","EGY","Egypt, Arab Rep.","Import",5,,0.054,312.627,,
"H3","LKA","280300","Sri Lanka","ESP","Spain","Import",5,,0.002,,,
"H3","LKA","280300","Sri Lanka","EST","Estonia","Export",6,,,,,0.017
"H3","LKA","280300","Sri Lanka","FRA","France","Import",5,,,,,0.924
"H3","LKA","280300","Sri Lanka","GBR","United Kingdom","Import",5,0.272,0.078,6.862,9.031,
"H3","LKA","280300","Sri Lanka","HKG","Hong Kong, China","Import",5,0.058,,1.13,8.733,9.174
"H3","LKA","280300","Sri Lanka","HTI","Haiti","Export",6,,,0.009,,
"H3","LKA","280300","Sri Lanka","IDN","Indonesia","Import",5,,8.048,128.845,7.679,
"H3","LKA","280300","Sri Lanka","IND","India","Export",6,0.041,14.311,58.141,32.116,54.709
"H3","LKA","280300","Sri Lanka","IND","India","Import",5,29430.779,23972.013,52471.04,59398.333,42882.905
"H3","LKA","280300","Sri Lanka","ITA","Italy","Export",6,0,,,,
"H3","LKA","280300","Sri Lanka","ITA","Italy","Import",5,124.715,193.431,98.134,59.873,7.976
"H3","LKA","280300","Sri Lanka","JPN","Japan","Import",5,4.596,5.912,24.097,0.829,
"H3","LKA","280300","Sri Lanka","KOR","Korea, Rep.","Export",6,,,2.238,2.251,
"H3","LKA","280300","Sri Lanka","KOR","Korea, Rep.","Import",5,304.726,359.389,219.45,387.392,153.118
"H3","LKA","280300","Sri Lanka","LAO","Lao PDR","Import",5,,,0.043,,
"H3","LKA","280300","Sri Lanka","MDV","Maldives","Export",6,,,0,,
"H3","LKA","280300","Sri Lanka","MYS","Malaysia","Import",5,4.537,46.629,58.656,33.148,106.854
"H3","LKA","280300","Sri Lanka","NLD","Netherlands","Import",5,0.461,0.482,2.229,1.552,
"H3","LKA","280300","Sri Lanka","NZL","New Zealand","Import",5,0.352,,,,0.038
"H3","LKA","280300","Sri Lanka","OAS","Other Asia, nes","Import",5,12.26,9.703,75.09,353.315,13.318
"H3","LKA","280300","Sri Lanka","OMN","Oman","Export",6,,,,,0.001
"H3","LKA","280300","Sri Lanka","PHL","Philippines","Import",5,0.003,,,,
"H3","LKA","280300","Sri Lanka","POL","Poland","Import",5,4.63,,11.052,209.633,1193.795
"H3","LKA","280300","Sri Lanka","PRT","Portugal","Import",5,0.431,,,,0.546
"H3","LKA","280300","Sri Lanka","RUS","Russian Federation","Import",5,4804.762,3465.618,11664.185,6337.476,1935.073
"H3","LKA","280300","Sri Lanka","SAU","Saudi Arabia","Import",5,116.458,223.964,274.431,,182.609
"H3","LKA","280300","Sri Lanka","SGP","Singapore","Import",5,477.634,572.665,991.787,5.282,66.679
"H3","LKA","280300","Sri Lanka","SWE","Sweden","Import",5,13.461,52.312,,,1.629
"H3","LKA","280300","Sri Lanka","SWZ","Eswatini","Import",5,3.686,,46.884,16.158,
"H3","LKA","280300","Sri Lanka","SYC","Seychelles","Import",5,36.126,27.186,,166.497,
"H3","LKA","280300","Sri Lanka","THA","Thailand","Import",5,2796.181,3197.835,2267.115,2013.845,412.67
"H3","LKA","280300","Sri Lanka","TKM","Turkmenistan","Import",5,,,,68.251,
"H3","LKA","280300","Sri Lanka","TUR","Turkey","Import",5,336.348,99.808,444.86,3555.073,3828.444
"H3","LKA","280300","Sri Lanka","UNS","Unspecified","Import",5,,,,,17.268
"H3","LKA","280300","Sri Lanka","USA","United States","Export",6,0.01,0.68,0.818,2.295,
"H3","LKA","280300","Sri Lanka","USA","United States","Import",5,40.968,51.855,152.003,246.612,105.604
"H3","LKA","280300","Sri Lanka","WLD"," World","Export",6,0.052,15.764,61.836,39.084,54.727
"H3","LKA","280300","Sri Lanka","WLD"," World","Import",5,54295.015,39551.399,88731.586,79128.952,53425.865
"H3","LKA","280300","Sri Lanka","ZAF","South Africa","Import",5,0.011,0.041,103.324,0.013,
"H3","LSO","280300","Lesotho","WLD"," World","Import",5,0.883,9.066,1.854,,0.007
"H3","LSO","280300","Lesotho","ZAF","South Africa","Import",5,0.883,9.066,1.854,,0.007
"H3","LTU","280300","Lithuania","ARE","United Arab Emirates","Export",6,,,,,245.955
"H3","LTU","280300","Lithuania","ARG","Argentina","Export",6,,,,,107.227
"H3","LTU","280300","Lithuania","AUT","Austria","Export",6,,15.065,,25.359,
"H3","LTU","280300","Lithuania","AUT","Austria","Import",5,,,0.031,0.208,0.375
"H3","LTU","280300","Lithuania","BEL","Belgium","Export",6,,,,25.575,
"H3","LTU","280300","Lithuania","BEL","Belgium","Import",5,,2.062,,0.237,3.154
"H3","LTU","280300","Lithuania","BGR","Bulgaria","Export",6,,,,124.893,136.753
"H3","LTU","280300","Lithuania","BLR","Belarus","Export",6,147.789,160.416,129.756,39.874,52.807
"H3","LTU","280300","Lithuania","BLR","Belarus","Import",5,34.74,,,,
"H3","LTU","280300","Lithuania","BRA","Brazil","Export",6,,,,,118.854
"H3","LTU","280300","Lithuania","CHN","China","Import",5,,,,3.608,
"H3","LTU","280300","Lithuania","CZE","Czech Republic","Export",6,,,,24.722,1.624
"H3","LTU","280300","Lithuania","CZE","Czech Republic","Import",5,0.753,,450.341,903.43,745.319
"H3","LTU","280300","Lithuania","DEU","Germany","Export",6,179.719,10.009,82.59,925.897,310.201
"H3","LTU","280300","Lithuania","DEU","Germany","Import",5,109.699,104.586,376.684,414.566,771.052
"H3","LTU","280300","Lithuania","DNK","Denmark","Import",5,,,0.18,,
"H3","LTU","280300","Lithuania","DZA","Algeria","Export",6,,,,,761.435
"H3","LTU","280300","Lithuania","ESP","Spain","Export",6,,,0.369,67.777,25.035
"H3","LTU","280300","Lithuania","ESP","Spain","Import",5,1.278,9.188,3.029,3.591,0.45
"H3","LTU","280300","Lithuania","EST","Estonia","Export",6,23.826,30.659,27.588,9.321,0.073
"H3","LTU","280300","Lithuania","EST","Estonia","Import",5,0.469,,0.162,,
"H3","LTU","280300","Lithuania","FIN","Finland","Export",6,0.689,,,,
"H3","LTU","280300","Lithuania","FIN","Finland","Import",5,4.297,,,1.13,
"H3","LTU","280300","Lithuania","FRA","France","Export",6,,,,33.681,
"H3","LTU","280300","Lithuania","FRA","France","Import",5,14.937,20.146,1.663,29.433,8.313
"H3","LTU","280300","Lithuania","GBR","United Kingdom","Export",6,651.804,362.179,0.062,,
"H3","LTU","280300","Lithuania","GBR","United Kingdom","Import",5,5.497,9.589,,,0.205
"H3","LTU","280300","Lithuania","GRC","Greece","Export",6,,,,25.735,26.196
"H3","LTU","280300","Lithuania","HRV","Croatia","Export",6,,,,4.275,
"H3","LTU","280300","Lithuania","HUN","Hungary","Export",6,,,,137.419,47.808
"H3","LTU","280300","Lithuania","IND","India","Export",6,,,,,32.514
"H3","LTU","280300","Lithuania","IRL","Ireland","Import",5,135.904,1144.005,845.718,,
"H3","LTU","280300","Lithuania","ISR","Israel","Export",6,,,,,145.687
"H3","LTU","280300","Lithuania","ITA","Italy","Export",6,,,162.022,346.311,177.348
"H3","LTU","280300","Lithuania","ITA","Italy","Import",5,0.766,,,,
"H3","LTU","280300","Lithuania","KAZ","Kazakhstan","Export",6,,,,40.857,7.688
"H3","LTU","280300","Lithuania","LVA","Latvia","Export",6,39.379,5.405,17.174,76.54,18.936
"H3","LTU","280300","Lithuania","LVA","Latvia","Import",5,9.156,,0.274,0.153,0.146
"H3","LTU","280300","Lithuania","NLD","Netherlands","Export",6,,8.147,,8.729,
"H3","LTU","280300","Lithuania","NLD","Netherlands","Import",5,0.308,0.335,114.145,56.178,11.463
"H3","LTU","280300","Lithuania","PHL","Philippines","Export",6,,,,,99.026
"H3","LTU","280300","Lithuania","POL","Poland","Export",6,,2.835,,,
"H3","LTU","280300","Lithuania","POL","Poland","Import",5,,0.259,1010.776,1438.836,2539.143
"H3","LTU","280300","Lithuania","ROM","Romania","Export",6,,,,370.797,247.897
"H3","LTU","280300","Lithuania","RUS","Russian Federation","Export",6,37.682,17.879,7.809,4.443,
"H3","LTU","280300","Lithuania","RUS","Russian Federation","Import",5,900.678,414.08,567.524,2047.2,3246.567
"H3","LTU","280300","Lithuania","SAU","Saudi Arabia","Export",6,,,,69.448,
"H3","LTU","280300","Lithuania","SER","Serbia, FR(Serbia/Montenegro)","Export",6,,,,,48.204
"H3","LTU","280300","Lithuania","SVK","Slovak Republic","Export",6,104.558,,,,9.944
"H3","LTU","280300","Lithuania","SVN","Slovenia","Export",6,,,272.736,778.374,242.383
"H3","LTU","280300","Lithuania","SWE","Sweden","Import",5,21.55,,253.425,0.641,
"H3","LTU","280300","Lithuania","TUR","Turkey","Export",6,,,,3.012,
"H3","LTU","280300","Lithuania","UKR","Ukraine","Export",6,,,,31.805,59.882
"H3","LTU","280300","Lithuania","UKR","Ukraine","Import",5,,,,24.397,
"H3","LTU","280300","Lithuania","USA","United States","Import",5,,,0.58,0.136,0.314
"H3","LTU","280300","Lithuania","UZB","Uzbekistan","Export",6,,2.044,,,
"H3","LTU","280300","Lithuania","VEN","Venezuela","Export",6,,,,,67.607
"H3","LTU","280300","Lithuania","VNM","Vietnam","Export",6,,,,,43.37
"H3","LTU","280300","Lithuania","WLD"," World","Export",6,1185.446,614.638,700.106,3174.844,3121.117
"H3","LTU","280300","Lithuania","WLD"," World","Import",5,1240.032,1704.25,3624.532,4923.744,7326.501
"H3","LTU","280300","Lithuania","ZAF","South Africa","Export",6,,,,,86.663
"H3","LUX","280300","Luxembourg","ARE","United Arab Emirates","Export",6,0.342,0.486,,,0.072
"H3","LUX","280300","Luxembourg","ARG","Argentina","Export",6,,0.137,,0.405,
"H3","LUX","280300","Luxembourg","AUT","Austria","Export",6,,,0.703,,
"H3","LUX","280300","Luxembourg","BEL","Belgium","Export",6,0.241,1.708,1.776,40.406,22.104
"H3","LUX","280300","Luxembourg","BEL","Belgium","Import",5,231.491,234.88,192.797,163.274,196.904
"H3","LUX","280300","Luxembourg","BGR","Bulgaria","Export",6,,,0.094,,
"H3","LUX","280300","Luxembourg","BLR","Belarus","Import",5,,,,,123.431
"H3","LUX","280300","Luxembourg","BRA","Brazil","Import",5,,,63.163,646.231,298.201
"H3","LUX","280300","Luxembourg","CAN","Canada","Import",5,,,0.107,,
"H3","LUX","280300","Luxembourg","CHE","Switzerland","Export",6,0.031,0.777,0.009,,0.324
"H3","LUX","280300","Luxembourg","CHE","Switzerland","Import",5,1.872,,10.22,9353.457,4382.004
"H3","LUX","280300","Luxembourg","CHN","China","Import",5,8.695,1.094,1.595,638.428,102.484
"H3","LUX","280300","Luxembourg","CYP","Cyprus","Export",6,0.554,,,,
"H3","LUX","280300","Luxembourg","CZE","Czech Republic","Export",6,4132.531,5020.009,3487.535,,
"H3","LUX","280300","Luxembourg","CZE","Czech Republic","Import",5,,,,,43.889
"H3","LUX","280300","Luxembourg","DEU","Germany","Export",6,59.884,9.422,271.185,166.723,203.751
"H3","LUX","280300","Luxembourg","DEU","Germany","Import",5,7070.704,4534.309,7595.794,8530.461,9430.764
"H3","LUX","280300","Luxembourg","EGY","Egypt, Arab Rep.","Import",5,,,1247.983,0.003,
"H3","LUX","280300","Luxembourg","ESP","Spain","Export",6,0.488,3.005,2.832,12.771,
"H3","LUX","280300","Luxembourg","ESP","Spain","Import",5,73.45,,,26.758,
"H3","LUX","280300","Luxembourg","FIN","Finland","Export",6,,,,,0.353
"H3","LUX","280300","Luxembourg","FRA","France","Export",6,1.413,,2.44,0.104,5.164
"H3","LUX","280300","Luxembourg","FRA","France","Import",5,2712.946,2101.02,2687.023,1968.291,7768.011
"H3","LUX","280300","Luxembourg","GBR","United Kingdom","Export",6,4.474,2.207,314.612,32.922,25.736
"H3","LUX","280300","Luxembourg","GBR","United Kingdom","Import",5,1.012,,,0.184,0.719
"H3","LUX","280300","Luxembourg","GRC","Greece","Export",6,,0.487,1.221,4.128,1.042
"H3","LUX","280300","Luxembourg","HKG","Hong Kong, China","Import",5,,,,25.939,
"H3","LUX","280300","Luxembourg","HRV","Croatia","Import",5,,,,2.935,
"H3","LUX","280300","Luxembourg","IDN","Indonesia","Import",5,,,,0.02,0.467
"H3","LUX","280300","Luxembourg","IND","India","Export",6,,,,,0.022
"H3","LUX","280300","Luxembourg","IND","India","Import",5,1.04,0.125,0.53,0.769,0.178
"H3","LUX","280300","Luxembourg","ISR","Israel","Export",6,2.157,2.737,0.591,0.716,3.654
"H3","LUX","280300","Luxembourg","ISR","Israel","Import",5,,,,0.733,
"H3","LUX","280300","Luxembourg","ITA","Italy","Export",6,5.653,0.485,1.683,,3.899
"H3","LUX","280300","Luxembourg","ITA","Italy","Import",5,3.472,2.802,2.682,1.735,10.268
"H3","LUX","280300","Luxembourg","JPN","Japan","Import",5,,,,,4.035
"H3","LUX","280300","Luxembourg","LTU","Lithuania","Export",6,0.055,,,0.573,
"H3","LUX","280300","Luxembourg","LUX","Luxembourg","Import",5,,,0,,
"H3","LUX","280300","Luxembourg","LVA","Latvia","Export",6,,1.131,0.585,,3.051
"H3","LUX","280300","Luxembourg","MDG","Madagascar","Export",6,,,,,1.93
"H3","LUX","280300","Luxembourg","MEX","Mexico","Export",6,0.02,,,,
"H3","LUX","280300","Luxembourg","NLD","Netherlands","Export",6,2.328,16.283,0.105,0.104,
"H3","LUX","280300","Luxembourg","NLD","Netherlands","Import",5,54.542,29.606,122.253,33.212,
"H3","LUX","280300","Luxembourg","NOR","Norway","Export",6,,,,,68.217
"H3","LUX","280300","Luxembourg","POL","Poland","Export",6,405.927,0.736,0.256,0.196,1.211
"H3","LUX","280300","Luxembourg","POL","Poland","Import",5,20822.973,13089.634,6487.952,20824.174,2894.142
"H3","LUX","280300","Luxembourg","PRT","Portugal","Export",6,,0.379,,,
"H3","LUX","280300","Luxembourg","RUS","Russian Federation","Export",6,,,0.012,,
"H3","LUX","280300","Luxembourg","RUS","Russian Federation","Import",5,4294.194,4682.121,7517.524,12621.065,18420.285
"H3","LUX","280300","Luxembourg","SER","Serbia, FR(Serbia/Montenegro)","Export",6,,,,,3488.795
"H3","LUX","280300","Luxembourg","SER","Serbia, FR(Serbia/Montenegro)","Import",5,,,,7.481,0.131
"H3","LUX","280300","Luxembourg","SVK","Slovak Republic","Export",6,,,0.299,,
"H3","LUX","280300","Luxembourg","SVN","Slovenia","Export",6,0.665,,3.603,2.002,
"H3","LUX","280300","Luxembourg","SVN","Slovenia","Import",5,,,,3.473,
"H3","LUX","280300","Luxembourg","SWE","Sweden","Export",6,0.222,,0.059,60.967,
"H3","LUX","280300","Luxembourg","THA","Thailand","Export",6,,1.899,1.888,,
"H3","LUX","280300","Luxembourg","THA","Thailand","Import",5,,,,,0.01
"H3","LUX","280300","Luxembourg","TUR","Turkey","Export",6,7.486,5.468,32.307,0.051,13.989
"H3","LUX","280300","Luxembourg","TUR","Turkey","Import",5,,,,0.011,51.23
"H3","LUX","280300","Luxembourg","UKR","Ukraine","Export",6,,,,0.527,
"H3","LUX","280300","Luxembourg","UKR","Ukraine","Import",5,,,2703.11,399.961,
"H3","LUX","280300","Luxembourg","UNS","Unspecified","Export",6,,,,,7.17
"H3","LUX","280300","Luxembourg","UNS","Unspecified","Import",5,0.249,,,,0
"H3","LUX","280300","Luxembourg","USA","United States","Export",6,0.047,11.128,9.25,,
"H3","LUX","280300","Luxembourg","USA","United States","Import",5,350.223,160.401,80.871,8014.606,7774.616
"H3","LUX","280300","Luxembourg","WLD"," World","Export",6,4624.519,5078.485,4133.046,322.69,3850.484
"H3","LUX","280300","Luxembourg","WLD"," World","Import",5,35626.862,24835.991,28713.604,63263.201,51501.768
"H3","LUX","280300","Luxembourg","ZAF","South Africa","Export",6,,,,0.097,
"H3","LVA","280300","Latvia","ARE","United Arab Emirates","Export",6,,,,44.088,60.108
"H3","LVA","280300","Latvia","AUS","Australia","Export",6,,,,,3.806
"H3","LVA","280300","Latvia","AUT","Austria","Import",5,,0.404,,1.149,6.173
"H3","LVA","280300","Latvia","BEL","Belgium","Export",6,,,2.143,10.206,39.85
"H3","LVA","280300","Latvia","BLR","Belarus","Export",6,,,,45.104,16.34
"H3","LVA","280300","Latvia","BRA","Brazil","Export",6,,,,0.619,3.46
"H3","LVA","280300","Latvia","CHN","China","Import",5,,,,0.043,
"H3","LVA","280300","Latvia","CZE","Czech Republic","Import",5,,0.019,,,0.748
"H3","LVA","280300","Latvia","DEU","Germany","Import",5,196.44,193.668,215.978,255.433,251.796
"H3","LVA","280300","Latvia","ESP","Spain","Import",5,,,,2.931,1.631
"H3","LVA","280300","Latvia","EST","Estonia","Export",6,0.066,,10.348,4.175,5.558
"H3","LVA","280300","Latvia","EST","Estonia","Import",5,26.584,31.346,16.75,22.387,10.559
"H3","LVA","280300","Latvia","FIN","Finland","Export",6,,,,,0.063
"H3","LVA","280300","Latvia","FIN","Finland","Import",5,1.029,,4.535,,
"H3","LVA","280300","Latvia","FRA","France","Import",5,0.241,0.087,0.643,1.508,4.88
"H3","LVA","280300","Latvia","GBR","United Kingdom","Export",6,,,,,1.393
"H3","LVA","280300","Latvia","GBR","United Kingdom","Import",5,2.111,,1.484,,
"H3","LVA","280300","Latvia","IND","India","Export",6,,,,3.4,
"H3","LVA","280300","Latvia","LTU","Lithuania","Export",6,8.888,0.313,0.149,0.167,20.141
"H3","LVA","280300","Latvia","LTU","Lithuania","Import",5,19.824,5.903,3.792,75.772,42.421
"H3","LVA","280300","Latvia","LUX","Luxembourg","Import",5,,,,,3.102
"H3","LVA","280300","Latvia","POL","Poland","Export",6,,,,2.782,1.224
"H3","LVA","280300","Latvia","POL","Poland","Import",5,46.13,42.49,52.702,19.217,6.328
"H3","LVA","280300","Latvia","RUS","Russian Federation","Export",6,0.056,,,25.31,
"H3","LVA","280300","Latvia","RUS","Russian Federation","Import",5,18.465,28.719,87.312,36.701,60.039
"H3","LVA","280300","Latvia","SAU","Saudi Arabia","Import",5,,,,,11.016
"H3","LVA","280300","Latvia","SVN","Slovenia","Import",5,,,5.56,,
"H3","LVA","280300","Latvia","SWE","Sweden","Export",6,,,,,0.175
"H3","LVA","280300","Latvia","SWE","Sweden","Import",5,,,2.112,,
"H3","LVA","280300","Latvia","TUR","Turkey","Import",5,,,,,0.514
"H3","LVA","280300","Latvia","VEN","Venezuela","Export",6,,,,,37.236
"H3","LVA","280300","Latvia","WLD"," World","Export",6,9.01,0.313,12.64,135.853,189.353
"H3","LVA","280300","Latvia","WLD"," World","Import",5,310.823,302.637,390.868,415.14,399.205
"H3","MAC","280300","Macao","CAN","Canada","Import",5,,,0.593,,
"H3","MAC","280300","Macao","CHN","China","Import",5,,,10.223,,
"H3","MAC","280300","Macao","USA","United States","Import",5,,,1.299,,
"H3","MAC","280300","Macao","WLD"," World","Import",5,,,12.116,,
"H3","MAR","280300","Morocco","AUS","Australia","Import",5,,,,,0.064
"H3","MAR","280300","Morocco","BEL","Belgium","Import",5,56.584,50.811,49.475,39.54,85.948
"H3","MAR","280300","Morocco","CAN","Canada","Import",5,43.461,39.494,60.756,90.509,
"H3","MAR","280300","Morocco","CHN","China","Import",5,545.209,462.624,435.526,1724.21,341.888
"H3","MAR","280300","Morocco","CIV","Cote d'Ivoire","Export",6,10.613,,,,
"H3","MAR","280300","Morocco","COL","Colombia","Import",5,44.422,33.47,44.369,,
"H3","MAR","280300","Morocco","DEU","Germany","Export",6,,,,,13.906
"H3","MAR","280300","Morocco","DEU","Germany","Import",5,544.456,692.172,835.672,692.788,903.411
"H3","MAR","280300","Morocco","DNK","Denmark","Import",5,,,0.375,0.33,
"H3","MAR","280300","Morocco","DZA","Algeria","Export",6,,,,,90.067
"H3","MAR","280300","Morocco","EGY","Egypt, Arab Rep.","Import",5,22.645,,,,
"H3","MAR","280300","Morocco","ESP","Spain","Export",6,,0.113,0.804,1.465,10.598
"H3","MAR","280300","Morocco","ESP","Spain","Import",5,17.827,4.075,106.678,56.328,142.183
"H3","MAR","280300","Morocco","FRA","France","Export",6,,,0.011,2.278,
"H3","MAR","280300","Morocco","FRA","France","Import",5,212.689,328.712,166.864,462.369,426.405
"H3","MAR","280300","Morocco","GBR","United Kingdom","Export",6,,,,2.016,
"H3","MAR","280300","Morocco","GBR","United Kingdom","Import",5,,,,0.135,
"H3","MAR","280300","Morocco","GIN","Guinea","Export",6,,0.589,,,
"H3","MAR","280300","Morocco","IND","India","Import",5,,,92.448,252.668,780.924
"H3","MAR","280300","Morocco","ITA","Italy","Export",6,,,1.825,,
"H3","MAR","280300","Morocco","ITA","Italy","Import",5,12.385,10.05,1.396,4.058,89.864
"H3","MAR","280300","Morocco","JPN","Japan","Import",5,4.969,1.234,4.043,,
"H3","MAR","280300","Morocco","KOR","Korea, Rep.","Import",5,23.626,40.626,,,25.529
"H3","MAR","280300","Morocco","MRT","Mauritania","Export",6,1.144,,,,
"H3","MAR","280300","Morocco","MYS","Malaysia","Import",5,,8.196,,,
"H3","MAR","280300","Morocco","NLD","Netherlands","Import",5,50.567,51.854,34.534,86.134,26.013
"H3","MAR","280300","Morocco","POL","Poland","Import",5,0.101,,,0.13,173.906
"H3","MAR","280300","Morocco","PRT","Portugal","Export",6,,,,,14.497
"H3","MAR","280300","Morocco","PRT","Portugal","Import",5,,,0.333,,
"H3","MAR","280300","Morocco","RUS","Russian Federation","Export",6,,,,,2.52
"H3","MAR","280300","Morocco","RUS","Russian Federation","Import",5,294.685,442.938,692.815,800.04,359.875
"H3","MAR","280300","Morocco","SAU","Saudi Arabia","Import",5,,,,5.957,69.71
"H3","MAR","280300","Morocco","SEN","Senegal","Export",6,0.969,,,,
"H3","MAR","280300","Morocco","TUN","Tunisia","Export",6,,,,5.745,
"H3","MAR","280300","Morocco","TUR","Turkey","Import",5,0.57,0.655,,61.769,107.099
"H3","MAR","280300","Morocco","UKR","Ukraine","Import",5,96.382,50.217,55.014,216.101,
"H3","MAR","280300","Morocco","UNS","Unspecified","Import",5,,,,,0.178
"H3","MAR","280300","Morocco","USA","United States","Import",5,25.332,40.359,31.161,100.123,3.11
"H3","MAR","280300","Morocco","WLD"," World","Export",6,12.725,0.702,2.64,11.503,131.588
"H3","MAR","280300","Morocco","WLD"," World","Import",5,1995.911,2257.488,2611.457,4593.188,3536.107
"H3","MDA","280300","Moldova","BEL","Belgium","Import",5,0.059,,,,
"H3","MDA","280300","Moldova","BLR","Belarus","Import",5,0.111,0.217,0.337,,
"H3","MDA","280300","Moldova","CHN","China","Import",5,9.281,7.506,11.389,9.87,14.636
"H3","MDA","280300","Moldova","DEU","Germany","Import",5,,0.412,1.15,,
"H3","MDA","280300","Moldova","NLD","Netherlands","Import",5,,0.846,,,
"H3","MDA","280300","Moldova","ROM","Romania","Import",5,,0.023,,,
"H3","MDA","280300","Moldova","RUS","Russian Federation","Import",5,5.127,8.226,0.757,,4.267
"H3","MDA","280300","Moldova","WLD"," World","Import",5,14.578,17.23,13.633,9.87,18.903
"H3","MDG","280300","Madagascar","ARE","United Arab Emirates","Import",5,1.006,3.155,1.593,0.887,4.243
"H3","MDG","280300","Madagascar","BEL","Belgium","Import",5,,1.126,,,
"H3","MDG","280300","Madagascar","CAN","Canada","Import",5,,,,,0.47
"H3","MDG","280300","Madagascar","CHN","China","Import",5,21.518,2.102,7.399,9.585,7.624
"H3","MDG","280300","Madagascar","ESP","Spain","Import",5,,,,0.801,
"H3","MDG","280300","Madagascar","FRA","France","Export",6,,,,0.031,
"H3","MDG","280300","Madagascar","FRA","France","Import",5,13.133,1.343,7.101,2.838,4.557
"H3","MDG","280300","Madagascar","GBR","United Kingdom","Import",5,7.665,11.23,10.25,13.802,
"H3","MDG","280300","Madagascar","HKG","Hong Kong, China","Import",5,,,,,7.735
"H3","MDG","280300","Madagascar","IND","India","Import",5,,5.078,5.647,1.092,1.822
"H3","MDG","280300","Madagascar","LUX","Luxembourg","Import",5,,,,2.173,2.009
"H3","MDG","280300","Madagascar","MUS","Mauritius","Import",5,7.592,2.925,,,
"H3","MDG","280300","Madagascar","THA","Thailand","Import",5,,,,6.492,
"H3","MDG","280300","Madagascar","USA","United States","Export",6,,,0.01,,
"H3","MDG","280300","Madagascar","WLD"," World","Export",6,,,0.01,0.031,
"H3","MDG","280300","Madagascar","WLD"," World","Import",5,50.914,26.958,31.989,37.669,28.46
"H3","MDV","280300","Maldives","CHN","China","Import",5,,,0.196,,0.17
"H3","MDV","280300","Maldives","IDN","Indonesia","Import",5,,,,,0.318
"H3","MDV","280300","Maldives","IND","India","Import",5,1.072,,,7.39,
"H3","MDV","280300","Maldives","ITA","Italy","Import",5,0.872,,,1.066,
"H3","MDV","280300","Maldives","LKA","Sri Lanka","Import",5,,0.001,,,
"H3","MDV","280300","Maldives","MYS","Malaysia","Import",5,0.018,,0.26,0.023,
"H3","MDV","280300","Maldives","NLD","Netherlands","Import",5,,,0.033,,
"H3","MDV","280300","Maldives","SGP","Singapore","Import",5,3.635,,,,
"H3","MDV","280300","Maldives","THA","Thailand","Import",5,,0.05,0.016,,0.249
"H3","MDV","280300","Maldives","USA","United States","Import",5,,,0.188,0.125,2.517
"H3","MDV","280300","Maldives","WLD"," World","Import",5,5.597,0.051,0.693,8.603,3.254
"H3","MEX","280300","Mexico","BEL","Belgium","Import",5,416.044,366.165,91.324,1389.193,
"H3","MEX","280300","Mexico","BRA","Brazil","Export",6,8061.425,6117.346,,,
"H3","MEX","280300","Mexico","CAN","Canada","Import",5,2819.897,2515.953,8069.817,7684.26,6659.181
"H3","MEX","280300","Mexico","CHN","China","Export",6,,,,,26.617
"H3","MEX","280300","Mexico","CHN","China","Import",5,1021.033,1701.587,585.66,12895.649,4248.378
"H3","MEX","280300","Mexico","COL","Colombia","Import",5,1221.896,439.29,,477.951,
"H3","MEX","280300","Mexico","CRI","Costa Rica","Export",6,283.961,560.653,133.938,93.609,
"H3","MEX","280300","Mexico","CZE","Czech Republic","Import",5,,78.241,,27.244,
"H3","MEX","280300","Mexico","DEU","Germany","Import",5,2333.303,2608.707,2588.741,2060.633,2589.905
"H3","MEX","280300","Mexico","ESP","Spain","Import",5,16.713,2.774,,,
"H3","MEX","280300","Mexico","FRA","France","Import",5,9.781,20.633,10.191,7.316,
"H3","MEX","280300","Mexico","GBR","United Kingdom","Import",5,88.48,,,,
"H3","MEX","280300","Mexico","GTM","Guatemala","Export",6,523.845,4.6,,,28.749
"H3","MEX","280300","Mexico","IND","India","Import",5,,215.104,,219.635,9316.693
"H3","MEX","280300","Mexico","ITA","Italy","Import",5,346.326,1071.199,,,
"H3","MEX","280300","Mexico","JPN","Japan","Import",5,1374.905,1845.594,9048.388,5634.476,6445.978
"H3","MEX","280300","Mexico","KOR","Korea, Rep.","Import",5,504.443,714.198,644.461,657.878,4667.599
"H3","MEX","280300","Mexico","NLD","Netherlands","Import",5,,108.994,,,
"H3","MEX","280300","Mexico","PAN","Panama","Export",6,6.802,,,,
"H3","MEX","280300","Mexico","RUS","Russian Federation","Import",5,5355.188,3613.779,421.349,5109.316,1242.19
"H3","MEX","280300","Mexico","SLV","El Salvador","Export",6,,,,,17.138
"H3","MEX","280300","Mexico","USA","United States","Export",6,30726.581,22810.762,29065.933,36932.988,33031.014
"H3","MEX","280300","Mexico","USA","United States","Import",5,59488.235,40107.71,50708.991,88090.705,77625.136
"H3","MEX","280300","Mexico","WLD"," World","Export",6,39602.614,29493.361,29199.871,37026.597,33103.518
"H3","MEX","280300","Mexico","WLD"," World","Import",5,74996.244,55409.928,72168.922,124254.256,112795.06
"H3","MKD","280300","North Macedonia","ALB","Albania","Export",6,,,,0.098,
"H3","MKD","280300","North Macedonia","BEL","Belgium","Import",5,,0.022,,,
"H3","MKD","280300","North Macedonia","BGR","Bulgaria","Export",6,0.088,,,,
"H3","MKD","280300","North Macedonia","BGR","Bulgaria","Import",5,2.994,,,14.019,4.118
"H3","MKD","280300","North Macedonia","CHE","Switzerland","Import",5,0.169,,,,
"H3","MKD","280300","North Macedonia","CHN","China","Import",5,0.491,38.158,3.205,55.778,
"H3","MKD","280300","North Macedonia","CZE","Czech Republic","Import",5,10.123,,,,
"H3","MKD","280300","North Macedonia","DEU","Germany","Import",5,0.061,2.368,9.324,4.196,2.402
"H3","MKD","280300","North Macedonia","DNK","Denmark","Import",5,2.785,15.063,6.528,5.678,
"H3","MKD","280300","North Macedonia","ESP","Spain","Import",5,,3.315,4.106,,
"H3","MKD","280300","North Macedonia","GRC","Greece","Import",5,,,,5.423,23.715
"H3","MKD","280300","North Macedonia","IND","India","Import",5,1.85,,0.265,,
"H3","MKD","280300","North Macedonia","IRN","Iran, Islamic Rep.","Import",5,,,,0.923,
"H3","MKD","280300","North Macedonia","ITA","Italy","Import",5,,,3.956,,0.529
"H3","MKD","280300","North Macedonia","NLD","Netherlands","Import",5,,,0.381,,
"H3","MKD","280300","North Macedonia","OAS","Other Asia, nes","Import",5,,,24.133,,
"H3","MKD","280300","North Macedonia","RUS","Russian Federation","Import",5,38.535,7.557,23.164,18.128,18.83
"H3","MKD","280300","North Macedonia","SER","Serbia, FR(Serbia/Montenegro)","Export",6,,0.242,7.571,,
"H3","MKD","280300","North Macedonia","SER","Serbia, FR(Serbia/Montenegro)","Import",5,,1.223,0.934,,
"H3","MKD","280300","North Macedonia","TUR","Turkey","Export",6,,,,,38.885
"H3","MKD","280300","North Macedonia","TUR","Turkey","Import",5,0.299,0.32,,,
"H3","MKD","280300","North Macedonia","UKR","Ukraine","Import",5,4.015,3.905,4.751,,
"H3","MKD","280300","North Macedonia","USA","United States","Import",5,2.774,,,,
"H3","MKD","280300","North Macedonia","WLD"," World","Export",6,0.088,0.242,7.571,0.098,38.885
"H3","MKD","280300","North Macedonia","WLD"," World","Import",5,64.094,71.93,80.746,104.146,49.593
"H3","MLI","280300","Mali","CHN","China","Import",5,3.058,5.79,,,102.063
"H3","MLI","280300","Mali","DEU","Germany","Import",5,8.519,35.795,34.907,16.609,27.089
"H3","MLI","280300","Mali","ESP","Spain","Import",5,,,,,5.119
"H3","MLI","280300","Mali","FRA","France","Import",5,28.4,45.715,5.952,5.544,0.104
"H3","MLI","280300","Mali","HKG","Hong Kong, China","Import",5,,0.752,,,
"H3","MLI","280300","Mali","IND","India","Import",5,1.388,,7.394,,19.954
"H3","MLI","280300","Mali","LBR","Liberia","Import",5,,,0.435,0.395,
"H3","MLI","280300","Mali","NLD","Netherlands","Import",5,10.027,3.115,,10.75,21.169
"H3","MLI","280300","Mali","SGP","Singapore","Import",5,258.759,88.259,,,
"H3","MLI","280300","Mali","THA","Thailand","Export",6,0.717,,,,
"H3","MLI","280300","Mali","THA","Thailand","Import",5,234.769,268.395,401.094,291.01,265.583
"H3","MLI","280300","Mali","USA","United States","Import",5,0.054,,,,
"H3","MLI","280300","Mali","WLD"," World","Export",6,0.729,,0.034,,
"H3","MLI","280300","Mali","WLD"," World","Import",5,545.28,447.974,456.835,324.308,441.08
"H3","MLI","280300","Mali","ZAF","South Africa","Export",6,0.012,,0.034,,
"H3","MLI","280300","Mali","ZAF","South Africa","Import",5,0.305,0.154,7.053,,
"H3","MLT","280300","Malta","BEL","Belgium","Import",5,79.543,70.519,,,25.642
"H3","MLT","280300","Malta","CHE","Switzerland","Import",5,1.903,,,,
"H3","MLT","280300","Malta","CZE","Czech Republic","Import",5,,0.353,,,
"H3","MLT","280300","Malta","DEU","Germany","Import",5,22.992,28.599,16.655,,0.422
"H3","MLT","280300","Malta","ESP","Spain","Import",5,,,,0.767,
"H3","MLT","280300","Malta","FRA","France","Import",5,,,,1.015,
"H3","MLT","280300","Malta","GBR","United Kingdom","Export",6,,,0.09,,
"H3","MLT","280300","Malta","GBR","United Kingdom","Import",5,7.816,,18.497,14.282,12.82
"H3","MLT","280300","Malta","ITA","Italy","Import",5,2.005,0.25,40.533,74.5,60.365
"H3","MLT","280300","Malta","LBY","Libya","Import",5,,0.063,,,
"H3","MLT","280300","Malta","NLD","Netherlands","Import",5,4.661,4.302,,3.491,
"H3","MLT","280300","Malta","PAK","Pakistan","Export",6,,,,0.986,
"H3","MLT","280300","Malta","PRT","Portugal","Import",5,,0.368,0.202,,
"H3","MLT","280300","Malta","SGP","Singapore","Import",5,,,,0.023,
"H3","MLT","280300","Malta","TUR","Turkey","Import",5,,,,0.035,
"H3","MLT","280300","Malta","USA","United States","Import",5,3.536,,,11.75,0.014
"H3","MLT","280300","Malta","WLD"," World","Export",6,,,0.09,0.986,
"H3","MLT","280300","Malta","WLD"," World","Import",5,122.457,104.454,75.887,105.863,99.263
"H3","MMR","280300","Myanmar","AUS","Australia","Import",5,,,,75.6,
"H3","MMR","280300","Myanmar","CHN","China","Import",5,2292.994,817.809,4105.372,3419.392,1489.935
"H3","MMR","280300","Myanmar","COL","Colombia","Import",5,83.22,,,,
"H3","MMR","280300","Myanmar","DEU","Germany","Export",6,18.502,,,,
"H3","MMR","280300","Myanmar","DEU","Germany","Import",5,200.007,71.608,22.853,40.908,5.978
"H3","MMR","280300","Myanmar","EST","Estonia","Export",6,7.116,,,,
"H3","MMR","280300","Myanmar","IDN","Indonesia","Import",5,375.35,596.43,11.9,,78.6
"H3","MMR","280300","Myanmar","IND","India","Import",5,8.4,16.24,22.4,39,169.192
"H3","MMR","280300","Myanmar","JPN","Japan","Import",5,,28.5,108.239,58.5,4.197
"H3","MMR","280300","Myanmar","KOR","Korea, Rep.","Import",5,349.474,393.011,351.36,10.38,
"H3","MMR","280300","Myanmar","MYS","Malaysia","Import",5,,,3.87,217.95,
"H3","MMR","280300","Myanmar","NLD","Netherlands","Import",5,150.022,101.662,22.2,8.16,
"H3","MMR","280300","Myanmar","OAS","Other Asia, nes","Export",6,38.299,,,,
"H3","MMR","280300","Myanmar","OAS","Other Asia, nes","Import",5,61.38,394.46,636.88,946.931,616.44
"H3","MMR","280300","Myanmar","THA","Thailand","Import",5,515.905,620.047,494.741,363.974,403.023
"H3","MMR","280300","Myanmar","USA","United States","Import",5,0.389,,202.156,143.631,0.601
"H3","MMR","280300","Myanmar","VNM","Vietnam","Import",5,1.4,,535.332,718.464,
"H3","MMR","280300","Myanmar","WLD"," World","Export",6,63.917,,,,
"H3","MMR","280300","Myanmar","WLD"," World","Import",5,4038.542,3039.767,6517.302,6042.89,2767.967
"H3","MNG","280300","Mongolia","CHN","China","Import",5,58.632,24.887,37.264,62.295,121.852
"H3","MNG","280300","Mongolia","GBR","United Kingdom","Import",5,,,,0.113,
"H3","MNG","280300","Mongolia","KOR","Korea, Rep.","Import",5,,,0.751,0.844,
"H3","MNG","280300","Mongolia","USA","United States","Import",5,,,,0.317,
"H3","MNG","280300","Mongolia","WLD"," World","Import",5,58.632,24.887,38.015,63.569,121.852
"H3","MNT","280300","Montenegro","DEU","Germany","Import",5,0.133,,,,
"H3","MNT","280300","Montenegro","NLD","Netherlands","Import",5,0.479,,,0.133,
"H3","MNT","280300","Montenegro","SER","Serbia, FR(Serbia/Montenegro)","Export",6,,,,0.035,
"H3","MNT","280300","Montenegro","SER","Serbia, FR(Serbia/Montenegro)","Import",5,,,,,0.098
"H3","MNT","280300","Montenegro","TUR","Turkey","Export",6,,,0.012,,
"H3","MNT","280300","Montenegro","WLD"," World","Export",6,,,0.012,0.035,
"H3","MNT","280300","Montenegro","WLD"," World","Import",5,0.613,,,0.133,0.098
"H3","MOZ","280300","Mozambique","CHN","China","Import",5,0.014,1.029,,24.047,
"H3","MOZ","280300","Mozambique","HKG","Hong Kong, China","Import",5,0.066,,,,
"H3","MOZ","280300","Mozambique","IDN","Indonesia","Export",6,,,,,62
"H3","MOZ","280300","Mozambique","IND","India","Import",5,23.975,19.054,12.366,,
"H3","MOZ","280300","Mozambique","MYS","Malaysia","Export",6,,,,,442
"H3","MOZ","280300","Mozambique","PRT","Portugal","Import",5,,,,41.477,
"H3","MOZ","280300","Mozambique","QAT","Qatar","Import",5,,,,0.057,
"H3","MOZ","280300","Mozambique","WLD"," World","Export",6,,,0.543,0.758,504
"H3","MOZ","280300","Mozambique","WLD"," World","Import",5,25.753,22.199,13.221,76.006,7
"H3","MOZ","280300","Mozambique","ZAF","South Africa","Export",6,,,0.543,0.758,
"H3","MOZ","280300","Mozambique","ZAF","South Africa","Import",5,1.698,2.115,0.855,10.426,7
"H3","MRT","280300","Mauritania","FRA","France","Import",5,,,,,0.208
"H3","MRT","280300","Mauritania","GBR","United Kingdom","Import",5,,,,,10.379
"H3","MRT","280300","Mauritania","WLD"," World","Import",5,,,,,10.587
"H3","MUS","280300","Mauritius","CHN","China","Import",5,4.451,3.495,16.487,0.876,4.906
"H3","MUS","280300","Mauritius","DEU","Germany","Import",5,26.644,23.024,39.664,60.051,14.496
"H3","MUS","280300","Mauritius","FRA","France","Import",5,,,0.075,,
"H3","MUS","280300","Mauritius","IND","India","Import",5,4.456,2.973,7.024,,
"H3","MUS","280300","Mauritius","NLD","Netherlands","Import",5,,,0.146,,
"H3","MUS","280300","Mauritius","SYC","Seychelles","Export",6,,,,0,
"H3","MUS","280300","Mauritius","WLD"," World","Export",6,,,,0,
"H3","MUS","280300","Mauritius","WLD"," World","Import",5,35.551,29.492,63.397,60.926,22.19
"H3","MUS","280300","Mauritius","ZAF","South Africa","Import",5,,,,,2.788
"H3","MWI","280300","Malawi","CHN","China","Import",5,7.53,4.529,2.172,,
"H3","MWI","280300","Malawi","HKG","Hong Kong, China","Import",5,0.001,,0.007,,
"H3","MWI","280300","Malawi","IND","India","Import",5,,3.84,3.032,,6.977
"H3","MWI","280300","Malawi","USA","United States","Export",6,,,0.34,,
"H3","MWI","280300","Malawi","USA","United States","Import",5,0.399,,,,
"H3","MWI","280300","Malawi","WLD"," World","Export",6,,,0.34,,
"H3","MWI","280300","Malawi","WLD"," World","Import",5,18.035,9.602,12.69,0.198,10.029
"H3","MWI","280300","Malawi","ZAF","South Africa","Import",5,10.105,1.074,7.479,0.198,3.051
"H3","MWI","280300","Malawi","ZMB","Zambia","Import",5,,0.159,,,
"H3","MYS","280300","Malaysia","ARE","United Arab Emirates","Export",6,,,,,12.99
"H3","MYS","280300","Malaysia","ARE","United Arab Emirates","Import",5,16.087,254.379,416.855,743.917,2143.727
"H3","MYS","280300","Malaysia","AUS","Australia","Export",6,353.543,476.795,431.122,690.931,395.403
"H3","MYS","280300","Malaysia","AUS","Australia","Import",5,15.777,51.911,68.789,50.525,47.741
"H3","MYS","280300","Malaysia","AUT","Austria","Import",5,49.451,,248.178,,
"H3","MYS","280300","Malaysia","BEL","Belgium","Import",5,1393.445,1083.811,1581.138,1655.572,644.46
"H3","MYS","280300","Malaysia","BGD","Bangladesh","Export",6,23.471,14.429,18.166,24.528,28.582
"H3","MYS","280300","Malaysia","BHR","Bahrain","Import",5,,,,9.698,
"H3","MYS","280300","Malaysia","BLR","Belarus","Import",5,,,,3085.791,550.345
"H3","MYS","280300","Malaysia","BRA","Brazil","Import",5,,,1.595,,
"H3","MYS","280300","Malaysia","BRN","Brunei","Export",6,,,,3.257,
"H3","MYS","280300","Malaysia","CAN","Canada","Import",5,390.985,206.113,990.374,1052.64,580.951
"H3","MYS","280300","Malaysia","CHE","Switzerland","Import",5,181.479,346.401,361.126,404.104,236.063
"H3","MYS","280300","Malaysia","CHN","China","Export",6,87.663,360.343,107.55,883.629,193.955
"H3","MYS","280300","Malaysia","CHN","China","Import",5,38974.714,23161.19,27906.051,23560.017,15268.42
"H3","MYS","280300","Malaysia","COL","Colombia","Import",5,19.97,,,,
"H3","MYS","280300","Malaysia","CZE","Czech Republic","Import",5,16.077,37.527,11.211,13.833,82.533
"H3","MYS","280300","Malaysia","DEU","Germany","Export",6,,,1170.849,,0.007
"H3","MYS","280300","Malaysia","DEU","Germany","Import",5,1841.13,1376.103,2172.601,1987.22,2090.415
"H3","MYS","280300","Malaysia","DNK","Denmark","Import",5,3.041,,,,1.199
"H3","MYS","280300","Malaysia","ECU","Ecuador","Export",6,,,,192.244,
"H3","MYS","280300","Malaysia","EGY","Egypt, Arab Rep.","Import",5,30.846,,859.129,262.137,
"H3","MYS","280300","Malaysia","ESP","Spain","Import",5,,30.575,4.222,,
"H3","MYS","280300","Malaysia","FRA","France","Import",5,144.187,66.503,51.823,53.224,1.82
"H3","MYS","280300","Malaysia","GBR","United Kingdom","Import",5,130.625,176.423,138.385,167.547,80.462
"H3","MYS","280300","Malaysia","HKG","Hong Kong, China","Export",6,6.694,,7.969,,
"H3","MYS","280300","Malaysia","HKG","Hong Kong, China","Import",5,5.068,118.762,814.359,324.618,95.209
"H3","MYS","280300","Malaysia","IDN","Indonesia","Export",6,2899.777,2845.165,2597.087,1579.718,2213.939
"H3","MYS","280300","Malaysia","IDN","Indonesia","Import",5,5590.542,3928.246,3370.376,2847.824,5742.179
"H3","MYS","280300","Malaysia","IND","India","Export",6,1470.107,1005.512,1137.056,1828.007,2362.586
"H3","MYS","280300","Malaysia","IND","India","Import",5,3994.15,3201.832,6666.916,9859.437,7358.276
"H3","MYS","280300","Malaysia","ITA","Italy","Import",5,373.307,140.416,318.014,438.618,419.74
"H3","MYS","280300","Malaysia","JOR","Jordan","Import",5,,,,668.893,
"H3","MYS","280300","Malaysia","JPN","Japan","Export",6,335.975,1264.542,253.406,19.511,34.035
"H3","MYS","280300","Malaysia","JPN","Japan","Import",5,4615.328,4688.771,5182.739,5290.71,4555.051
"H3","MYS","280300","Malaysia","KEN","Kenya","Export",6,,,3.008,,
"H3","MYS","280300","Malaysia","KGZ","Kyrgyz Republic","Import",5,,9.663,,,
"H3","MYS","280300","Malaysia","KOR","Korea, Rep.","Export",6,22.49,65.785,44.128,265.222,324.897
"H3","MYS","280300","Malaysia","KOR","Korea, Rep.","Import",5,8064.182,10941.365,15026.832,15120.797,26070.666
"H3","MYS","280300","Malaysia","LKA","Sri Lanka","Export",6,44.258,54.742,104.685,73.156,458.867
"H3","MYS","280300","Malaysia","LKA","Sri Lanka","Import",5,4.532,,,,
"H3","MYS","280300","Malaysia","LVA","Latvia","Import",5,,,,,0.04
"H3","MYS","280300","Malaysia","MEX","Mexico","Import",5,53.885,53.449,253.835,295.567,275.415
"H3","MYS","280300","Malaysia","MMR","Myanmar","Export",6,24.545,20.684,6.338,1.545,11.855
"H3","MYS","280300","Malaysia","NLD","Netherlands","Import",5,989.96,680.375,776.907,761.199,878.69
"H3","MYS","280300","Malaysia","NOR","Norway","Import",5,,,,,0.514
"H3","MYS","280300","Malaysia","NZL","New Zealand","Export",6,,2.09,,36.957,1.219
"H3","MYS","280300","Malaysia","NZL","New Zealand","Import",5,,,,,5.531
"H3","MYS","280300","Malaysia","OAS","Other Asia, nes","Export",6,875.66,666.218,124.955,,
"H3","MYS","280300","Malaysia","OAS","Other Asia, nes","Import",5,323.706,338.882,607.753,328.342,736.824
"H3","MYS","280300","Malaysia","OMN","Oman","Export",6,6.887,,,,
"H3","MYS","280300","Malaysia","PHL","Philippines","Export",6,166.401,264.32,450.16,265.928,134.157
"H3","MYS","280300","Malaysia","PHL","Philippines","Import",5,,,18.963,,
"H3","MYS","280300","Malaysia","POL","Poland","Import",5,,,37.686,,
"H3","MYS","280300","Malaysia","QAT","Qatar","Export",6,,39.003,7.354,3.301,
"H3","MYS","280300","Malaysia","RUS","Russian Federation","Export",6,189.12,,,,
"H3","MYS","280300","Malaysia","RUS","Russian Federation","Import",5,1091.954,797.034,4207.093,7787.952,14349.632
"H3","MYS","280300","Malaysia","SAU","Saudi Arabia","Import",5,438.573,1426.494,2152.316,3132.291,1165.595
"H3","MYS","280300","Malaysia","SER","Serbia, FR(Serbia/Montenegro)","Import",5,,,,,15.025
"H3","MYS","280300","Malaysia","SGP","Singapore","Export",6,669.136,764.782,1256.902,702.964,376.078
"H3","MYS","280300","Malaysia","SGP","Singapore","Import",5,633.981,685.494,1259.195,1455.996,961.963
"H3","MYS","280300","Malaysia","SVK","Slovak Republic","Import",5,,,,,0.328
"H3","MYS","280300","Malaysia","SWE","Sweden","Import",5,1.435,,107.097,,4.916
"H3","MYS","280300","Malaysia","THA","Thailand","Export",6,1072.054,743.318,1102.288,1300.998,4393.704
"H3","MYS","280300","Malaysia","THA","Thailand","Import",5,15095.849,10696.217,15312.898,23989.606,16723.666
"H3","MYS","280300","Malaysia","TKM","Turkmenistan","Import",5,,,2.454,23.543,3.588
"H3","MYS","280300","Malaysia","TON","Tonga","Export",6,,,,,0.778
"H3","MYS","280300","Malaysia","TUR","Turkey","Import",5,,11.195,,,21.776
"H3","MYS","280300","Malaysia","USA","United States","Export",6,5.184,,19.498,20.123,1.979
"H3","MYS","280300","Malaysia","USA","United States","Import",5,4995.41,3633.405,4816.782,4247.21,5557.294
"H3","MYS","280300","Malaysia","VNM","Vietnam","Export",6,407.428,335.038,420.303,326.197,4552.431
"H3","MYS","280300","Malaysia","VNM","Vietnam","Import",5,,,7.577,13.303,16.933
"H3","MYS","280300","Malaysia","WLD"," World","Export",6,8660.393,8925.8,9275.728,8236.441,15520.133
"H3","MYS","280300","Malaysia","WLD"," World","Import",5,89756.923,68324.154,96266.641,110166.03,107082.739
"H3","MYS","280300","Malaysia","YEM","Yemen","Export",6,,3.036,12.904,18.225,22.669
"H3","MYS","280300","Malaysia","ZAF","South Africa","Import",5,277.245,181.616,515.373,533.9,395.751
"H3","NAM","280300","Namibia","AUS","Australia","Export",6,,,,0.145,
"H3","NAM","280300","Namibia","CHN","China","Import",5,0.162,,,0.002,0.243
"H3","NAM","280300","Namibia","DEU","Germany","Import",5,,,,,0.172
"H3","NAM","280300","Namibia","GBR","United Kingdom","Import",5,0.255,,,,
"H3","NAM","280300","Namibia","IND","India","Import",5,,0.441,0.002,,
"H3","NAM","280300","Namibia","NLD","Netherlands","Import",5,0.013,,,,
"H3","NAM","280300","Namibia","UNS","Unspecified","Export",6,0,,,,
"H3","NAM","280300","Namibia","USA","United States","Export",6,,0.001,,,
"H3","NAM","280300","Namibia","USA","United States","Import",5,,,0.15,,0.429
"H3","NAM","280300","Namibia","WLD"," World","Export",6,0,0.652,0.993,0.801,0
"H3","NAM","280300","Namibia","WLD"," World","Import",5,8.51,3.325,8.715,14.513,5.04
"H3","NAM","280300","Namibia","ZAF","South Africa","Export",6,,0.651,0.993,0.655,0
"H3","NAM","280300","Namibia","ZAF","South Africa","Import",5,8.08,2.885,8.564,14.511,4.196
"H3","NER","280300","Niger","BEL","Belgium","Import",5,,,,,0.793
"H3","NER","280300","Niger","CHN","China","Import",5,8.451,8.754,,1.004,
"H3","NER","280300","Niger","USA","United States","Import",5,,,,,0.676
"H3","NER","280300","Niger","WLD"," World","Import",5,8.451,8.754,,1.004,1.469
"H3","NGA","280300","Nigeria","ARE","United Arab Emirates","Import",5,,,,190.499,48.498
"H3","NGA","280300","Nigeria","CHN","China","Import",5,2613.129,4372.529,2466.708,3339.284,3539.843
"H3","NGA","280300","Nigeria","CZE","Czech Republic","Import",5,,,,,17.729
"H3","NGA","280300","Nigeria","DEU","Germany","Import",5,109.712,238.143,135.891,126.784,60.292
"H3","NGA","280300","Nigeria","DNK","Denmark","Import",5,119.436,,218.357,329.881,94.421
"H3","NGA","280300","Nigeria","EGY","Egypt, Arab Rep.","Import",5,281.219,327.092,347.997,266.736,202.714
"H3","NGA","280300","Nigeria","ESP","Spain","Import",5,59.093,,,,
"H3","NGA","280300","Nigeria","FRA","France","Import",5,,,,,0.702
"H3","NGA","280300","Nigeria","GBR","United Kingdom","Import",5,,,,0.475,3.548
"H3","NGA","280300","Nigeria","IDN","Indonesia","Import",5,,,,,2.889
"H3","NGA","280300","Nigeria","IND","India","Import",5,245.017,404.405,248.204,510.521,662.038
"H3","NGA","280300","Nigeria","ITA","Italy","Import",5,4.774,,,20.175,
"H3","NGA","280300","Nigeria","JPN","Japan","Import",5,,12.391,13.648,,11.349
"H3","NGA","280300","Nigeria","KOR","Korea, Rep.","Import",5,,,,,109.767
"H3","NGA","280300","Nigeria","NLD","Netherlands","Import",5,,,0.172,,
"H3","NGA","280300","Nigeria","SGP","Singapore","Import",5,,,60.129,,61.706
"H3","NGA","280300","Nigeria","TUR","Turkey","Import",5,,,,5.986,0.029
"H3","NGA","280300","Nigeria","USA","United States","Import",5,0.005,96.771,5.474,72.82,4.141
"H3","NGA","280300","Nigeria","VNM","Vietnam","Import",5,206.777,487.31,,,35.91
"H3","NGA","280300","Nigeria","WLD"," World","Import",5,3639.164,5938.642,3496.581,4927.146,4879.645
"H3","NGA","280300","Nigeria","ZAF","South Africa","Import",5,,,,63.985,24.068
"H3","NIC","280300","Nicaragua","CHN","China","Import",5,2.021,1.195,1.409,6.871,15.691
"H3","NIC","280300","Nicaragua","IND","India","Import",5,25.403,30.35,25.077,44.756,22.897
"H3","NIC","280300","Nicaragua","KOR","Korea, Rep.","Import",5,2.138,0.653,4.45,0.699,
"H3","NIC","280300","Nicaragua","USA","United States","Import",5,21.928,,6.658,,8.686
"H3","NIC","280300","Nicaragua","WLD"," World","Import",5,51.49,32.198,37.595,52.326,47.274
"H3","NLD","280300","Netherlands","AGO","Angola","Export",6,0.587,,,,
"H3","NLD","280300","Netherlands","ARE","United Arab Emirates","Export",6,1570.916,1399.392,89.885,659.415,39.669
"H3","NLD","280300","Netherlands","ARE","United Arab Emirates","Import",5,,8.183,353.008,841.651,1290.642
"H3","NLD","280300","Netherlands","ARG","Argentina","Export",6,80.211,,,105.459,3.582
"H3","NLD","280300","Netherlands","AUS","Australia","Export",6,369.576,33.296,154.067,64.986,35.414
"H3","NLD","280300","Netherlands","AUS","Australia","Import",5,,0.324,,1.62,0.687
"H3","NLD","280300","Netherlands","AUT","Austria","Export",6,231.418,155.385,294.106,149.211,
"H3","NLD","280300","Netherlands","AUT","Austria","Import",5,87.023,218.525,232.147,28.591,160.531
"H3","NLD","280300","Netherlands","AZE","Azerbaijan","Export",6,,1.252,,,240.094
"H3","NLD","280300","Netherlands","BEL","Belgium","Export",6,49741.122,56154.676,69207.764,67282.122,84903.246
"H3","NLD","280300","Netherlands","BEL","Belgium","Import",5,9095.624,12560.808,15963.465,14722.507,22137.242
"H3","NLD","280300","Netherlands","BGR","Bulgaria","Export",6,59.923,48.536,77.959,7.734,0.054
"H3","NLD","280300","Netherlands","BGR","Bulgaria","Import",5,11.244,15.689,27.495,11.406,77.859
"H3","NLD","280300","Netherlands","BHR","Bahrain","Export",6,17.063,13.605,7.761,0.074,
"H3","NLD","280300","Netherlands","BIH","Bosnia and Herzegovina","Export",6,0.893,,,,
"H3","NLD","280300","Netherlands","BLR","Belarus","Export",6,92.72,179.322,,,
"H3","NLD","280300","Netherlands","BLR","Belarus","Import",5,,,0.194,,
"H3","NLD","280300","Netherlands","BRA","Brazil","Export",6,946.026,1443.159,1502.421,1146.227,126.316
"H3","NLD","280300","Netherlands","BRA","Brazil","Import",5,,,0.122,0.481,0.77
"H3","NLD","280300","Netherlands","CAN","Canada","Export",6,1.685,,539.883,547.937,1.622
"H3","NLD","280300","Netherlands","CAN","Canada","Import",5,,210.475,,184.513,185.316
"H3","NLD","280300","Netherlands","CHE","Switzerland","Export",6,265.889,274.642,2311.077,2468.593,577.184
"H3","NLD","280300","Netherlands","CHE","Switzerland","Import",5,30.086,,0.756,504.951,6.706
"H3","NLD","280300","Netherlands","CHL","Chile","Export",6,49.006,,25.16,,
"H3","NLD","280300","Netherlands","CHL","Chile","Import",5,,,0.188,,0.016
"H3","NLD","280300","Netherlands","CHN","China","Export",6,1815.863,5140.679,3735.949,1876.444,856.689
"H3","NLD","280300","Netherlands","CHN","China","Import",5,521.096,292.071,486.817,4725.417,1261.629
"H3","NLD","280300","Netherlands","CIV","Cote d'Ivoire","Export",6,26.864,60.686,57.854,,113.376
"H3","NLD","280300","Netherlands","CMR","Cameroon","Export",6,1.905,,4.163,,3.788
"H3","NLD","280300","Netherlands","COL","Colombia","Export",6,,,3.697,,
"H3","NLD","280300","Netherlands","COL","Colombia","Import",5,,9.339,0.224,,0.78
"H3","NLD","280300","Netherlands","CRI","Costa Rica","Export",6,,,,1108.056,
"H3","NLD","280300","Netherlands","CYP","Cyprus","Export",6,1.521,4.777,0.389,4.803,2.893
"H3","NLD","280300","Netherlands","CYP","Cyprus","Import",5,,0.003,0.005,1.236,0.136
"H3","NLD","280300","Netherlands","CZE","Czech Republic","Export",6,423.64,,471.1,,1997.489
"H3","NLD","280300","Netherlands","CZE","Czech Republic","Import",5,3.699,3.713,5.015,91.156,132.874
"H3","NLD","280300","Netherlands","DEU","Germany","Export",6,24386.799,21218.921,27792.352,26477.99,36605.491
"H3","NLD","280300","Netherlands","DEU","Germany","Import",5,16743.357,16245.94,17815.741,25323.753,29140.394
"H3","NLD","280300","Netherlands","DNK","Denmark","Export",6,84.861,0.343,10.846,45.193,0.125
"H3","NLD","280300","Netherlands","DNK","Denmark","Import",5,369.601,250.502,300.253,292.435,137.709
"H3","NLD","280300","Netherlands","EGY","Egypt, Arab Rep.","Export",6,,3.729,30.778,53.446,71.439
"H3","NLD","280300","Netherlands","EGY","Egypt, Arab Rep.","Import",5,,,0.025,0.313,
"H3","NLD","280300","Netherlands","ESP","Spain","Export",6,3785.591,3531.366,4670.465,4965.026,7475.046
"H3","NLD","280300","Netherlands","ESP","Spain","Import",5,114.121,132.454,198.363,605.436,177.632
"H3","NLD","280300","Netherlands","EST","Estonia","Export",6,53.78,23.735,61.786,3.703,6.343
"H3","NLD","280300","Netherlands","EST","Estonia","Import",5,0.331,0.102,0.498,3.427,0.469
"H3","NLD","280300","Netherlands","FIN","Finland","Export",6,1447.959,106.866,600.007,118.1,194.919
"H3","NLD","280300","Netherlands","FIN","Finland","Import",5,14.52,34.7,48.887,21.285,31.743
"H3","NLD","280300","Netherlands","FRA","France","Export",6,10350.37,6645.859,9916.702,7457.688,6943.157
"H3","NLD","280300","Netherlands","FRA","France","Import",5,148.252,168.534,296.667,236.597,39.459
"H3","NLD","280300","Netherlands","GAB","Gabon","Export",6,14.304,5.167,14.219,,7.315
"H3","NLD","280300","Netherlands","GBR","United Kingdom","Export",6,,4571.742,4777.309,3334.667,3566.848
"H3","NLD","280300","Netherlands","GBR","United Kingdom","Import",5,651.4,335.2,116.9,100.166,189.118
"H3","NLD","280300","Netherlands","GEO","Georgia","Import",5,,,,0.02,
"H3","NLD","280300","Netherlands","GHA","Ghana","Import",5,0.656,,,,
"H3","NLD","280300","Netherlands","GRC","Greece","Export",6,592.115,695.553,71.465,290.387,133.316
"H3","NLD","280300","Netherlands","GRC","Greece","Import",5,0.337,0.407,1.398,27.422,8.981
"H3","NLD","280300","Netherlands","GUM","Guam","Import",5,,,,0.306,
"H3","NLD","280300","Netherlands","HKG","Hong Kong, China","Export",6,0.517,0.638,0.895,97.283,
"H3","NLD","280300","Netherlands","HKG","Hong Kong, China","Import",5,4.4,9.178,0.719,1.123,2.446
"H3","NLD","280300","Netherlands","HRV","Croatia","Export",6,20.496,6.546,27.331,28.133,28.568
"H3","NLD","280300","Netherlands","HRV","Croatia","Import",5,7.143,1.678,8.324,1.799,2.045
"H3","NLD","280300","Netherlands","HUN","Hungary","Export",6,,,970.256,,629.316
"H3","NLD","280300","Netherlands","HUN","Hungary","Import",5,1420.934,841.541,1224.677,1418.249,1217.894
"H3","NLD","280300","Netherlands","IDN","Indonesia","Export",6,64.43,47.013,75.377,,25.008
"H3","NLD","280300","Netherlands","IDN","Indonesia","Import",5,,,0.14,0.368,
"H3","NLD","280300","Netherlands","IND","India","Export",6,1677.836,1546.802,2402.541,2158.736,2273.632
"H3","NLD","280300","Netherlands","IND","India","Import",5,854.284,1006.015,2509.039,8948.252,7398.139
"H3","NLD","280300","Netherlands","IRL","Ireland","Export",6,0.025,,4.034,42.091,0.084
"H3","NLD","280300","Netherlands","IRL","Ireland","Import",5,2.286,1.203,63.021,23.854,1.352
"H3","NLD","280300","Netherlands","IRN","Iran, Islamic Rep.","Export",6,,,1.508,,
"H3","NLD","280300","Netherlands","ISL","Iceland","Export",6,,,0.349,0.539,0.003
"H3","NLD","280300","Netherlands","ISR","Israel","Export",6,49.671,118.935,0.873,,31.346
"H3","NLD","280300","Netherlands","ISR","Israel","Import",5,0.552,,0.351,0.039,7.044
"H3","NLD","280300","Netherlands","ITA","Italy","Export",6,3830.517,3578.448,6273.201,5170.814,6531.97
"H3","NLD","280300","Netherlands","ITA","Italy","Import",5,979.693,961.575,1416.547,707.311,1512.921
"H3","NLD","280300","Netherlands","JOR","Jordan","Export",6,0.001,0.005,,,
"H3","NLD","280300","Netherlands","JPN","Japan","Export",6,3458.588,2896.807,2680.747,2708.617,1735.198
"H3","NLD","280300","Netherlands","JPN","Japan","Import",5,10438.065,7866.803,9834.98,5627.736,2256.991
"H3","NLD","280300","Netherlands","KOR","Korea, Rep.","Export",6,2110.343,2367.041,2506.437,1234.309,1824.519
"H3","NLD","280300","Netherlands","KOR","Korea, Rep.","Import",5,183.669,235.417,419.351,1646.532,1581.795
"H3","NLD","280300","Netherlands","KWT","Kuwait","Export",6,43.213,27.164,17.257,45.345,41.986
"H3","NLD","280300","Netherlands","LBN","Lebanon","Export",6,,,22.58,,
"H3","NLD","280300","Netherlands","LBR","Liberia","Import",5,,19.979,,,
"H3","NLD","280300","Netherlands","LKA","Sri Lanka","Export",6,,,0.031,,
"H3","NLD","280300","Netherlands","LTU","Lithuania","Export",6,3.434,0.396,12.765,6.145,0.074
"H3","NLD","280300","Netherlands","LTU","Lithuania","Import",5,2.231,2.827,5.029,20.778,0.257
"H3","NLD","280300","Netherlands","LUX","Luxembourg","Export",6,65.376,46.522,446.282,212.693,1456.795
"H3","NLD","280300","Netherlands","LUX","Luxembourg","Import",5,4.413,33.655,15.567,5.232,1.945
"H3","NLD","280300","Netherlands","LVA","Latvia","Export",6,10.143,22.912,25.998,2.701,
"H3","NLD","280300","Netherlands","LVA","Latvia","Import",5,10.124,6.171,5.991,3.191,8.532
"H3","NLD","280300","Netherlands","MAR","Morocco","Export",6,,,,,4.271
"H3","NLD","280300","Netherlands","MAR","Morocco","Import",5,,,,0.194,0.243
"H3","NLD","280300","Netherlands","MDA","Moldova","Export",6,,1.853,,,
"H3","NLD","280300","Netherlands","MEX","Mexico","Import",5,47.264,66.812,,173.586,293.038
"H3","NLD","280300","Netherlands","MLT","Malta","Export",6,6.278,24.826,16.981,26.859,
"H3","NLD","280300","Netherlands","MLT","Malta","Import",5,0.009,0.003,0.02,0.025,0.019
"H3","NLD","280300","Netherlands","MYS","Malaysia","Export",6,516.155,441.293,335.373,143.165,74.989
"H3","NLD","280300","Netherlands","MYS","Malaysia","Import",5,,,,0.106,
"H3","NLD","280300","Netherlands","NAM","Namibia","Export",6,,,5.961,,
"H3","NLD","280300","Netherlands","NGA","Nigeria","Export",6,0.071,0.072,0.8,,
"H3","NLD","280300","Netherlands","NOR","Norway","Export",6,92.015,111.709,28.599,36.761,94.43
"H3","NLD","280300","Netherlands","NOR","Norway","Import",5,0.472,,0.028,,0.347
"H3","NLD","280300","Netherlands","NZL","New Zealand","Import",5,0.1,,,,
"H3","NLD","280300","Netherlands","OAS","Other Asia, nes","Export",6,259.369,178.014,47.887,,1.197
"H3","NLD","280300","Netherlands","OAS","Other Asia, nes","Import",5,17.417,0.103,2.365,266.352,1.059
"H3","NLD","280300","Netherlands","OMN","Oman","Export",6,5.978,,,,
"H3","NLD","280300","Netherlands","PAK","Pakistan","Export",6,3.719,9.202,23.406,7.297,17.635
"H3","NLD","280300","Netherlands","PAK","Pakistan","Import",5,,,,0.006,
"H3","NLD","280300","Netherlands","PAN","Panama","Export",6,,,,255.464,
"H3","NLD","280300","Netherlands","PER","Peru","Export",6,52.324,23.037,,53.779,
"H3","NLD","280300","Netherlands","PHL","Philippines","Import",5,,0.288,,,
"H3","NLD","280300","Netherlands","POL","Poland","Export",6,1470.06,757.148,2080.545,,
"H3","NLD","280300","Netherlands","POL","Poland","Import",5,4396.532,3051.669,3780.477,3347.365,7634.208
"H3","NLD","280300","Netherlands","PRK","Korea, Dem. Rep.","Import",5,,,,,31.825
"H3","NLD","280300","Netherlands","PRT","Portugal","Export",6,1334.396,167.143,147.534,83.389,104.029
"H3","NLD","280300","Netherlands","PRT","Portugal","Import",5,2.516,2.338,1.217,24.216,0.502
"H3","NLD","280300","Netherlands","QAT","Qatar","Export",6,5.746,35.989,34.802,3.573,21.514
"H3","NLD","280300","Netherlands","QAT","Qatar","Import",5,,,,1.251,
"H3","NLD","280300","Netherlands","ROM","Romania","Export",6,,1130.784,2779.334,,
"H3","NLD","280300","Netherlands","ROM","Romania","Import",5,9.87,1.309,3.515,20.882,0.403
"H3","NLD","280300","Netherlands","RUS","Russian Federation","Export",6,1017.741,42.918,334.533,2.603,
"H3","NLD","280300","Netherlands","RUS","Russian Federation","Import",5,287.821,288.404,407.011,72.084,
"H3","NLD","280300","Netherlands","SAU","Saudi Arabia","Export",6,7021.203,2493.4,291.614,21.837,75.295
"H3","NLD","280300","Netherlands","SAU","Saudi Arabia","Import",5,0.134,,,,1.354
"H3","NLD","280300","Netherlands","SEN","Senegal","Export",6,1.406,1.515,3.16,,4.683
"H3","NLD","280300","Netherlands","SER","Serbia, FR(Serbia/Montenegro)","Export",6,1.06,,25.227,188.097,51.134
"H3","NLD","280300","Netherlands","SGP","Singapore","Export",6,256.697,209.217,307.594,,
"H3","NLD","280300","Netherlands","SGP","Singapore","Import",5,336.246,1483.45,4180.212,5657.802,12228.772
"H3","NLD","280300","Netherlands","SUR","Suriname","Export",6,15.768,,,28.303,36.439
"H3","NLD","280300","Netherlands","SVK","Slovak Republic","Export",6,74.055,191.274,56.39,138.356,416.452
"H3","NLD","280300","Netherlands","SVK","Slovak Republic","Import",5,39.644,9.265,7.937,15.002,0.164
"H3","NLD","280300","Netherlands","SVN","Slovenia","Export",6,86.352,64.581,73.072,4.37,110.967
"H3","NLD","280300","Netherlands","SVN","Slovenia","Import",5,21.809,11.843,10.098,31.501,4.013
"H3","NLD","280300","Netherlands","SWE","Sweden","Export",6,6906.162,7427.762,4879.939,12902.298,12070.317
"H3","NLD","280300","Netherlands","SWE","Sweden","Import",5,9.744,977.371,256.791,997.788,3108.869
"H3","NLD","280300","Netherlands","SXM","Saint Maarten (Dutch part)","Export",6,3.106,,,,
"H3","NLD","280300","Netherlands","THA","Thailand","Export",6,1245.569,4706.874,2803.385,7535.058,2335.456
"H3","NLD","280300","Netherlands","THA","Thailand","Import",5,,0.265,0.196,,0.271
"H3","NLD","280300","Netherlands","TUR","Turkey","Export",6,148.106,110.324,210.884,64.192,513.637
"H3","NLD","280300","Netherlands","TUR","Turkey","Import",5,0.17,0.101,0.035,15.676,1.821
"H3","NLD","280300","Netherlands","UKR","Ukraine","Export",6,4.142,2.97,70.068,,
"H3","NLD","280300","Netherlands","UNS","Unspecified","Import",5,,,,117.207,
"H3","NLD","280300","Netherlands","USA","United States","Export",6,9460.547,7639.144,12401.853,1781.56,11914.103
"H3","NLD","280300","Netherlands","USA","United States","Import",5,3801.639,1387.354,949.299,853.987,1763.713
"H3","NLD","280300","Netherlands","VEN","Venezuela","Import",5,,,,,0.191
"H3","NLD","280300","Netherlands","VNM","Vietnam","Export",6,31.168,11.695,13.193,371.915,21.532
"H3","NLD","280300","Netherlands","WLD"," World","Export",6,137801.237,138214.639,169005.591,153523.541,186559.747
"H3","NLD","280300","Netherlands","WLD"," World","Import",5,50855.395,48753.587,60951.457,77750.936,94043.626
"H3","NLD","280300","Netherlands","ZAF","South Africa","Export",6,34.848,59.977,135.828,,207.752
"H3","NLD","280300","Netherlands","ZAF","South Africa","Import",5,184.866,,0.351,26.757,0.758
"H3","NOR","280300","Norway","ARE","United Arab Emirates","Export",6,2.192,,28.105,15.214,
"H3","NOR","280300","Norway","AUS","Australia","Export",6,,,0.839,,
"H3","NOR","280300","Norway","AUS","Australia","Import",5,,,1.846,,
"H3","NOR","280300","Norway","BEL","Belgium","Export",6,0.928,,,,
"H3","NOR","280300","Norway","BEL","Belgium","Import",5,0.176,4.57,4.11,8.37,17.649
"H3","NOR","280300","Norway","BRA","Brazil","Export",6,2.914,,,,
"H3","NOR","280300","Norway","CAN","Canada","Export",6,2.814,3.033,,,
"H3","NOR","280300","Norway","CAN","Canada","Import",5,147.047,418.921,287.071,1236.636,2068.483
"H3","NOR","280300","Norway","CHE","Switzerland","Import",5,,,15.949,,
"H3","NOR","280300","Norway","CHN","China","Import",5,1.289,3.437,56,22.388,19.853
"H3","NOR","280300","Norway","COL","Colombia","Export",6,1.26,,,,
"H3","NOR","280300","Norway","CZE","Czech Republic","Import",5,,,,,0.095
"H3","NOR","280300","Norway","DEU","Germany","Export",6,3.178,,,,5.6
"H3","NOR","280300","Norway","DEU","Germany","Import",5,289.17,219.974,287.058,343.11,169.413
"H3","NOR","280300","Norway","DNK","Denmark","Export",6,,0.335,3.131,,
"H3","NOR","280300","Norway","DNK","Denmark","Import",5,,0.3,0.628,0.337,0.133
"H3","NOR","280300","Norway","EGY","Egypt, Arab Rep.","Export",6,,,,5.431,
"H3","NOR","280300","Norway","ESP","Spain","Export",6,0.962,,,26.834,
"H3","NOR","280300","Norway","ESP","Spain","Import",5,3.822,,,,
"H3","NOR","280300","Norway","FIN","Finland","Export",6,22.38,,28.474,,14.201
"H3","NOR","280300","Norway","FRA","France","Import",5,,,19.62,0.224,2.765
"H3","NOR","280300","Norway","FRO","Faeroe Islands","Export",6,,0.15,,,
"H3","NOR","280300","Norway","GBR","United Kingdom","Export",6,5.27,,0.821,10.897,95.799
"H3","NOR","280300","Norway","GBR","United Kingdom","Import",5,251.968,198.896,308.247,285.028,152.783
"H3","NOR","280300","Norway","HKG","Hong Kong, China","Import",5,,,,0.503,
"H3","NOR","280300","Norway","HUN","Hungary","Import",5,0.394,,,,
"H3","NOR","280300","Norway","IND","India","Export",6,,,0.992,,
"H3","NOR","280300","Norway","IND","India","Import",5,0.423,33.812,,,
"H3","NOR","280300","Norway","IRL","Ireland","Export",6,,,,,21.805
"H3","NOR","280300","Norway","ISR","Israel","Export",6,,1.147,,,
"H3","NOR","280300","Norway","ITA","Italy","Export",6,,0.804,6.962,3.953,1.608
"H3","NOR","280300","Norway","ITA","Italy","Import",5,0.379,,0.966,,0.132
"H3","NOR","280300","Norway","JPN","Japan","Export",6,,,,1.236,
"H3","NOR","280300","Norway","JPN","Japan","Import",5,0.202,,17.052,9.751,24.722
"H3","NOR","280300","Norway","KOR","Korea, Rep.","Export",6,,,,0.541,
"H3","NOR","280300","Norway","KOR","Korea, Rep.","Import",5,3.412,6.697,2.465,13.311,10.843
"H3","NOR","280300","Norway","LKA","Sri Lanka","Import",5,,3.06,,,0.188
"H3","NOR","280300","Norway","LTU","Lithuania","Import",5,,,,,0.729
"H3","NOR","280300","Norway","LUX","Luxembourg","Import",5,,,,,22.6
"H3","NOR","280300","Norway","LVA","Latvia","Export",6,,,,159.574,
"H3","NOR","280300","Norway","LVA","Latvia","Import",5,,,,19.404,32.228
"H3","NOR","280300","Norway","MLT","Malta","Import",5,,,0.173,,
"H3","NOR","280300","Norway","MYS","Malaysia","Export",6,0.552,,,150.674,0.49
"H3","NOR","280300","Norway","NLD","Netherlands","Export",6,,,,0.446,0.402
"H3","NOR","280300","Norway","NLD","Netherlands","Import",5,1.051,1.723,0.37,0.837,
"H3","NOR","280300","Norway","NZL","New Zealand","Import",5,1.461,,0.949,,
"H3","NOR","280300","Norway","OAS","Other Asia, nes","Export",6,2.011,,,,0.526
"H3","NOR","280300","Norway","OMN","Oman","Export",6,,,,2.502,
"H3","NOR","280300","Norway","POL","Poland","Import",5,,2.055,9.381,,
"H3","NOR","280300","Norway","ROM","Romania","Export",6,5.523,,,,
"H3","NOR","280300","Norway","RUS","Russian Federation","Import",5,,,21.264,,
"H3","NOR","280300","Norway","SGP","Singapore","Export",6,,1.082,,,21.642
"H3","NOR","280300","Norway","SVK","Slovak Republic","Export",6,,,,,3.323
"H3","NOR","280300","Norway","SVN","Slovenia","Import",5,,,,,0.112
"H3","NOR","280300","Norway","SWE","Sweden","Export",6,3.244,1.388,1.007,,0.92
"H3","NOR","280300","Norway","SWE","Sweden","Import",5,71.031,65.626,76.644,101.811,160.917
"H3","NOR","280300","Norway","THA","Thailand","Import",5,,0.261,,,0.097
"H3","NOR","280300","Norway","TUR","Turkey","Export",6,0.361,0.645,7.166,11.658,
"H3","NOR","280300","Norway","TUR","Turkey","Import",5,,,0.256,0.115,2.124
"H3","NOR","280300","Norway","USA","United States","Export",6,8.214,10.478,1.914,,
"H3","NOR","280300","Norway","USA","United States","Import",5,41.216,36.72,34.401,42.728,97.891
"H3","NOR","280300","Norway","WLD"," World","Export",6,61.8,19.062,79.411,388.96,166.314
"H3","NOR","280300","Norway","WLD"," World","Import",5,813.041,996.05,1144.449,2084.552,2783.758
"H3","NPL","280300","Nepal","BRA","Brazil","Import",5,2.904,,,,
"H3","NPL","280300","Nepal","CHN","China","Import",5,70.524,17.975,157.662,68.958,
"H3","NPL","280300","Nepal","GBR","United Kingdom","Import",5,,,1.472,,
"H3","NPL","280300","Nepal","HKG","Hong Kong, China","Import",5,0.131,,,,
"H3","NPL","280300","Nepal","IDN","Indonesia","Import",5,,,,56.824,
"H3","NPL","280300","Nepal","IND","India","Export",6,22.951,11.907,1.375,4.844,
"H3","NPL","280300","Nepal","IND","India","Import",5,577.246,456.72,828.121,861.688,
"H3","NPL","280300","Nepal","KOR","Korea, Rep.","Import",5,22.102,68.072,,65.864,
"H3","NPL","280300","Nepal","MEX","Mexico","Import",5,,19.978,,,
"H3","NPL","280300","Nepal","RUS","Russian Federation","Import",5,,,45.352,,
"H3","NPL","280300","Nepal","THA","Thailand","Import",5,8.071,,,,
"H3","NPL","280300","Nepal","USA","United States","Import",5,,,14.296,31.591,
"H3","NPL","280300","Nepal","WLD"," World","Export",6,22.951,11.907,1.375,4.844,
"H3","NPL","280300","Nepal","WLD"," World","Import",5,680.978,562.745,1046.905,1084.926,
"H3","NZL","280300","New Zealand","AUS","Australia","Export",6,1.932,5.412,5.878,13.394,30.45
"H3","NZL","280300","New Zealand","AUS","Australia","Import",5,28.046,7.253,28.66,42.098,6.313
"H3","NZL","280300","New Zealand","BEL","Belgium","Import",5,,,,12.555,
"H3","NZL","280300","New Zealand","CAN","Canada","Export",6,,0,,,0
"H3","NZL","280300","New Zealand","CAN","Canada","Import",5,4.631,1.878,1.212,,
"H3","NZL","280300","New Zealand","CHE","Switzerland","Import",5,,0.416,,0.195,0.99
"H3","NZL","280300","New Zealand","CHN","China","Import",5,380.603,699.782,883.086,526.9,701.607
"H3","NZL","280300","New Zealand","CYP","Cyprus","Export",6,0,,,,
"H3","NZL","280300","New Zealand","DEU","Germany","Import",5,263.836,97.918,188.289,330.112,192.798
"H3","NZL","280300","New Zealand","DNK","Denmark","Import",5,61.196,72.774,73.406,32.102,46.688
"H3","NZL","280300","New Zealand","FJI","Fiji","Export",6,6.226,0.97,5.688,3.095,0
"H3","NZL","280300","New Zealand","GBR","United Kingdom","Export",6,0,9.148,6.158,2.762,1.646
"H3","NZL","280300","New Zealand","GBR","United Kingdom","Import",5,,0.336,0.168,0.274,0.049
"H3","NZL","280300","New Zealand","HKG","Hong Kong, China","Import",5,,0.054,,,
"H3","NZL","280300","New Zealand","IDN","Indonesia","Import",5,84.35,25.585,60.478,103.52,
"H3","NZL","280300","New Zealand","IND","India","Export",6,,,,,3.303
"H3","NZL","280300","New Zealand","IND","India","Import",5,61.57,21.284,61.239,0.049,115.865
"H3","NZL","280300","New Zealand","ITA","Italy","Import",5,2.601,0.731,,,
"H3","NZL","280300","New Zealand","JPN","Japan","Import",5,,,,3.147,3.214
"H3","NZL","280300","New Zealand","KOR","Korea, Rep.","Import",5,6.354,,20.03,,
"H3","NZL","280300","New Zealand","MYS","Malaysia","Import",5,21.531,,,,
"H3","NZL","280300","New Zealand","NCL","New Caledonia","Export",6,,,,0,
"H3","NZL","280300","New Zealand","NLD","Netherlands","Import",5,0.475,1.903,78.229,26.225,4.002
"H3","NZL","280300","New Zealand","SGP","Singapore","Import",5,,,,,0.324
"H3","NZL","280300","New Zealand","THA","Thailand","Import",5,4.912,,6.724,22.797,0.037
"H3","NZL","280300","New Zealand","USA","United States","Export",6,1.152,14.358,0,2.686,
"H3","NZL","280300","New Zealand","USA","United States","Import",5,24.756,33.451,14.715,97.689,0.462
"H3","NZL","280300","New Zealand","VNM","Vietnam","Import",5,0.407,,,,
"H3","NZL","280300","New Zealand","WLD"," World","Export",6,9.31,29.888,19.208,21.938,35.4
"H3","NZL","280300","New Zealand","WLD"," World","Import",5,945.268,963.363,1416.238,1197.663,1072.35
"H3","NZL","280300","New Zealand","WSM","Samoa","Export",6,,,1.485,,0
"H3","OAS","280300","Other Asia, nes","AGO","Angola","Export",6,0.259,,,,
"H3","OAS","280300","Other Asia, nes","ARE","United Arab Emirates","Export",6,,13.137,15.72,3.159,
"H3","OAS","280300","Other Asia, nes","AUS","Australia","Export",6,251.924,229.088,411.178,117.782,88.348
"H3","OAS","280300","Other Asia, nes","BEL","Belgium","Import",5,2440.351,2301.924,2128.308,2212.096,2364.111
"H3","OAS","280300","Other Asia, nes","BGD","Bangladesh","Export",6,654.563,75.795,618.683,459.031,
"H3","OAS","280300","Other Asia, nes","BHR","Bahrain","Export",6,,,0.072,,
"H3","OAS","280300","Other Asia, nes","CAN","Canada","Export",6,,,5.085,,5.546
"H3","OAS","280300","Other Asia, nes","CAN","Canada","Import",5,2656.373,2158.292,3138.358,2926.775,1423.038
"H3","OAS","280300","Other Asia, nes","CHE","Switzerland","Import",5,0.939,,0.143,1.377,
"H3","OAS","280300","Other Asia, nes","CHL","Chile","Export",6,,2.11,,,
"H3","OAS","280300","Other Asia, nes","CHL","Chile","Import",5,,,,4.6,14.637
"H3","OAS","280300","Other Asia, nes","CHN","China","Export",6,9617.486,8730.47,8744.629,11121.818,6948.161
"H3","OAS","280300","Other Asia, nes","CHN","China","Import",5,50507.89,41370.76,50118.517,35673.379,18698.341
"H3","OAS","280300","Other Asia, nes","COL","Colombia","Import",5,,75.506,57.65,,
"H3","OAS","280300","Other Asia, nes","CZE","Czech Republic","Import",5,90.94,116.253,111.754,163.813,21.442
"H3","OAS","280300","Other Asia, nes","DEU","Germany","Export",6,,,,1.21,45.104
"H3","OAS","280300","Other Asia, nes","DEU","Germany","Import",5,2440.384,2457.562,2128.273,2510.142,1373.991
"H3","OAS","280300","Other Asia, nes","ESP","Spain","Export",6,22.779,63.781,88.087,67.107,100.434
"H3","OAS","280300","Other Asia, nes","FRA","France","Import",5,111.069,4.149,39.424,68.795,63.106
"H3","OAS","280300","Other Asia, nes","GBR","United Kingdom","Export",6,,,2.471,4.167,
"H3","OAS","280300","Other Asia, nes","GBR","United Kingdom","Import",5,70.292,51.766,89.518,67.654,73.025
"H3","OAS","280300","Other Asia, nes","GEO","Georgia","Import",5,,,,,26.867
"H3","OAS","280300","Other Asia, nes","GRC","Greece","Import",5,,,0.215,,
"H3","OAS","280300","Other Asia, nes","GTM","Guatemala","Export",6,,0.068,0.322,,
"H3","OAS","280300","Other Asia, nes","HKG","Hong Kong, China","Export",6,321.749,190.05,106.348,41.4,28.691
"H3","OAS","280300","Other Asia, nes","IDN","Indonesia","Export",6,10146.605,8125.127,14352.16,16373.217,15637.224
"H3","OAS","280300","Other Asia, nes","IDN","Indonesia","Import",5,0.906,0.748,,,
"H3","OAS","280300","Other Asia, nes","IND","India","Export",6,1478.737,145.192,65.993,15.491,11.028
"H3","OAS","280300","Other Asia, nes","IND","India","Import",5,2049.861,1175.042,1417.571,2070.61,2286.464
"H3","OAS","280300","Other Asia, nes","IRN","Iran, Islamic Rep.","Import",5,39.806,,,,
"H3","OAS","280300","Other Asia, nes","ISR","Israel","Export",6,,,0.716,,
"H3","OAS","280300","Other Asia, nes","ISR","Israel","Import",5,,,,3.122,
"H3","OAS","280300","Other Asia, nes","ITA","Italy","Export",6,18.669,,,51.515,169.965
"H3","OAS","280300","Other Asia, nes","ITA","Italy","Import",5,1052.18,1055.219,1109.128,1205.615,665.794
"H3","OAS","280300","Other Asia, nes","JPN","Japan","Export",6,36.498,54.694,57.865,182.403,251.357
"H3","OAS","280300","Other Asia, nes","JPN","Japan","Import",5,4739.73,4366.309,7435.186,6324.173,4499.197
"H3","OAS","280300","Other Asia, nes","KHM","Cambodia","Export",6,,3.029,12.891,7.796,
"H3","OAS","280300","Other Asia, nes","KOR","Korea, Rep.","Export",6,556.071,70.963,136.677,326.396,939.229
"H3","OAS","280300","Other Asia, nes","KOR","Korea, Rep.","Import",5,10957.212,10563.614,15698.164,18544.805,22863.55
"H3","OAS","280300","Other Asia, nes","LKA","Sri Lanka","Export",6,10.419,5.275,,208.748,10.226
"H3","OAS","280300","Other Asia, nes","MEX","Mexico","Export",6,,,0.358,7.023,
"H3","OAS","280300","Other Asia, nes","MMR","Myanmar","Export",6,115.964,510.76,865.969,1517.927,1486.373
"H3","OAS","280300","Other Asia, nes","MOZ","Mozambique","Export",6,,,4.369,,
"H3","OAS","280300","Other Asia, nes","MYS","Malaysia","Export",6,106.937,226.876,293.192,139.423,725.058
"H3","OAS","280300","Other Asia, nes","MYS","Malaysia","Import",5,,,38.708,32.031,159.852
"H3","OAS","280300","Other Asia, nes","NGA","Nigeria","Export",6,,10.347,10.706,,11.412
"H3","OAS","280300","Other Asia, nes","NLD","Netherlands","Export",6,,,2.9,,
"H3","OAS","280300","Other Asia, nes","NLD","Netherlands","Import",5,425.183,291.55,77.165,2203.064,142.166
"H3","OAS","280300","Other Asia, nes","NOR","Norway","Import",5,4.175,,,,
"H3","OAS","280300","Other Asia, nes","NZL","New Zealand","Export",6,,,,,3.43
"H3","OAS","280300","Other Asia, nes","OAS","Other Asia, nes","Import",5,,,,,8.249
"H3","OAS","280300","Other Asia, nes","PAK","Pakistan","Export",6,12.489,,9.775,25.203,
"H3","OAS","280300","Other Asia, nes","PER","Peru","Export",6,,,,,52.06
"H3","OAS","280300","Other Asia, nes","PHL","Philippines","Export",6,2056.099,1065.527,1374.651,2748.304,2213.29
"H3","OAS","280300","Other Asia, nes","PLW","Palau","Export",6,0.032,,,,
"H3","OAS","280300","Other Asia, nes","POL","Poland","Export",6,,,0.215,,
"H3","OAS","280300","Other Asia, nes","RUS","Russian Federation","Import",5,711.108,512.933,706.333,556.709,336.043
"H3","OAS","280300","Other Asia, nes","SGP","Singapore","Export",6,23.167,31.482,86.475,28.227,25.421
"H3","OAS","280300","Other Asia, nes","SGP","Singapore","Import",5,352.787,326.48,607.827,748.221,355.238
"H3","OAS","280300","Other Asia, nes","TGO","Togo","Export",6,15.984,11.095,,,
"H3","OAS","280300","Other Asia, nes","THA","Thailand","Export",6,8211.42,10311.522,14738.022,17032.225,10941.848
"H3","OAS","280300","Other Asia, nes","THA","Thailand","Import",5,841.369,1460.98,1587.441,1599.115,1027.387
"H3","OAS","280300","Other Asia, nes","TKM","Turkmenistan","Import",5,,,,,27.798
"H3","OAS","280300","Other Asia, nes","TUR","Turkey","Export",6,58.662,29.883,,,58.311
"H3","OAS","280300","Other Asia, nes","UNS","Unspecified","Export",6,,,,0.202,
"H3","OAS","280300","Other Asia, nes","UNS","Unspecified","Import",5,44.369,9.489,,,
"H3","OAS","280300","Other Asia, nes","USA","United States","Export",6,27.341,6.943,1.969,42.005,8.174
"H3","OAS","280300","Other Asia, nes","USA","United States","Import",5,5800.098,4403.96,4987.299,5051.945,2018.792
"H3","OAS","280300","Other Asia, nes","VNM","Vietnam","Export",6,7632.182,10046.255,11421.922,15834.78,17999.033
"H3","OAS","280300","Other Asia, nes","VNM","Vietnam","Import",5,0.065,12.108,6.087,,
"H3","OAS","280300","Other Asia, nes","WLD"," World","Export",6,41376.036,39967.3,53429.421,66356.558,57772.225
"H3","OAS","280300","Other Asia, nes","WLD"," World","Import",5,85349.063,72714.647,91483.068,81968.04,58449.087
"H3","OAS","280300","Other Asia, nes","ZAF","South Africa","Export",6,,7.828,,,12.502
"H3","OAS","280300","Other Asia, nes","ZAF","South Africa","Import",5,11.974,,,,
"H3","OMN","280300","Oman","ARE","United Arab Emirates","Export",6,,0,,,
"H3","OMN","280300","Oman","ARE","United Arab Emirates","Import",5,185.685,84.005,172.161,73.495,139.987
"H3","OMN","280300","Oman","BEL","Belgium","Import",5,,241.006,15.834,,
"H3","OMN","280300","Oman","CHN","China","Import",5,,25.878,0.26,474.114,5.423
"H3","OMN","280300","Oman","DEU","Germany","Import",5,,1.961,,,
"H3","OMN","280300","Oman","GBR","United Kingdom","Import",5,0.016,,,1.051,
"H3","OMN","280300","Oman","HKG","Hong Kong, China","Import",5,,,,0.073,
"H3","OMN","280300","Oman","IND","India","Import",5,29.87,27.326,90.146,71.904,89.272
"H3","OMN","280300","Oman","IRN","Iran, Islamic Rep.","Export",6,,,,0,0
"H3","OMN","280300","Oman","LKA","Sri Lanka","Import",5,,,,,0.25
"H3","OMN","280300","Oman","LUX","Luxembourg","Import",5,,,7.105,,
"H3","OMN","280300","Oman","MYS","Malaysia","Import",5,,,,,10.726
"H3","OMN","280300","Oman","NLD","Netherlands","Import",5,7.381,52.138,,0.804,
"H3","OMN","280300","Oman","PAK","Pakistan","Import",5,,,,0.229,
"H3","OMN","280300","Oman","QAT","Qatar","Import",5,0.455,,,0.39,
"H3","OMN","280300","Oman","SAU","Saudi Arabia","Export",6,,,,,0
"H3","OMN","280300","Oman","USA","United States","Import",5,,,0.003,,0.642
"H3","OMN","280300","Oman","WLD"," World","Export",6,,0,,0,0
"H3","OMN","280300","Oman","WLD"," World","Import",5,223.407,432.315,364.411,622.06,246.299
"H3","OMN","280300","Oman","YEM","Yemen","Export",6,,0,,,
"H3","OMN","280300","Oman","ZAF","South Africa","Import",5,,,78.902,,
"H3","PAK","280300","Pakistan","AFG","Afghanistan","Export",6,4.626,,,,
"H3","PAK","280300","Pakistan","AFG","Afghanistan","Import",5,,,,,7.387
"H3","PAK","280300","Pakistan","ARE","United Arab Emirates","Import",5,5687.354,7019.79,7279.173,8253.115,7037.733
"H3","PAK","280300","Pakistan","BGD","Bangladesh","Export",6,0.524,,,,
"H3","PAK","280300","Pakistan","BHR","Bahrain","Import",5,,,0.179,0.199,0.055
"H3","PAK","280300","Pakistan","BRA","Brazil","Import",5,,,,5.195,
"H3","PAK","280300","Pakistan","CAN","Canada","Import",5,,5.306,24.77,31.156,39.515
"H3","PAK","280300","Pakistan","CHL","Chile","Import",5,176.534,,,,
"H3","PAK","280300","Pakistan","CHN","China","Import",5,12498.776,8407.218,13822.508,6133.594,8411.153
"H3","PAK","280300","Pakistan","COL","Colombia","Import",5,27.123,,52.609,,
"H3","PAK","280300","Pakistan","CZE","Czech Republic","Import",5,,,,,3.281
"H3","PAK","280300","Pakistan","DEU","Germany","Import",5,748.865,763.818,867.784,683.279,428.033
"H3","PAK","280300","Pakistan","ESP","Spain","Import",5,0.02,,,0.018,
"H3","PAK","280300","Pakistan","FRA","France","Import",5,,,0.059,0.837,43.642
"H3","PAK","280300","Pakistan","GBR","United Kingdom","Import",5,61.058,,0.15,0.157,0.405
"H3","PAK","280300","Pakistan","HKG","Hong Kong, China","Import",5,,1.711,,,
"H3","PAK","280300","Pakistan","HUN","Hungary","Import",5,,,,280.255,
"H3","PAK","280300","Pakistan","IND","India","Export",6,0,,,,
"H3","PAK","280300","Pakistan","IND","India","Import",5,48.922,,,,
"H3","PAK","280300","Pakistan","IRN","Iran, Islamic Rep.","Import",5,1142.994,1220.613,1946.17,1924.794,1951.598
"H3","PAK","280300","Pakistan","ISL","Iceland","Import",5,,,20.263,,
"H3","PAK","280300","Pakistan","ITA","Italy","Import",5,15.102,83.709,7.385,88.174,13.037
"H3","PAK","280300","Pakistan","JPN","Japan","Import",5,284.205,274.195,222.482,364.213,335.72
"H3","PAK","280300","Pakistan","KOR","Korea, Rep.","Import",5,1438.051,6392.42,7259.663,1349.812,1468.705
"H3","PAK","280300","Pakistan","LKA","Sri Lanka","Export",6,,0.067,,,
"H3","PAK","280300","Pakistan","MLT","Malta","Import",5,,,,1.045,
"H3","PAK","280300","Pakistan","MYS","Malaysia","Import",5,0.29,,0.997,,
"H3","PAK","280300","Pakistan","NLD","Netherlands","Import",5,98.709,57.128,102.621,109.826,110.685
"H3","PAK","280300","Pakistan","OAS","Other Asia, nes","Import",5,,,0,48.615,
"H3","PAK","280300","Pakistan","RUS","Russian Federation","Import",5,2055.613,1952.964,805.445,,
"H3","PAK","280300","Pakistan","SGP","Singapore","Import",5,3.336,,6.009,,
"H3","PAK","280300","Pakistan","THA","Thailand","Import",5,147.49,161.614,115.166,196.931,225.649
"H3","PAK","280300","Pakistan","TUR","Turkey","Import",5,3.856,,,,
"H3","PAK","280300","Pakistan","UNS","Unspecified","Import",5,7.52,,,,
"H3","PAK","280300","Pakistan","USA","United States","Export",6,,0.06,,,
"H3","PAK","280300","Pakistan","USA","United States","Import",5,235.982,152.696,224.875,123.422,154.45
"H3","PAK","280300","Pakistan","WLD"," World","Export",6,5.15,0.127,,,
"H3","PAK","280300","Pakistan","WLD"," World","Import",5,24681.799,26493.181,32758.309,19594.638,20231.048
"H3","PAN","280300","Panama","COL","Colombia","Import",5,35.863,,7.92,,
"H3","PAN","280300","Panama","CRI","Costa Rica","Import",5,9.69,4.083,4.083,4.793,
"H3","PAN","280300","Panama","ESP","Spain","Import",5,3.308,,,,
"H3","PAN","280300","Panama","FRE","Free Zones","Import",5,,,,,6.455
"H3","PAN","280300","Panama","GTM","Guatemala","Import",5,,,0.135,,
"H3","PAN","280300","Panama","IND","India","Import",5,12.945,7.729,,4.534,
"H3","PAN","280300","Panama","MEX","Mexico","Import",5,4.54,2.451,8.923,9.798,5.333
"H3","PAN","280300","Panama","USA","United States","Import",5,0.441,,3.3,7.727,
"H3","PAN","280300","Panama","WLD"," World","Import",5,66.787,14.263,24.361,26.852,11.788
"H3","PER","280300","Peru","ARG","Argentina","Import",5,4961.355,1778.992,1530.986,185.979,
"H3","PER","280300","Peru","BEL","Belgium","Import",5,32.533,26.367,15.193,,
"H3","PER","280300","Peru","BOL","Bolivia","Export",6,2.221,5.909,14.643,31.208,46.228
"H3","PER","280300","Peru","BRA","Brazil","Import",5,28.503,0.036,27.459,0.207,2.297
"H3","PER","280300","Peru","CAN","Canada","Import",5,,,,3.035,17.975
"H3","PER","280300","Peru","CHE","Switzerland","Import",5,47.88,,,,
"H3","PER","280300","Peru","CHL","Chile","Export",6,,,,15.109,1.04
"H3","PER","280300","Peru","CHL","Chile","Import",5,36.923,,40.95,34.325,2.127
"H3","PER","280300","Peru","CHN","China","Import",5,1369.807,650.167,1319.5,6591.545,1748.097
"H3","PER","280300","Peru","COL","Colombia","Import",5,7025.46,5841.892,11535.473,10850.345,10227.397
"H3","PER","280300","Peru","CRI","Costa Rica","Export",6,,,13.406,,
"H3","PER","280300","Peru","CZE","Czech Republic","Import",5,,,,425.6,
"H3","PER","280300","Peru","DEU","Germany","Import",5,133.252,86.161,189.141,153.95,150.635
"H3","PER","280300","Peru","DOM","Dominican Republic","Export",6,,,,,6.411
"H3","PER","280300","Peru","ECU","Ecuador","Export",6,8.146,24.583,22.716,157.318,31.887
"H3","PER","280300","Peru","ECU","Ecuador","Import",5,,,,,0.256
"H3","PER","280300","Peru","ESP","Spain","Import",5,,0.344,11.597,28.717,23.946
"H3","PER","280300","Peru","FRA","France","Import",5,288.401,334.001,218.456,,
"H3","PER","280300","Peru","HKG","Hong Kong, China","Import",5,13.35,,,,
"H3","PER","280300","Peru","IND","India","Import",5,11.745,,,704.366,1471.08
"H3","PER","280300","Peru","ITA","Italy","Export",6,,,0.575,,
"H3","PER","280300","Peru","KOR","Korea, Rep.","Import",5,1.78,18.025,81.079,181.38,533.342
"H3","PER","280300","Peru","MEX","Mexico","Import",5,765.345,167.03,434.293,768.871,324.356
"H3","PER","280300","Peru","NLD","Netherlands","Import",5,53.592,23.113,69.445,258.423,313.892
"H3","PER","280300","Peru","OAS","Other Asia, nes","Import",5,,,,,25.92
"H3","PER","280300","Peru","RUS","Russian Federation","Import",5,210.097,413.981,28.853,35.946,110.495
"H3","PER","280300","Peru","SGP","Singapore","Import",5,419.297,,168.764,,
"H3","PER","280300","Peru","SYC","Seychelles","Import",5,,,,186.724,
"H3","PER","280300","Peru","TUR","Turkey","Import",5,,,89.245,229.768,
"H3","PER","280300","Peru","USA","United States","Import",5,194.894,88.417,98.429,354.685,63.568
"H3","PER","280300","Peru","VEN","Venezuela","Import",5,,41.687,394.491,1270.782,296.992
"H3","PER","280300","Peru","WLD"," World","Export",6,10.366,30.492,51.341,203.636,85.566
"H3","PER","280300","Peru","WLD"," World","Import",5,15610.38,9470.213,16253.356,22264.647,15312.375
"H3","PER","280300","Peru","ZAF","South Africa","Import",5,16.165,,,,
"H3","PHL","280300","Philippines","ARE","United Arab Emirates","Import",5,822.561,,1716.68,250.256,114.623
"H3","PHL","280300","Philippines","AUS","Australia","Export",6,,,,3.3,
"H3","PHL","280300","Philippines","BEL","Belgium","Import",5,,2.031,11.27,10.881,33.405
"H3","PHL","280300","Philippines","CAN","Canada","Import",5,7.526,35.775,35.57,5.837,32.644
"H3","PHL","280300","Philippines","CHN","China","Export",6,,,,,106
"H3","PHL","280300","Philippines","CHN","China","Import",5,13504.299,6096.015,12000.977,12325.797,4773.7
"H3","PHL","280300","Philippines","COL","Colombia","Import",5,267.58,,,,
"H3","PHL","280300","Philippines","CZE","Czech Republic","Import",5,0.078,,0.105,,0.186
"H3","PHL","280300","Philippines","DEU","Germany","Export",6,,4.234,,,
"H3","PHL","280300","Philippines","DEU","Germany","Import",5,175.289,137.471,352.603,536.715,691.094
"H3","PHL","280300","Philippines","DNK","Denmark","Import",5,6.001,2.995,9.377,5.022,15.702
"H3","PHL","280300","Philippines","GBR","United Kingdom","Import",5,,0.692,,0.366,
"H3","PHL","280300","Philippines","HKG","Hong Kong, China","Export",6,,,,0.051,
"H3","PHL","280300","Philippines","HKG","Hong Kong, China","Import",5,,299.736,0.608,10.663,13.414
"H3","PHL","280300","Philippines","IDN","Indonesia","Export",6,0.537,1.611,,0.645,
"H3","PHL","280300","Philippines","IDN","Indonesia","Import",5,341.828,280.432,59.103,997.754,283.593
"H3","PHL","280300","Philippines","IND","India","Import",5,417.152,284.004,3742.998,1598.244,6736.661
"H3","PHL","280300","Philippines","IRL","Ireland","Import",5,2.392,,,,
"H3","PHL","280300","Philippines","ITA","Italy","Import",5,,,0.436,0.839,
"H3","PHL","280300","Philippines","JAM","Jamaica","Import",5,0.557,,,,
"H3","PHL","280300","Philippines","JPN","Japan","Import",5,3284.306,2307.828,2755.734,1965.212,501.257
"H3","PHL","280300","Philippines","KAZ","Kazakhstan","Import",5,,0.468,,,
"H3","PHL","280300","Philippines","KOR","Korea, Rep.","Export",6,,0.051,,,
"H3","PHL","280300","Philippines","KOR","Korea, Rep.","Import",5,14104.125,9008.668,13466.774,9579.036,9128.171
"H3","PHL","280300","Philippines","LTU","Lithuania","Import",5,,,,278.189,
"H3","PHL","280300","Philippines","MYS","Malaysia","Export",6,0.75,,18.29,,
"H3","PHL","280300","Philippines","MYS","Malaysia","Import",5,123.748,186.896,47.913,110.036,52.015
"H3","PHL","280300","Philippines","NLD","Netherlands","Import",5,21.509,88.686,27.697,85.812,18
"H3","PHL","280300","Philippines","OAS","Other Asia, nes","Import",5,2226.562,1051.389,1425.968,2138.579,2289.801
"H3","PHL","280300","Philippines","RUS","Russian Federation","Import",5,,,1775.332,422.204,
"H3","PHL","280300","Philippines","SGP","Singapore","Import",5,30.446,17.114,15.446,28.209,2.91
"H3","PHL","280300","Philippines","SWE","Sweden","Import",5,0.095,,,,
"H3","PHL","280300","Philippines","THA","Thailand","Export",6,96.388,128.784,93.498,169.754,284.233
"H3","PHL","280300","Philippines","THA","Thailand","Import",5,5451.063,4483.949,9410.835,20537.241,22904.091
"H3","PHL","280300","Philippines","TKM","Turkmenistan","Import",5,8.919,,9,13.091,
"H3","PHL","280300","Philippines","USA","United States","Import",5,246.538,276.47,610.802,314.585,476.177
"H3","PHL","280300","Philippines","VNM","Vietnam","Export",6,2.871,,6.12,,
"H3","PHL","280300","Philippines","VNM","Vietnam","Import",5,,,9.101,12.192,3.136
"H3","PHL","280300","Philippines","WLD"," World","Export",6,100.546,134.68,117.908,173.75,390.233
"H3","PHL","280300","Philippines","WLD"," World","Import",5,41759.963,24725.818,47484.329,51226.76,48070.58
"H3","PHL","280300","Philippines","ZAF","South Africa","Import",5,717.389,165.199,,,
"H3","PNG","280300","Papua New Guinea","AUS","Australia","Export",6,,,,,0.013
"H3","PNG","280300","Papua New Guinea","AUS","Australia","Import",5,0.797,2.573,6.708,0.481,15.74
"H3","PNG","280300","Papua New Guinea","CHN","China","Import",5,0.285,1.607,0.26,1.098,0.144
"H3","PNG","280300","Papua New Guinea","HKG","Hong Kong, China","Import",5,,,,4.464,0.217
"H3","PNG","280300","Papua New Guinea","IND","India","Import",5,,,,,56.444
"H3","PNG","280300","Papua New Guinea","MYS","Malaysia","Import",5,,0.029,0.014,0.233,
"H3","PNG","280300","Papua New Guinea","NZL","New Zealand","Import",5,,42.85,,,
"H3","PNG","280300","Papua New Guinea","PHL","Philippines","Import",5,0.228,,,,
"H3","PNG","280300","Papua New Guinea","SGP","Singapore","Export",6,,,0.037,,
"H3","PNG","280300","Papua New Guinea","SGP","Singapore","Import",5,,,26.774,0.315,0.068
"H3","PNG","280300","Papua New Guinea","USA","United States","Import",5,0.042,,,,
"H3","PNG","280300","Papua New Guinea","WLD"," World","Export",6,,,0.037,,0.013
"H3","PNG","280300","Papua New Guinea","WLD"," World","Import",5,1.352,47.058,33.755,6.59,72.612
"H3","POL","280300","Poland","ALB","Albania","Export",6,,,,0.106,
"H3","POL","280300","Poland","ARE","United Arab Emirates","Export",6,0.014,26.259,99.806,48.07,
"H3","POL","280300","Poland","ARE","United Arab Emirates","Import",5,0.031,17.401,152.989,2521.038,883.058
"H3","POL","280300","Poland","AUS","Australia","Export",6,,29.014,,,
"H3","POL","280300","Poland","AUS","Australia","Import",5,,,,0.633,0.593
"H3","POL","280300","Poland","AUT","Austria","Export",6,377.158,802.125,920.634,1034.348,110.41
"H3","POL","280300","Poland","AUT","Austria","Import",5,29.855,61.164,0.43,,
"H3","POL","280300","Poland","AZE","Azerbaijan","Export",6,,,,20.338,18.827
"H3","POL","280300","Poland","BEL","Belgium","Export",6,1366.48,1301.63,875.72,1055.426,1113.523
"H3","POL","280300","Poland","BEL","Belgium","Import",5,1024.999,1285.672,2068.228,2648.319,4066.294
"H3","POL","280300","Poland","BGR","Bulgaria","Export",6,1.268,102.94,252.609,398.908,124.379
"H3","POL","280300","Poland","BIH","Bosnia and Herzegovina","Export",6,0.321,0.135,,,
"H3","POL","280300","Poland","BIH","Bosnia and Herzegovina","Import",5,,,,0.021,
"H3","POL","280300","Poland","BLR","Belarus","Export",6,,,2.765,3.307,0.001
"H3","POL","280300","Poland","BLR","Belarus","Import",5,33.949,1538.767,3593.275,7972.878,5546.653
"H3","POL","280300","Poland","BRA","Brazil","Export",6,,28.26,594.994,19.027,
"H3","POL","280300","Poland","BRA","Brazil","Import",5,289.454,58.681,,,355.968
"H3","POL","280300","Poland","CAN","Canada","Export",6,,,,36.306,
"H3","POL","280300","Poland","CAN","Canada","Import",5,245.073,125.308,331.497,731.506,977.637
"H3","POL","280300","Poland","CHE","Switzerland","Export",6,0.873,6.129,38.909,41.022,0.381
"H3","POL","280300","Poland","CHE","Switzerland","Import",5,49.205,68.039,81.298,10.197,66.415
"H3","POL","280300","Poland","CHL","Chile","Export",6,,,83.955,,
"H3","POL","280300","Poland","CHN","China","Export",6,920.122,730.704,610.442,649.376,2.614
"H3","POL","280300","Poland","CHN","China","Import",5,2628.192,1194.383,3311.166,183324.454,93113.91
"H3","POL","280300","Poland","COL","Colombia","Import",5,,,,,200.69
"H3","POL","280300","Poland","CZE","Czech Republic","Export",6,49923.888,43981.903,64769.887,111354.796,90681.59
"H3","POL","280300","Poland","CZE","Czech Republic","Import",5,25131.27,21054.025,30228.386,50189.226,54204.882
"H3","POL","280300","Poland","DEU","Germany","Export",6,56646.073,37498.071,53702.535,88594.35,68591.668
"H3","POL","280300","Poland","DEU","Germany","Import",5,15436.948,14776.698,18574.704,34498.959,44031.968
"H3","POL","280300","Poland","DNK","Denmark","Export",6,211.924,312.305,354.71,290.614,35.965
"H3","POL","280300","Poland","DNK","Denmark","Import",5,101.336,69.598,300.068,40.452,33.337
"H3","POL","280300","Poland","DZA","Algeria","Export",6,,,141.961,,21.963
"H3","POL","280300","Poland","EGY","Egypt, Arab Rep.","Export",6,2.907,,,,107.656
"H3","POL","280300","Poland","EGY","Egypt, Arab Rep.","Import",5,,,1.402,3127.918,3717.796
"H3","POL","280300","Poland","ESP","Spain","Export",6,3579.893,4422.59,5580.464,16348.485,3271.341
"H3","POL","280300","Poland","ESP","Spain","Import",5,78.278,107.218,717.9,888.681,613.785
"H3","POL","280300","Poland","EST","Estonia","Export",6,101.821,217.819,266.457,333.5,151.784
"H3","POL","280300","Poland","FIN","Finland","Export",6,1552.034,1248.615,2165.502,4032.65,4949.339
"H3","POL","280300","Poland","FIN","Finland","Import",5,,,1.825,,0.88
"H3","POL","280300","Poland","FRA","France","Export",6,17825.485,10952.011,11923.264,17191.542,7916.262
"H3","POL","280300","Poland","FRA","France","Import",5,1912.61,2474.613,4505.142,5875.553,5363.748
"H3","POL","280300","Poland","GBR","United Kingdom","Export",6,1677.238,1083.5,5213.612,4788.533,1404.761
"H3","POL","280300","Poland","GBR","United Kingdom","Import",5,1006.658,802.153,971.436,1301.533,3954.194
"H3","POL","280300","Poland","GEO","Georgia","Export",6,,,,0.31,0.681
"H3","POL","280300","Poland","GHA","Ghana","Export",6,,11.337,,,
"H3","POL","280300","Poland","GRC","Greece","Export",6,121.679,76.54,25.055,162.568,650.658
"H3","POL","280300","Poland","HKG","Hong Kong, China","Import",5,,,,,260.85
"H3","POL","280300","Poland","HRV","Croatia","Export",6,318.626,19.436,305.689,217.137,248.409
"H3","POL","280300","Poland","HUN","Hungary","Export",6,8228.235,4252.398,6744.642,13625.673,16793.151
"H3","POL","280300","Poland","HUN","Hungary","Import",5,919.692,1389.393,1518.653,4389.867,4669.923
"H3","POL","280300","Poland","IDN","Indonesia","Import",5,,,,,0.077
"H3","POL","280300","Poland","IND","India","Export",6,197.045,549.697,2319.697,111.711,0.082
"H3","POL","280300","Poland","IND","India","Import",5,122.621,648.09,327.069,32301.431,24537.994
"H3","POL","280300","Poland","IRL","Ireland","Export",6,,,0.224,0.533,38.462
"H3","POL","280300","Poland","IRL","Ireland","Import",5,160.687,261.916,206.026,233.936,45.311
"H3","POL","280300","Poland","IRN","Iran, Islamic Rep.","Import",5,137.461,,,218.856,
"H3","POL","280300","Poland","ISR","Israel","Export",6,992.401,705.727,1036.244,1116.352,36.501
"H3","POL","280300","Poland","ISR","Israel","Import",5,,,5.671,1.566,2.596
"H3","POL","280300","Poland","ITA","Italy","Export",6,24587.854,19493.05,30316.321,38670.386,29893.811
"H3","POL","280300","Poland","ITA","Italy","Import",5,5626.21,4285.542,5907.244,7837.072,5173.404
"H3","POL","280300","Poland","JPN","Japan","Export",6,,,0.055,2.161,0.358
"H3","POL","280300","Poland","JPN","Japan","Import",5,4824.628,6510.098,8450.54,7189.4,5000.677
"H3","POL","280300","Poland","KAZ","Kazakhstan","Export",6,,,,,114.805
"H3","POL","280300","Poland","KGZ","Kyrgyz Republic","Export",6,,,0.106,,
"H3","POL","280300","Poland","KOR","Korea, Rep.","Export",6,,,,1.768,1.293
"H3","POL","280300","Poland","KOR","Korea, Rep.","Import",5,83.722,87.885,196.142,225.239,191.512
"H3","POL","280300","Poland","LBN","Lebanon","Export",6,16.627,,,,
"H3","POL","280300","Poland","LKA","Sri Lanka","Export",6,,92.352,1.249,189.074,1146.489
"H3","POL","280300","Poland","LTU","Lithuania","Export",6,26.865,1.988,1396.473,3444.154,2820.933
"H3","POL","280300","Poland","LUX","Luxembourg","Export",6,18182.141,9522.41,21683.689,56182.579,30958.516
"H3","POL","280300","Poland","LUX","Luxembourg","Import",5,,,,,1.244
"H3","POL","280300","Poland","LVA","Latvia","Export",6,47.603,36.058,48.906,19.663,5.997
"H3","POL","280300","Poland","LVA","Latvia","Import",5,179.695,133.538,174.94,4154.283,3639.443
"H3","POL","280300","Poland","MAR","Morocco","Export",6,77.286,133.47,158.616,166.175,22.742
"H3","POL","280300","Poland","MDA","Moldova","Export",6,,,,0.096,
"H3","POL","280300","Poland","MEX","Mexico","Export",6,,168.943,30.264,374.688,1.411
"H3","POL","280300","Poland","MEX","Mexico","Import",5,810.709,709.718,1909.159,2792.959,1352.961
"H3","POL","280300","Poland","MKD","North Macedonia","Export",6,3.142,19.388,16.733,4.845,
"H3","POL","280300","Poland","MLT","Malta","Import",5,,,,,1.235
"H3","POL","280300","Poland","MYS","Malaysia","Export",6,32.607,57.281,124.691,77.725,44.04
"H3","POL","280300","Poland","NER","Niger","Export",6,,1.237,,,
"H3","POL","280300","Poland","NGA","Nigeria","Import",5,,,,384.538,
"H3","POL","280300","Poland","NLD","Netherlands","Export",6,12146.455,5946.62,5660.915,7691.934,12700.042
"H3","POL","280300","Poland","NLD","Netherlands","Import",5,745.068,196.052,583.32,819.116,492.296
"H3","POL","280300","Poland","NOR","Norway","Export",6,,,0.024,,
"H3","POL","280300","Poland","NOR","Norway","Import",5,0.181,60.142,,,
"H3","POL","280300","Poland","OAS","Other Asia, nes","Export",6,337.767,332.611,405.152,34.382,
"H3","POL","280300","Poland","OAS","Other Asia, nes","Import",5,,4.713,,,
"H3","POL","280300","Poland","PRK","Korea, Dem. Rep.","Import",5,,3.046,,,
"H3","POL","280300","Poland","PRT","Portugal","Export",6,6880.303,3157.677,2335.535,8627.717,3823.486
"H3","POL","280300","Poland","PRT","Portugal","Import",5,,,,,0.375
"H3","POL","280300","Poland","ROM","Romania","Export",6,6142.779,3802.409,6142.135,13693.48,10501.267
"H3","POL","280300","Poland","RUS","Russian Federation","Export",6,476.505,330.732,209.31,194.32,1068.575
"H3","POL","280300","Poland","RUS","Russian Federation","Import",5,254862.53,151116.577,254389.841,353104.44,157161.594
"H3","POL","280300","Poland","SAU","Saudi Arabia","Export",6,,,,1700.688,
"H3","POL","280300","Poland","SAU","Saudi Arabia","Import",5,,,,814,
"H3","POL","280300","Poland","SER","Serbia, FR(Serbia/Montenegro)","Export",6,3106.948,3551.57,6086.321,13343.367,8535.721
"H3","POL","280300","Poland","SGP","Singapore","Import",5,,,,1587.641,0.078
"H3","POL","280300","Poland","SMR","San Marino","Export",6,0.006,,,,
"H3","POL","280300","Poland","SVK","Slovak Republic","Export",6,28358.576,14712.138,20332.064,45958.625,77002.882
"H3","POL","280300","Poland","SVK","Slovak Republic","Import",5,,,0.002,,
"H3","POL","280300","Poland","SVN","Slovenia","Export",6,6946.325,5613.168,9290.882,15093.26,8694.449
"H3","POL","280300","Poland","SWE","Sweden","Export",6,2346.183,1536.211,1700.42,3187.214,1613.906
"H3","POL","280300","Poland","SWE","Sweden","Import",5,4014.725,2776.055,3009.871,5046.073,6826.763
"H3","POL","280300","Poland","TCD","Chad","Export",6,,1.326,,,
"H3","POL","280300","Poland","THA","Thailand","Import",5,5036.582,2907.044,4671.096,8349.688,5094.1
"H3","POL","280300","Poland","TKM","Turkmenistan","Import",5,,,,51.093,296.249
"H3","POL","280300","Poland","TUN","Tunisia","Export",6,246.829,395.987,,,
"H3","POL","280300","Poland","TUN","Tunisia","Import",5,,,,,44.17
"H3","POL","280300","Poland","TUR","Turkey","Export",6,4522.116,4089.717,7858.039,5167.229,7146.151
"H3","POL","280300","Poland","TUR","Turkey","Import",5,0.364,58.936,97.396,720.186,214.556
"H3","POL","280300","Poland","UGA","Uganda","Export",6,,,,39.759,
"H3","POL","280300","Poland","UKR","Ukraine","Export",6,72.99,25.674,257.996,59.787,373.994
"H3","POL","280300","Poland","UKR","Ukraine","Import",5,38541.916,23126.766,36041.192,31992.982,21410.304
"H3","POL","280300","Poland","UNS","Unspecified","Import",5,5.086,,17.488,1.729,84.657
"H3","POL","280300","Poland","USA","United States","Export",6,1482.09,487.856,149.232,7944.172,
"H3","POL","280300","Poland","USA","United States","Import",5,1170.106,1204.124,1202.502,835.946,765.946
"H3","POL","280300","Poland","UZB","Uzbekistan","Export",6,,,0.465,0.8,
"H3","POL","280300","Poland","VEN","Venezuela","Import",5,,,586.957,,
"H3","POL","280300","Poland","VNM","Vietnam","Export",6,12.821,,,,
"H3","POL","280300","Poland","VNM","Vietnam","Import",5,,7.74,,,
"H3","POL","280300","Poland","WLD"," World","Export",6,260122.183,181869.018,272252.849,483345.036,393010.629
"H3","POL","280300","Poland","WLD"," World","Import",5,365400.999,239121.095,385169.355,759310.072,455429.988
"H3","POL","280300","Poland","ZAF","South Africa","Export",6,23.88,,17.479,,269.353
"H3","POL","280300","Poland","ZAF","South Africa","Import",5,191.158,,1034.5,3126.663,1029.865
"H3","PRT","280300","Portugal","AGO","Angola","Export",6,0.509,,,1.725,
"H3","PRT","280300","Portugal","AUT","Austria","Import",5,543.619,,,,
"H3","PRT","280300","Portugal","BEL","Belgium","Export",6,,,,,0.021
"H3","PRT","280300","Portugal","BEL","Belgium","Import",5,,0.424,,3.797,11.358
"H3","PRT","280300","Portugal","BRA","Brazil","Export",6,0.174,0.246,0.29,0.194,0.114
"H3","PRT","280300","Portugal","BRA","Brazil","Import",5,7.094,,,,
"H3","PRT","280300","Portugal","CAN","Canada","Import",5,,,,0.55,2.692
"H3","PRT","280300","Portugal","CHE","Switzerland","Import",5,,,21.14,0.051,
"H3","PRT","280300","Portugal","CHN","China","Export",6,,,,,93.733
"H3","PRT","280300","Portugal","CHN","China","Import",5,2299.618,,6.228,2675.58,7929.056
"H3","PRT","280300","Portugal","CPV","Cape Verde","Export",6,2.131,2.718,,,4.43
"H3","PRT","280300","Portugal","CZE","Czech Republic","Export",6,0.086,,,261.766,
"H3","PRT","280300","Portugal","CZE","Czech Republic","Import",5,,,239.481,34.635,5.13
"H3","PRT","280300","Portugal","DEU","Germany","Export",6,1627.337,,42.573,,
"H3","PRT","280300","Portugal","DEU","Germany","Import",5,4773.337,2696.082,4628.034,12329.362,9968.165
"H3","PRT","280300","Portugal","DNK","Denmark","Export",6,,,,0.018,
"H3","PRT","280300","Portugal","DNK","Denmark","Import",5,33.155,10.917,0.794,1.233,
"H3","PRT","280300","Portugal","EGY","Egypt, Arab Rep.","Import",5,29.357,,,3885.295,6183.959
"H3","PRT","280300","Portugal","ESP","Spain","Export",6,89.189,90.511,81.685,22.144,35.155
"H3","PRT","280300","Portugal","ESP","Spain","Import",5,11076.974,8686.474,14133.526,20535.804,16021.494
"H3","PRT","280300","Portugal","EST","Estonia","Import",5,,,,,27.475
"H3","PRT","280300","Portugal","FRA","France","Export",6,1.485,0.722,0.135,0.149,0.884
"H3","PRT","280300","Portugal","FRA","France","Import",5,10.368,20.097,50.452,10.305,71.074
"H3","PRT","280300","Portugal","GBR","United Kingdom","Import",5,0.851,0.473,13.398,15.48,18.641
"H3","PRT","280300","Portugal","GHA","Ghana","Export",6,,0.685,,,
"H3","PRT","280300","Portugal","HKG","Hong Kong, China","Import",5,,,,0.129,0.242
"H3","PRT","280300","Portugal","HRV","Croatia","Import",5,,,,11.184,
"H3","PRT","280300","Portugal","HUN","Hungary","Import",5,,,53.588,22.104,
"H3","PRT","280300","Portugal","IND","India","Export",6,23.13,,,,
"H3","PRT","280300","Portugal","IND","India","Import",5,318.383,191.191,375.695,1135.786,2459.177
"H3","PRT","280300","Portugal","ISR","Israel","Import",5,,,0.341,,0.055
"H3","PRT","280300","Portugal","ITA","Italy","Import",5,128.883,615.716,60.154,236.212,68.041
"H3","PRT","280300","Portugal","JPN","Japan","Import",5,,,,0.113,
"H3","PRT","280300","Portugal","KEN","Kenya","Export",6,,,,0.415,2.355
"H3","PRT","280300","Portugal","LKA","Sri Lanka","Export",6,0.257,,,,
"H3","PRT","280300","Portugal","LUX","Luxembourg","Import",5,4114.167,3197.404,3078.261,2619.557,2018.531
"H3","PRT","280300","Portugal","MAR","Morocco","Import",5,,,,,7.487
"H3","PRT","280300","Portugal","MLT","Malta","Export",6,,0.338,,,
"H3","PRT","280300","Portugal","MOZ","Mozambique","Export",6,,1.782,,,
"H3","PRT","280300","Portugal","NLD","Netherlands","Import",5,1343.037,46.849,121.6,458.951,80.263
"H3","PRT","280300","Portugal","POL","Poland","Export",6,0.008,,,,
"H3","PRT","280300","Portugal","POL","Poland","Import",5,5613.968,1811.371,184.004,7644.165,3647.678
"H3","PRT","280300","Portugal","ROM","Romania","Import",5,,29.552,19.055,,
"H3","PRT","280300","Portugal","RUS","Russian Federation","Import",5,4570.941,7320.909,13838.411,8197.315,
"H3","PRT","280300","Portugal","SAU","Saudi Arabia","Import",5,9232.639,5683.477,6289.646,7053.881,10710.71
"H3","PRT","280300","Portugal","SER","Serbia, FR(Serbia/Montenegro)","Import",5,,,,,0.464
"H3","PRT","280300","Portugal","STP","Sao Tome and Principe","Export",6,,,1.84,,
"H3","PRT","280300","Portugal","SVK","Slovak Republic","Export",6,5.249,,,,
"H3","PRT","280300","Portugal","SVK","Slovak Republic","Import",5,17.167,114.971,637.489,394.185,
"H3","PRT","280300","Portugal","SWE","Sweden","Export",6,,,,,0.021
"H3","PRT","280300","Portugal","SWE","Sweden","Import",5,,,,,5.956
"H3","PRT","280300","Portugal","TUR","Turkey","Export",6,,,449.487,,
"H3","PRT","280300","Portugal","TUR","Turkey","Import",5,0.429,0.705,0.131,3.701,0.731
"H3","PRT","280300","Portugal","UKR","Ukraine","Import",5,,,,,0.071
"H3","PRT","280300","Portugal","USA","United States","Import",5,3.077,4.89,1.899,3.488,211.85
"H3","PRT","280300","Portugal","WLD"," World","Export",6,1749.554,122.045,576.01,286.411,136.712
"H3","PRT","280300","Portugal","WLD"," World","Import",5,44117.062,30431.71,43754.12,67272.863,59450.298
"H3","PRT","280300","Portugal","ZAF","South Africa","Export",6,,25.043,,,
"H3","PRT","280300","Portugal","ZAF","South Africa","Import",5,,0.209,0.792,,
"H3","PRY","280300","Paraguay","ARG","Argentina","Export",6,,,,,0.32
"H3","PRY","280300","Paraguay","ARG","Argentina","Import",5,143.18,196.17,147.833,150.04,359.733
"H3","PRY","280300","Paraguay","BRA","Brazil","Import",5,193.315,183.707,321.246,484.136,529.443
"H3","PRY","280300","Paraguay","CHN","China","Import",5,0.784,1.829,,,0.446
"H3","PRY","280300","Paraguay","ESP","Spain","Import",5,,,,,0.019
"H3","PRY","280300","Paraguay","IND","India","Import",5,4.479,4.431,1.128,4.213,1.75
"H3","PRY","280300","Paraguay","KOR","Korea, Rep.","Import",5,,,0.122,,
"H3","PRY","280300","Paraguay","USA","United States","Import",5,81.568,45.487,76.735,88.301,52.602
"H3","PRY","280300","Paraguay","VEN","Venezuela","Import",5,,,,,0.233
"H3","PRY","280300","Paraguay","WLD"," World","Export",6,,,,,0.32
"H3","PRY","280300","Paraguay","WLD"," World","Import",5,423.326,431.624,547.064,726.689,944.226
"H3","PSE","280300","Occ.Pal.Terr","CHN","China","Import",5,,,,,4.561
"H3","PSE","280300","Occ.Pal.Terr","NLD","Netherlands","Import",5,,0.261,,,
"H3","PSE","280300","Occ.Pal.Terr","TUR","Turkey","Import",5,2.816,3.024,,,9.382
"H3","PSE","280300","Occ.Pal.Terr","WLD"," World","Import",5,2.816,3.285,,,13.943
"H3","PYF","280300","French Polynesia","AUS","Australia","Import",5,,,,0.071,
"H3","PYF","280300","French Polynesia","CHN","China","Import",5,,,,1.531,
"H3","PYF","280300","French Polynesia","NLD","Netherlands","Import",5,,,0.441,0.14,
"H3","PYF","280300","French Polynesia","NZL","New Zealand","Import",5,1.53,,,,
"H3","PYF","280300","French Polynesia","USA","United States","Import",5,10.27,,10.842,,
"H3","PYF","280300","French Polynesia","WLD"," World","Import",5,11.8,,11.283,1.742,
"H3","QAT","280300","Qatar","CHN","China","Import",5,33.745,38.082,42.691,61.225,108.165
"H3","QAT","280300","Qatar","DEU","Germany","Import",5,,19.159,32.433,50.301,46.128
"H3","QAT","280300","Qatar","IND","India","Import",5,295.38,67.459,190.291,294.24,351.521
"H3","QAT","280300","Qatar","ITA","Italy","Import",5,,,,14.949,
"H3","QAT","280300","Qatar","THA","Thailand","Export",6,,22.665,,,
"H3","QAT","280300","Qatar","WLD"," World","Export",6,,22.665,,,
"H3","QAT","280300","Qatar","WLD"," World","Import",5,329.125,124.701,265.415,420.715,505.814
"H3","ROM","280300","Romania","AUT","Austria","Export",6,,,0.353,0.008,
"H3","ROM","280300","Romania","AUT","Austria","Import",5,53.759,95.766,639.754,8401.746,20879.794
"H3","ROM","280300","Romania","BEL","Belgium","Import",5,2287.503,1457.45,178.485,296.855,1037.492
"H3","ROM","280300","Romania","BGR","Bulgaria","Export",6,54.524,256.535,231.562,61.924,34.249
"H3","ROM","280300","Romania","BGR","Bulgaria","Import",5,26.283,8.087,34.581,256.65,216.666
"H3","ROM","280300","Romania","BLR","Belarus","Import",5,,153.059,317.923,54.516,
"H3","ROM","280300","Romania","CAN","Canada","Import",5,7.27,5.494,0.335,,1.337
"H3","ROM","280300","Romania","CHE","Switzerland","Import",5,1.978,,3.163,,4.874
"H3","ROM","280300","Romania","CHN","China","Export",6,,5.054,,,
"H3","ROM","280300","Romania","CHN","China","Import",5,145.867,147.726,148.102,179.164,98.619
"H3","ROM","280300","Romania","CYP","Cyprus","Import",5,,1.201,3.213,0.02,
"H3","ROM","280300","Romania","CZE","Czech Republic","Export",6,,,,192.272,12.399
"H3","ROM","280300","Romania","CZE","Czech Republic","Import",5,8216.446,3005.898,9940.386,13034.329,6050.94
"H3","ROM","280300","Romania","DEU","Germany","Export",6,0.13,30.44,0.655,473.937,154.747
"H3","ROM","280300","Romania","DEU","Germany","Import",5,11925.517,5492.504,7906.735,11948.645,16597.971
"H3","ROM","280300","Romania","DNK","Denmark","Export",6,1.179,0.362,,,
"H3","ROM","280300","Romania","EGY","Egypt, Arab Rep.","Import",5,293.913,198.962,695.169,1083.985,973.222
"H3","ROM","280300","Romania","ESP","Spain","Export",6,,,,,0.008
"H3","ROM","280300","Romania","ESP","Spain","Import",5,67.654,94.183,297.482,418.829,703.175
"H3","ROM","280300","Romania","FRA","France","Export",6,18.893,31.403,21.643,19.728,5.519
"H3","ROM","280300","Romania","FRA","France","Import",5,78.272,81.675,46.036,1590.3,40.021
"H3","ROM","280300","Romania","GBR","United Kingdom","Export",6,,,4.873,,212.631
"H3","ROM","280300","Romania","GBR","United Kingdom","Import",5,26.013,14.747,20.314,21.401,16.188
"H3","ROM","280300","Romania","GRC","Greece","Export",6,,37.992,84.351,64.747,0.929
"H3","ROM","280300","Romania","GRC","Greece","Import",5,19.008,1.543,0.028,5.705,80.969
"H3","ROM","280300","Romania","HRV","Croatia","Export",6,,0.074,0.047,0.45,0.744
"H3","ROM","280300","Romania","HRV","Croatia","Import",5,,,2.965,1.829,0.691
"H3","ROM","280300","Romania","HUN","Hungary","Export",6,0.089,,18.903,914.061,172.642
"H3","ROM","280300","Romania","HUN","Hungary","Import",5,36898.684,45914.846,53859.378,63005.162,52427.237
"H3","ROM","280300","Romania","IND","India","Import",5,168.683,124.87,177.216,193.169,207.171
"H3","ROM","280300","Romania","IRN","Iran, Islamic Rep.","Import",5,152.476,,,36.592,82.89
"H3","ROM","280300","Romania","ITA","Italy","Export",6,,2.418,0.013,,
"H3","ROM","280300","Romania","ITA","Italy","Import",5,13848.181,8248.689,16651.836,37616.724,41168.072
"H3","ROM","280300","Romania","JPN","Japan","Import",5,,142.336,,6.04,49.098
"H3","ROM","280300","Romania","KOR","Korea, Rep.","Import",5,1.45,,,,2.835
"H3","ROM","280300","Romania","LTU","Lithuania","Import",5,0.126,,,367.998,455.408
"H3","ROM","280300","Romania","LUX","Luxembourg","Import",5,15.311,0.013,3.523,54.529,6.518
"H3","ROM","280300","Romania","MDA","Moldova","Export",6,8.757,7.153,11.239,9.5,14.104
"H3","ROM","280300","Romania","MEX","Mexico","Import",5,,,,0.455,0.072
"H3","ROM","280300","Romania","NLD","Netherlands","Import",5,360.954,741.964,3973.347,5183.906,4382.162
"H3","ROM","280300","Romania","NOR","Norway","Import",5,6.77,,,,
"H3","ROM","280300","Romania","POL","Poland","Export",6,12.103,1.26,0.014,,
"H3","ROM","280300","Romania","POL","Poland","Import",5,142.928,208.4,1022.448,3277.341,4514.021
"H3","ROM","280300","Romania","PRT","Portugal","Export",6,,29.384,20.059,0.089,
"H3","ROM","280300","Romania","RUS","Russian Federation","Export",6,,,,3.203,
"H3","ROM","280300","Romania","RUS","Russian Federation","Import",5,14572.525,7981.734,11508.168,6636.924,
"H3","ROM","280300","Romania","SER","Serbia, FR(Serbia/Montenegro)","Export",6,1040.239,721.793,1185.88,3155.036,
"H3","ROM","280300","Romania","SER","Serbia, FR(Serbia/Montenegro)","Import",5,,,,24.295,0.764
"H3","ROM","280300","Romania","SGP","Singapore","Export",6,2.218,,,,
"H3","ROM","280300","Romania","SVK","Slovak Republic","Export",6,18.899,0.112,,24.097,0.08
"H3","ROM","280300","Romania","SVK","Slovak Republic","Import",5,5686.436,1474.495,139.121,3.203,650.109
"H3","ROM","280300","Romania","SVN","Slovenia","Import",5,,,,,24.334
"H3","ROM","280300","Romania","SWE","Sweden","Import",5,2.946,0.016,,,1.851
"H3","ROM","280300","Romania","TUR","Turkey","Export",6,14.921,,0.046,190.005,
"H3","ROM","280300","Romania","TUR","Turkey","Import",5,3.479,4.339,39.428,950.297,0.145
"H3","ROM","280300","Romania","UKR","Ukraine","Export",6,0.7,,,,
"H3","ROM","280300","Romania","UNS","Unspecified","Import",5,,15.051,,,
"H3","ROM","280300","Romania","USA","United States","Export",6,,,,,13.811
"H3","ROM","280300","Romania","USA","United States","Import",5,0.986,0.552,,0.124,1.572
"H3","ROM","280300","Romania","WLD"," World","Export",6,1172.653,1123.979,1579.638,5109.056,621.862
"H3","ROM","280300","Romania","WLD"," World","Import",5,95011.417,75615.599,107609.136,154650.733,150676.218
"H3","ROM","280300","Romania","ZAF","South Africa","Import",5,,,0,,
"H3","RUS","280300","Russian Federation","ARE","United Arab Emirates","Export",6,,11.484,69.752,,
"H3","RUS","280300","Russian Federation","ARE","United Arab Emirates","Import",5,,,29.157,,
"H3","RUS","280300","Russian Federation","ARG","Argentina","Export",6,56.362,10.722,22.729,,
"H3","RUS","280300","Russian Federation","ARM","Armenia","Export",6,7.426,23.046,68.235,,
"H3","RUS","280300","Russian Federation","AUS","Australia","Export",6,1.86,,0.363,,
"H3","RUS","280300","Russian Federation","AUS","Australia","Import",5,,,0.618,,
"H3","RUS","280300","Russian Federation","AUT","Austria","Export",6,198.06,,148.794,,
"H3","RUS","280300","Russian Federation","AZE","Azerbaijan","Export",6,45.67,51.93,65.7,,
"H3","RUS","280300","Russian Federation","BEL","Belgium","Export",6,772.883,58.818,77.095,,
"H3","RUS","280300","Russian Federation","BEL","Belgium","Import",5,20.942,59.815,7.341,,
"H3","RUS","280300","Russian Federation","BGD","Bangladesh","Export",6,,,96.411,,
"H3","RUS","280300","Russian Federation","BGR","Bulgaria","Export",6,1380.519,681.525,692.873,,
"H3","RUS","280300","Russian Federation","BLR","Belarus","Export",6,25661.881,17372.057,23239.979,,
"H3","RUS","280300","Russian Federation","BLR","Belarus","Import",5,65.988,310.122,209.212,,
"H3","RUS","280300","Russian Federation","BRA","Brazil","Export",6,125.372,270.399,765.874,,
"H3","RUS","280300","Russian Federation","CAN","Canada","Export",6,5555.114,2919.706,9748.629,,
"H3","RUS","280300","Russian Federation","CAN","Canada","Import",5,53.035,20.077,1.44,,
"H3","RUS","280300","Russian Federation","CHE","Switzerland","Export",6,,94.774,,,
"H3","RUS","280300","Russian Federation","CHE","Switzerland","Import",5,0.08,8.185,11.181,,
"H3","RUS","280300","Russian Federation","CHN","China","Export",6,371.001,764.803,1893.538,,
"H3","RUS","280300","Russian Federation","CHN","China","Import",5,441.29,891.18,826.554,,
"H3","RUS","280300","Russian Federation","COL","Colombia","Export",6,345.787,139.742,60.632,,
"H3","RUS","280300","Russian Federation","CRI","Costa Rica","Export",6,27.805,750.916,368.733,,
"H3","RUS","280300","Russian Federation","CYP","Cyprus","Export",6,,1,,,
"H3","RUS","280300","Russian Federation","CZE","Czech Republic","Export",6,38325.12,24491.549,36405.282,,
"H3","RUS","280300","Russian Federation","CZE","Czech Republic","Import",5,875.423,756.186,900.373,,
"H3","RUS","280300","Russian Federation","DEU","Germany","Export",6,66505.403,44489.986,75410.358,,
"H3","RUS","280300","Russian Federation","DEU","Germany","Import",5,2226.067,2254.107,3567.765,,
"H3","RUS","280300","Russian Federation","DNK","Denmark","Import",5,,20.289,57.297,,
"H3","RUS","280300","Russian Federation","DZA","Algeria","Export",6,355.189,496.976,910.638,,
"H3","RUS","280300","Russian Federation","ECU","Ecuador","Export",6,3877.305,2048.687,3777.029,,
"H3","RUS","280300","Russian Federation","EGY","Egypt, Arab Rep.","Export",6,141.467,82.427,658.66,,
"H3","RUS","280300","Russian Federation","EGY","Egypt, Arab Rep.","Import",5,,15.6,,,
"H3","RUS","280300","Russian Federation","ESP","Spain","Export",6,32650.15,12236.533,23594.865,,
"H3","RUS","280300","Russian Federation","EST","Estonia","Export",6,247.422,81.319,94.189,,
"H3","RUS","280300","Russian Federation","FIN","Finland","Export",6,7380.376,4188.2,6777.033,,
"H3","RUS","280300","Russian Federation","FIN","Finland","Import",5,0,,,,
"H3","RUS","280300","Russian Federation","FRA","France","Export",6,2270.276,523.679,1161.037,,
"H3","RUS","280300","Russian Federation","FRA","France","Import",5,2.956,0.27,4.905,,
"H3","RUS","280300","Russian Federation","GBR","United Kingdom","Export",6,6883.213,1838.458,2318.2,,
"H3","RUS","280300","Russian Federation","GBR","United Kingdom","Import",5,4.231,16.253,7.757,,
"H3","RUS","280300","Russian Federation","GEO","Georgia","Export",6,7.004,9.194,9.188,,
"H3","RUS","280300","Russian Federation","GRC","Greece","Export",6,761.791,1201.772,3448.258,,
"H3","RUS","280300","Russian Federation","HRV","Croatia","Export",6,65.846,,,,
"H3","RUS","280300","Russian Federation","HUN","Hungary","Export",6,79502.871,58407.062,82242.045,,
"H3","RUS","280300","Russian Federation","HUN","Hungary","Import",5,611.557,166.801,6.1,,
"H3","RUS","280300","Russian Federation","IDN","Indonesia","Export",6,,,19.309,,
"H3","RUS","280300","Russian Federation","IND","India","Export",6,3860.047,14707.073,32731.114,,
"H3","RUS","280300","Russian Federation","IND","India","Import",5,2.593,205.718,293.753,,
"H3","RUS","280300","Russian Federation","ISR","Israel","Export",6,9412.139,4531.697,5341.489,,
"H3","RUS","280300","Russian Federation","ISR","Israel","Import",5,,,0.202,,
"H3","RUS","280300","Russian Federation","ITA","Italy","Export",6,4506.965,1824.36,2649.693,,
"H3","RUS","280300","Russian Federation","ITA","Italy","Import",5,383.893,215.221,152.153,,
"H3","RUS","280300","Russian Federation","JPN","Japan","Export",6,6.79,36.904,,,
"H3","RUS","280300","Russian Federation","JPN","Japan","Import",5,113.795,234.234,185.673,,
"H3","RUS","280300","Russian Federation","KAZ","Kazakhstan","Export",6,512.39,504.098,630.767,,
"H3","RUS","280300","Russian Federation","KAZ","Kazakhstan","Import",5,11.858,,,,
"H3","RUS","280300","Russian Federation","KEN","Kenya","Export",6,,12.771,,,
"H3","RUS","280300","Russian Federation","KGZ","Kyrgyz Republic","Export",6,8.738,1.846,0.796,,
"H3","RUS","280300","Russian Federation","KOR","Korea, Rep.","Export",6,243.146,128.675,164.286,,
"H3","RUS","280300","Russian Federation","KOR","Korea, Rep.","Import",5,32.684,28.869,26.212,,
"H3","RUS","280300","Russian Federation","LKA","Sri Lanka","Export",6,4757.863,3008.328,9052.402,,
"H3","RUS","280300","Russian Federation","LTU","Lithuania","Export",6,8565.744,1960.114,988.594,,
"H3","RUS","280300","Russian Federation","LTU","Lithuania","Import",5,,12.75,,,
"H3","RUS","280300","Russian Federation","LVA","Latvia","Export",6,18.287,41.393,77.31,,
"H3","RUS","280300","Russian Federation","MAR","Morocco","Export",6,19.413,24.887,210.152,,
"H3","RUS","280300","Russian Federation","MDA","Moldova","Export",6,0.547,0.27,0.33,,
"H3","RUS","280300","Russian Federation","MEX","Mexico","Export",6,4788.12,536.66,71.136,,
"H3","RUS","280300","Russian Federation","MYS","Malaysia","Export",6,1031.007,1160.947,3988.468,,
"H3","RUS","280300","Russian Federation","NLD","Netherlands","Export",6,12497.36,4272.914,4104.644,,
"H3","RUS","280300","Russian Federation","NLD","Netherlands","Import",5,1240.197,16.826,357.32,,
"H3","RUS","280300","Russian Federation","OAS","Other Asia, nes","Export",6,298.916,108.53,244.274,,
"H3","RUS","280300","Russian Federation","OMN","Oman","Export",6,,,287.225,,
"H3","RUS","280300","Russian Federation","PAK","Pakistan","Export",6,11343.235,804.03,790.993,,
"H3","RUS","280300","Russian Federation","PER","Peru","Export",6,216.382,318.578,,,
"H3","RUS","280300","Russian Federation","PHL","Philippines","Export",6,,350.713,705.97,,
"H3","RUS","280300","Russian Federation","POL","Poland","Export",6,203061.718,112232.73,177420.27,,
"H3","RUS","280300","Russian Federation","POL","Poland","Import",5,493.46,380.284,0,,
"H3","RUS","280300","Russian Federation","PRT","Portugal","Export",6,4377.51,5499.617,7343.304,,
"H3","RUS","280300","Russian Federation","ROM","Romania","Export",6,14542.694,10021.264,10571.979,,
"H3","RUS","280300","Russian Federation","ROM","Romania","Import",5,,,16.155,,
"H3","RUS","280300","Russian Federation","SAU","Saudi Arabia","Export",6,143.092,219.775,418.778,,
"H3","RUS","280300","Russian Federation","SER","Serbia, FR(Serbia/Montenegro)","Export",6,22086.584,15302.444,21806.66,,
"H3","RUS","280300","Russian Federation","SGP","Singapore","Import",5,7.048,,0.715,,
"H3","RUS","280300","Russian Federation","SVK","Slovak Republic","Export",6,19992.775,8092.517,10721.858,,
"H3","RUS","280300","Russian Federation","SVN","Slovenia","Export",6,136.389,574.818,582.71,,
"H3","RUS","280300","Russian Federation","SVN","Slovenia","Import",5,,,0.253,,
"H3","RUS","280300","Russian Federation","SWE","Sweden","Export",6,418.079,15.578,17.275,,
"H3","RUS","280300","Russian Federation","SWE","Sweden","Import",5,221.055,122.682,91.477,,
"H3","RUS","280300","Russian Federation","THA","Thailand","Export",6,162.062,224.084,1092.036,,
"H3","RUS","280300","Russian Federation","TJK","Tajikistan","Export",6,0.439,0.342,1.331,,
"H3","RUS","280300","Russian Federation","TKM","Turkmenistan","Import",5,163.56,27.78,199.591,,
"H3","RUS","280300","Russian Federation","TUN","Tunisia","Export",6,,669.689,903.346,,
"H3","RUS","280300","Russian Federation","TUR","Turkey","Export",6,55470.668,46845.074,63330.402,,
"H3","RUS","280300","Russian Federation","TUR","Turkey","Import",5,12.008,8.923,15.788,,
"H3","RUS","280300","Russian Federation","UKR","Ukraine","Export",6,2777.809,1634.372,2218.65,,
"H3","RUS","280300","Russian Federation","UKR","Ukraine","Import",5,338.757,,,,
"H3","RUS","280300","Russian Federation","UNS","Unspecified","Import",5,,,0.036,,
"H3","RUS","280300","Russian Federation","USA","United States","Export",6,25041.769,24445.286,30528.156,,
"H3","RUS","280300","Russian Federation","USA","United States","Import",5,442.261,316.238,274.232,,
"H3","RUS","280300","Russian Federation","UZB","Uzbekistan","Export",6,2660.845,2693.737,3637.155,,
"H3","RUS","280300","Russian Federation","VNM","Vietnam","Export",6,2437.442,1836.965,5740.243,,
"H3","RUS","280300","Russian Federation","WLD"," World","Export",6,688978.933,438106.355,677813.814,,
"H3","RUS","280300","Russian Federation","WLD"," World","Import",5,7764.737,6088.409,7243.258,,
"H3","RUS","280300","Russian Federation","ZAF","South Africa","Export",6,58.798,216.51,5294.592,,
"H3","RWA","280300","Rwanda","ARE","United Arab Emirates","Import",5,0.049,,,,
"H3","RWA","280300","Rwanda","BEL","Belgium","Import",5,,1.731,,,
"H3","RWA","280300","Rwanda","CHN","China","Import",5,8.583,35.591,37.373,3.233,
"H3","RWA","280300","Rwanda","DEU","Germany","Import",5,9.714,26.629,,29.429,
"H3","RWA","280300","Rwanda","IND","India","Import",5,,0.07,,,
"H3","RWA","280300","Rwanda","JOR","Jordan","Import",5,,,0.84,,
"H3","RWA","280300","Rwanda","KEN","Kenya","Import",5,0.325,0.574,11.038,9.959,
"H3","RWA","280300","Rwanda","KOR","Korea, Rep.","Import",5,2.006,1.369,,,
"H3","RWA","280300","Rwanda","SAU","Saudi Arabia","Import",5,,1.42,,,
"H3","RWA","280300","Rwanda","TUR","Turkey","Import",5,1.247,,1.101,,
"H3","RWA","280300","Rwanda","UGA","Uganda","Import",5,0.325,,,,
"H3","RWA","280300","Rwanda","WLD"," World","Export",6,,0,11.095,0,
"H3","RWA","280300","Rwanda","WLD"," World","Import",5,22.249,67.383,50.352,42.621,
"H3","RWA","280300","Rwanda","ZAR","Congo, Dem. Rep.","Export",6,,0,11.095,0,
"H3","SAU","280300","Saudi Arabia","ALB","Albania","Import",5,,,,,40.923
"H3","SAU","280300","Saudi Arabia","ARE","United Arab Emirates","Export",6,277.38,236.309,977.726,1929.267,1302.439
"H3","SAU","280300","Saudi Arabia","ARE","United Arab Emirates","Import",5,5317.055,3055.774,2543.555,3976.064,1719.754
"H3","SAU","280300","Saudi Arabia","BEL","Belgium","Export",6,,,,163.8,
"H3","SAU","280300","Saudi Arabia","BEL","Belgium","Import",5,36.75,33.669,28.816,69.854,32
"H3","SAU","280300","Saudi Arabia","BHR","Bahrain","Export",6,0,,0,0,
"H3","SAU","280300","Saudi Arabia","BRA","Brazil","Export",6,,13.332,433.957,372.619,632.203
"H3","SAU","280300","Saudi Arabia","BRA","Brazil","Import",5,128.578,,,,
"H3","SAU","280300","Saudi Arabia","CAN","Canada","Import",5,,43.786,,314.657,
"H3","SAU","280300","Saudi Arabia","CHN","China","Export",6,,,,,249.442
"H3","SAU","280300","Saudi Arabia","CHN","China","Import",5,1288.425,870.682,606.619,1434.599,23889.457
"H3","SAU","280300","Saudi Arabia","COL","Colombia","Export",6,19.554,,,,
"H3","SAU","280300","Saudi Arabia","DEU","Germany","Export",6,,,,169.539,
"H3","SAU","280300","Saudi Arabia","DEU","Germany","Import",5,5299.902,5606.999,17728.637,13603.45,15787.749
"H3","SAU","280300","Saudi Arabia","EGY","Egypt, Arab Rep.","Export",6,,,,,0
"H3","SAU","280300","Saudi Arabia","EGY","Egypt, Arab Rep.","Import",5,,13.166,124.666,2379.747,3161.454
"H3","SAU","280300","Saudi Arabia","ESP","Spain","Export",6,1272.095,459.51,1426.576,807.919,432.801
"H3","SAU","280300","Saudi Arabia","ESP","Spain","Import",5,,,0.727,,4.8
"H3","SAU","280300","Saudi Arabia","FRA","France","Import",5,14.116,2.745,14.694,20.552,1.745
"H3","SAU","280300","Saudi Arabia","GBR","United Kingdom","Import",5,82.788,115.865,69.993,38.288,296.437
"H3","SAU","280300","Saudi Arabia","GRC","Greece","Export",6,,13.332,,,
"H3","SAU","280300","Saudi Arabia","HUN","Hungary","Import",5,4720.745,1879.501,3932.362,2142.171,3925.594
"H3","SAU","280300","Saudi Arabia","IND","India","Export",6,5199.87,1839.595,8233.182,12168.109,10153.528
"H3","SAU","280300","Saudi Arabia","IND","India","Import",5,2980.696,2338.822,10612.481,16993.421,11687.876
"H3","SAU","280300","Saudi Arabia","ITA","Italy","Export",6,1773.601,753.036,1349.42,1870.146,867.058
"H3","SAU","280300","Saudi Arabia","ITA","Italy","Import",5,1511.443,1005.021,4288.327,3708.15,3472.071
"H3","SAU","280300","Saudi Arabia","JOR","Jordan","Import",5,,,,,8.533
"H3","SAU","280300","Saudi Arabia","JPN","Japan","Import",5,7.976,,6.3,9.38,6.192
"H3","SAU","280300","Saudi Arabia","KEN","Kenya","Export",6,4.417,,,,
"H3","SAU","280300","Saudi Arabia","KOR","Korea, Rep.","Import",5,433.49,701.717,720.221,197.073,419.223
"H3","SAU","280300","Saudi Arabia","KWT","Kuwait","Export",6,0,,0,0,
"H3","SAU","280300","Saudi Arabia","LKA","Sri Lanka","Export",6,78.214,147.097,241.754,,449.989
"H3","SAU","280300","Saudi Arabia","LVA","Latvia","Export",6,,,,,4.264
"H3","SAU","280300","Saudi Arabia","MYS","Malaysia","Export",6,216.371,392.627,2432.201,2071.126,909.909
"H3","SAU","280300","Saudi Arabia","MYS","Malaysia","Import",5,,,7.06,,
"H3","SAU","280300","Saudi Arabia","NLD","Netherlands","Export",6,,,97.768,,
"H3","SAU","280300","Saudi Arabia","NLD","Netherlands","Import",5,8564.573,4090.182,421.461,147.68,231.723
"H3","SAU","280300","Saudi Arabia","NOR","Norway","Import",5,,,,,2.974
"H3","SAU","280300","Saudi Arabia","POL","Poland","Export",6,,,,514.393,
"H3","SAU","280300","Saudi Arabia","PRT","Portugal","Export",6,8212.068,4546.657,5284.138,4304.236,7617.461
"H3","SAU","280300","Saudi Arabia","RUS","Russian Federation","Import",5,893.055,899.982,2527.814,2306.871,107.084
"H3","SAU","280300","Saudi Arabia","SGP","Singapore","Import",5,,,,172.129,275.981
"H3","SAU","280300","Saudi Arabia","SLV","El Salvador","Export",6,,13.799,638.159,,
"H3","SAU","280300","Saudi Arabia","SWE","Sweden","Import",5,3041.803,3454.488,3813.246,8613.264,668.635
"H3","SAU","280300","Saudi Arabia","THA","Thailand","Export",6,,103.99,437.734,,
"H3","SAU","280300","Saudi Arabia","THA","Thailand","Import",5,,1.25,,,
"H3","SAU","280300","Saudi Arabia","TUR","Turkey","Export",6,313.304,727.927,6186.937,6593.219,4612.489
"H3","SAU","280300","Saudi Arabia","TUR","Turkey","Import",5,,7.566,,,
"H3","SAU","280300","Saudi Arabia","UKR","Ukraine","Import",5,,,15.734,,
"H3","SAU","280300","Saudi Arabia","UNS","Unspecified","Import",5,2.634,,,41.875,26.928
"H3","SAU","280300","Saudi Arabia","USA","United States","Export",6,449.733,79.325,336.411,,
"H3","SAU","280300","Saudi Arabia","USA","United States","Import",5,267.255,209.215,201.097,1017.986,1102.139
"H3","SAU","280300","Saudi Arabia","VNM","Vietnam","Export",6,,,5.628,,
"H3","SAU","280300","Saudi Arabia","WLD"," World","Export",6,17911.708,9326.536,28081.592,30964.374,27231.582
"H3","SAU","280300","Saudi Arabia","WLD"," World","Import",5,34619.593,24330.43,47727.832,57187.213,66869.272
"H3","SAU","280300","Saudi Arabia","YEM","Yemen","Export",6,,,0,,
"H3","SAU","280300","Saudi Arabia","ZAF","South Africa","Export",6,95.102,,,,
"H3","SAU","280300","Saudi Arabia","ZAF","South Africa","Import",5,28.31,,64.022,,
"H3","SEN","280300","Senegal","AUS","Australia","Import",5,,,,0.143,0.402
"H3","SEN","280300","Senegal","BEL","Belgium","Import",5,3.514,9.163,37.415,28.795,36.718
"H3","SEN","280300","Senegal","CHN","China","Import",5,35.746,88.479,48.417,45.999,115.346
"H3","SEN","280300","Senegal","DEU","Germany","Import",5,,1.671,,,0.427
"H3","SEN","280300","Senegal","ESP","Spain","Import",5,,1.986,,,
"H3","SEN","280300","Senegal","FRA","France","Import",5,1.793,1.138,2.687,19.132,3.894
"H3","SEN","280300","Senegal","IND","India","Import",5,25.555,27.875,3.248,33.472,39.826
"H3","SEN","280300","Senegal","LBN","Lebanon","Import",5,,,,3.976,18.969
"H3","SEN","280300","Senegal","MAR","Morocco","Import",5,1.009,,0.399,,
"H3","SEN","280300","Senegal","MRT","Mauritania","Export",6,,,1.055,2.245,
"H3","SEN","280300","Senegal","NLD","Netherlands","Import",5,0.287,0.389,,,3.527
"H3","SEN","280300","Senegal","TUR","Turkey","Import",5,11.975,,,,
"H3","SEN","280300","Senegal","WLD"," World","Export",6,,,1.055,2.245,
"H3","SEN","280300","Senegal","WLD"," World","Import",5,79.878,130.701,92.167,131.516,219.11
"H3","SER","280300","Serbia, FR(Serbia/Montenegro)","ALB","Albania","Export",6,,,19.944,,
"H3","SER","280300","Serbia, FR(Serbia/Montenegro)","AUT","Austria","Export",6,,,,53.315,
"H3","SER","280300","Serbia, FR(Serbia/Montenegro)","AUT","Austria","Import",5,5.938,0.001,,11.106,
"H3","SER","280300","Serbia, FR(Serbia/Montenegro)","BEL","Belgium","Export",6,,,,,45.266
"H3","SER","280300","Serbia, FR(Serbia/Montenegro)","BEL","Belgium","Import",5,0.221,10.874,,0.152,2.586
"H3","SER","280300","Serbia, FR(Serbia/Montenegro)","BGR","Bulgaria","Export",6,,4.687,33.22,113.792,54.557
"H3","SER","280300","Serbia, FR(Serbia/Montenegro)","BGR","Bulgaria","Import",5,,0.65,17.211,255.024,1.759
"H3","SER","280300","Serbia, FR(Serbia/Montenegro)","BIH","Bosnia and Herzegovina","Export",6,16.48,24.637,26.173,26.528,26.955
"H3","SER","280300","Serbia, FR(Serbia/Montenegro)","BIH","Bosnia and Herzegovina","Import",5,,,,,0.011
"H3","SER","280300","Serbia, FR(Serbia/Montenegro)","BLR","Belarus","Import",5,,111.989,56.361,651.44,56.928
"H3","SER","280300","Serbia, FR(Serbia/Montenegro)","CHE","Switzerland","Import",5,,,,0.249,
"H3","SER","280300","Serbia, FR(Serbia/Montenegro)","CHN","China","Export",6,,,,,598.357
"H3","SER","280300","Serbia, FR(Serbia/Montenegro)","CHN","China","Import",5,35.898,40.986,55.131,18797.414,14155.393
"H3","SER","280300","Serbia, FR(Serbia/Montenegro)","CIV","Cote d'Ivoire","Import",5,,,,15.543,16.286
"H3","SER","280300","Serbia, FR(Serbia/Montenegro)","CZE","Czech Republic","Export",6,,,,783.377,24.487
"H3","SER","280300","Serbia, FR(Serbia/Montenegro)","CZE","Czech Republic","Import",5,960.583,2822.188,3859.961,3488.097,3231.614
"H3","SER","280300","Serbia, FR(Serbia/Montenegro)","DEU","Germany","Export",6,0.252,,,233.235,66.747
"H3","SER","280300","Serbia, FR(Serbia/Montenegro)","DEU","Germany","Import",5,767.779,136.058,213.565,204.862,797.081
"H3","SER","280300","Serbia, FR(Serbia/Montenegro)","EGY","Egypt, Arab Rep.","Import",5,,,,48.413,544.395
"H3","SER","280300","Serbia, FR(Serbia/Montenegro)","ESP","Spain","Export",6,,,,118.116,
"H3","SER","280300","Serbia, FR(Serbia/Montenegro)","ESP","Spain","Import",5,15.142,15.452,24.119,0.007,0.393
"H3","SER","280300","Serbia, FR(Serbia/Montenegro)","FRA","France","Export",6,0.101,,,,0.88
"H3","SER","280300","Serbia, FR(Serbia/Montenegro)","FRA","France","Import",5,8.845,,0.624,55.586,409.091
"H3","SER","280300","Serbia, FR(Serbia/Montenegro)","GBR","United Kingdom","Export",6,61.206,0.013,4.074,0.819,
"H3","SER","280300","Serbia, FR(Serbia/Montenegro)","GBR","United Kingdom","Import",5,0.023,,0.487,2.594,
"H3","SER","280300","Serbia, FR(Serbia/Montenegro)","GRC","Greece","Export",6,154.417,123.451,21.032,255.509,91.885
"H3","SER","280300","Serbia, FR(Serbia/Montenegro)","HRV","Croatia","Export",6,28.297,23.822,33.241,150.258,6.267
"H3","SER","280300","Serbia, FR(Serbia/Montenegro)","HRV","Croatia","Import",5,14.353,30.798,15.139,,
"H3","SER","280300","Serbia, FR(Serbia/Montenegro)","HUN","Hungary","Export",6,73.799,,20.473,546.853,
"H3","SER","280300","Serbia, FR(Serbia/Montenegro)","HUN","Hungary","Import",5,2050.1,41.442,2512.788,6119.775,6641.176
"H3","SER","280300","Serbia, FR(Serbia/Montenegro)","IND","India","Export",6,,,,,30.529
"H3","SER","280300","Serbia, FR(Serbia/Montenegro)","IND","India","Import",5,,,,0.05,3.552
"H3","SER","280300","Serbia, FR(Serbia/Montenegro)","ITA","Italy","Export",6,,,0.01,692.272,
"H3","SER","280300","Serbia, FR(Serbia/Montenegro)","ITA","Italy","Import",5,327.303,300.368,380.198,647.131,1948.062
"H3","SER","280300","Serbia, FR(Serbia/Montenegro)","KOR","Korea, Rep.","Export",6,,,,,1051.102
"H3","SER","280300","Serbia, FR(Serbia/Montenegro)","KOR","Korea, Rep.","Import",5,,,1.797,3.182,6.546
"H3","SER","280300","Serbia, FR(Serbia/Montenegro)","LTU","Lithuania","Export",6,,,,,285.703
"H3","SER","280300","Serbia, FR(Serbia/Montenegro)","LUX","Luxembourg","Export",6,,,,,11.015
"H3","SER","280300","Serbia, FR(Serbia/Montenegro)","MKD","North Macedonia","Export",6,4.706,2.187,17.202,,0.041
"H3","SER","280300","Serbia, FR(Serbia/Montenegro)","MNT","Montenegro","Export",6,0.539,,0.183,,0.098
"H3","SER","280300","Serbia, FR(Serbia/Montenegro)","NLD","Netherlands","Import",5,1.106,0.005,4.615,0.207,3.756
"H3","SER","280300","Serbia, FR(Serbia/Montenegro)","OAS","Other Asia, nes","Import",5,,,,,4.833
"H3","SER","280300","Serbia, FR(Serbia/Montenegro)","POL","Poland","Export",6,,12.721,,,167.958
"H3","SER","280300","Serbia, FR(Serbia/Montenegro)","POL","Poland","Import",5,1860.848,1238.824,293.849,3683.239,679.446
"H3","SER","280300","Serbia, FR(Serbia/Montenegro)","ROM","Romania","Export",6,,,,23.604,0.595
"H3","SER","280300","Serbia, FR(Serbia/Montenegro)","RUS","Russian Federation","Export",6,,,,382.39,166.49
"H3","SER","280300","Serbia, FR(Serbia/Montenegro)","RUS","Russian Federation","Import",5,35949.712,24723.581,37631.742,32961.556,36670.133
"H3","SER","280300","Serbia, FR(Serbia/Montenegro)","SGP","Singapore","Import",5,,,,0.91,
"H3","SER","280300","Serbia, FR(Serbia/Montenegro)","SVK","Slovak Republic","Import",5,43.989,,,,
"H3","SER","280300","Serbia, FR(Serbia/Montenegro)","SVN","Slovenia","Export",6,,,2.085,212.76,
"H3","SER","280300","Serbia, FR(Serbia/Montenegro)","SVN","Slovenia","Import",5,23.742,5.328,66.92,37.936,75.184
"H3","SER","280300","Serbia, FR(Serbia/Montenegro)","SWE","Sweden","Import",5,,,5.472,65.722,
"H3","SER","280300","Serbia, FR(Serbia/Montenegro)","THA","Thailand","Import",5,,,,,54.943
"H3","SER","280300","Serbia, FR(Serbia/Montenegro)","TUR","Turkey","Export",6,,,32.936,345.051,239.985
"H3","SER","280300","Serbia, FR(Serbia/Montenegro)","TUR","Turkey","Import",5,0.59,1.135,0.159,,32.5
"H3","SER","280300","Serbia, FR(Serbia/Montenegro)","UKR","Ukraine","Import",5,678.078,360.62,467.003,105.951,
"H3","SER","280300","Serbia, FR(Serbia/Montenegro)","USA","United States","Export",6,,,,,61.272
"H3","SER","280300","Serbia, FR(Serbia/Montenegro)","USA","United States","Import",5,139.596,125.337,182.142,423.66,331.746
"H3","SER","280300","Serbia, FR(Serbia/Montenegro)","UZB","Uzbekistan","Export",6,,,,3.571,16.081
"H3","SER","280300","Serbia, FR(Serbia/Montenegro)","WLD"," World","Export",6,339.797,191.518,210.573,3941.45,2946.27
"H3","SER","280300","Serbia, FR(Serbia/Montenegro)","WLD"," World","Import",5,42883.846,29965.636,45789.283,67579.806,65667.414
"H3","SGP","280300","Singapore","ARE","United Arab Emirates","Export",6,0.073,,,0.601,0.217
"H3","SGP","280300","Singapore","ARE","United Arab Emirates","Import",5,10.539,,,,
"H3","SGP","280300","Singapore","ARM","Armenia","Export",6,,0.001,,,
"H3","SGP","280300","Singapore","AUS","Australia","Export",6,,5.531,1.017,41.823,34.556
"H3","SGP","280300","Singapore","AUS","Australia","Import",5,,0.651,10.547,,0.47
"H3","SGP","280300","Singapore","AUT","Austria","Import",5,,42.655,91.402,51.998,66.393
"H3","SGP","280300","Singapore","BEL","Belgium","Export",6,1790.784,985.01,2023.164,2039.103,4170.808
"H3","SGP","280300","Singapore","BEL","Belgium","Import",5,1360.111,703.306,840.333,2155.379,1.798
"H3","SGP","280300","Singapore","BGD","Bangladesh","Export",6,306.089,183.322,246.728,166.718,
"H3","SGP","280300","Singapore","BHR","Bahrain","Export",6,0.017,,,,
"H3","SGP","280300","Singapore","BRA","Brazil","Export",6,503.422,367.396,682.73,730.697,425.35
"H3","SGP","280300","Singapore","CAN","Canada","Export",6,,,0.753,,
"H3","SGP","280300","Singapore","CAN","Canada","Import",5,1414.402,926.657,1951.969,1976.072,872.408
"H3","SGP","280300","Singapore","CHE","Switzerland","Export",6,0.002,,38.747,218.336,2.984
"H3","SGP","280300","Singapore","CHE","Switzerland","Import",5,,,58.202,,
"H3","SGP","280300","Singapore","CHN","China","Export",6,8465.736,5181.788,5997.538,8396.507,4551.987
"H3","SGP","280300","Singapore","CHN","China","Import",5,1759.23,10340.346,2287.038,1871.381,1632.099
"H3","SGP","280300","Singapore","CRI","Costa Rica","Export",6,73.54,,,,37.98
"H3","SGP","280300","Singapore","CZE","Czech Republic","Export",6,,,,,3.686
"H3","SGP","280300","Singapore","CZE","Czech Republic","Import",5,,24.567,,,13.962
"H3","SGP","280300","Singapore","DEU","Germany","Export",6,340.993,362.436,502.617,524.386,374.145
"H3","SGP","280300","Singapore","DEU","Germany","Import",5,282.455,194.913,307.183,275.875,182.838
"H3","SGP","280300","Singapore","EGY","Egypt, Arab Rep.","Export",6,336.837,346.265,442.22,417.751,255.767
"H3","SGP","280300","Singapore","ESP","Spain","Export",6,27.767,,,57.782,
"H3","SGP","280300","Singapore","ESP","Spain","Import",5,,,2.739,,
"H3","SGP","280300","Singapore","EST","Estonia","Import",5,0.095,,,,
"H3","SGP","280300","Singapore","FIN","Finland","Export",6,22.806,13.987,58.298,96.54,41.716
"H3","SGP","280300","Singapore","FJI","Fiji","Export",6,0.025,,,,
"H3","SGP","280300","Singapore","FRA","France","Export",6,,1.017,1097.349,0.039,3.93
"H3","SGP","280300","Singapore","FRA","France","Import",5,8.425,151.309,54.113,0.123,0.01
"H3","SGP","280300","Singapore","GAB","Gabon","Import",5,,,,36.852,
"H3","SGP","280300","Singapore","GBR","United Kingdom","Export",6,42.638,11.468,46.003,26.613,22.958
"H3","SGP","280300","Singapore","GBR","United Kingdom","Import",5,23.107,0.393,5.755,15.228,27.215
"H3","SGP","280300","Singapore","GEO","Georgia","Import",5,,0.857,,,
"H3","SGP","280300","Singapore","GTM","Guatemala","Export",6,462.259,469.967,,,
"H3","SGP","280300","Singapore","HKG","Hong Kong, China","Export",6,0.102,,20.734,,
"H3","SGP","280300","Singapore","HKG","Hong Kong, China","Import",5,,1.725,11.726,55.658,183.754
"H3","SGP","280300","Singapore","IDN","Indonesia","Export",6,3122.2,12003.422,3338.968,2963.765,2744.065
"H3","SGP","280300","Singapore","IDN","Indonesia","Import",5,60.751,58.96,144.438,69.631,39.496
"H3","SGP","280300","Singapore","IND","India","Export",6,2156.901,1380.321,1384.865,1544.086,1063.638
"H3","SGP","280300","Singapore","IND","India","Import",5,316.238,194.209,437.865,183.508,449.501
"H3","SGP","280300","Singapore","ISR","Israel","Export",6,136.207,105.609,151.485,189.118,130.48
"H3","SGP","280300","Singapore","ISR","Israel","Import",5,,,,25.208,1.263
"H3","SGP","280300","Singapore","ITA","Italy","Export",6,2.048,6.696,,,
"H3","SGP","280300","Singapore","ITA","Italy","Import",5,,,0.262,3.652,1.115
"H3","SGP","280300","Singapore","JPN","Japan","Export",6,6836.86,12221.753,11793.225,14340.254,15924.184
"H3","SGP","280300","Singapore","JPN","Japan","Import",5,1348.107,1473.142,3203.865,2887.414,2397.142
"H3","SGP","280300","Singapore","KHM","Cambodia","Export",6,,,,,0.52
"H3","SGP","280300","Singapore","KOR","Korea, Rep.","Export",6,4375.888,3953.139,3496.267,3741.456,5851.917
"H3","SGP","280300","Singapore","KOR","Korea, Rep.","Import",5,2785.804,3091.684,3826.034,2606.549,1485.677
"H3","SGP","280300","Singapore","LKA","Sri Lanka","Export",6,530.722,339.85,617.117,314.155,170.878
"H3","SGP","280300","Singapore","LKA","Sri Lanka","Import",5,10.209,,,,
"H3","SGP","280300","Singapore","MLI","Mali","Export",6,202.762,,,,
"H3","SGP","280300","Singapore","MMR","Myanmar","Export",6,,0.539,17.691,0.789,
"H3","SGP","280300","Singapore","MYS","Malaysia","Export",6,879.927,922.777,1431.529,1573.83,768.238
"H3","SGP","280300","Singapore","MYS","Malaysia","Import",5,96.274,55.032,207.199,52.948,32.874
"H3","SGP","280300","Singapore","NLD","Netherlands","Export",6,960.963,1040.413,4958.55,7258.084,11968.466
"H3","SGP","280300","Singapore","NLD","Netherlands","Import",5,349.402,380.715,953.532,115.724,122.335
"H3","SGP","280300","Singapore","NOR","Norway","Import",5,,1.706,1.405,,23.035
"H3","SGP","280300","Singapore","NZL","New Zealand","Export",6,15.698,,,,
"H3","SGP","280300","Singapore","NZL","New Zealand","Import",5,,,,,1.524
"H3","SGP","280300","Singapore","OAS","Other Asia, nes","Export",6,271.106,250.219,556.774,580.662,234.826
"H3","SGP","280300","Singapore","OAS","Other Asia, nes","Import",5,42.786,32.303,47.187,32.941,30.139
"H3","SGP","280300","Singapore","OMN","Oman","Export",6,7.993,,,,
"H3","SGP","280300","Singapore","PAK","Pakistan","Export",6,,1.264,7.196,7.305,16.852
"H3","SGP","280300","Singapore","PAN","Panama","Import",5,,1.915,,,
"H3","SGP","280300","Singapore","PER","Peru","Export",6,71.984,,,,
"H3","SGP","280300","Singapore","PHL","Philippines","Export",6,28.675,26.188,25.17,69.596,15.869
"H3","SGP","280300","Singapore","PHL","Philippines","Import",5,0.054,,0.208,,
"H3","SGP","280300","Singapore","POL","Poland","Export",6,4.092,,,,
"H3","SGP","280300","Singapore","PRT","Portugal","Import",5,,,12.5,17.301,
"H3","SGP","280300","Singapore","RUS","Russian Federation","Import",5,,0.003,4.389,4.29,0.67
"H3","SGP","280300","Singapore","SAU","Saudi Arabia","Export",6,23.995,68.425,,,4.643
"H3","SGP","280300","Singapore","SWE","Sweden","Export",6,8940.814,8839.974,4589.23,9863.948,5549.635
"H3","SGP","280300","Singapore","SWE","Sweden","Import",5,0.232,,14.613,31.576,0.982
"H3","SGP","280300","Singapore","SYC","Seychelles","Export",6,0.022,,,,0.733
"H3","SGP","280300","Singapore","THA","Thailand","Export",6,383.609,287.407,255.283,178.869,172.429
"H3","SGP","280300","Singapore","THA","Thailand","Import",5,156.616,100.304,215.543,420.17,347.482
"H3","SGP","280300","Singapore","TKM","Turkmenistan","Import",5,,,36.256,,
"H3","SGP","280300","Singapore","TUR","Turkey","Import",5,,,,,1.191
"H3","SGP","280300","Singapore","USA","United States","Export",6,5360.962,6436.53,5131.429,18080.917,9220.852
"H3","SGP","280300","Singapore","USA","United States","Import",5,1669.481,881.743,1926.297,1778.716,1492.285
"H3","SGP","280300","Singapore","VNM","Vietnam","Export",6,857.018,966.807,737.04,588.845,240.603
"H3","SGP","280300","Singapore","VNM","Vietnam","Import",5,56.208,12.564,2.755,2.825,
"H3","SGP","280300","Singapore","WLD"," World","Export",6,47543.535,56779.525,49649.719,74012.575,64004.912
"H3","SGP","280300","Singapore","WLD"," World","Import",5,11750.527,18692.717,16665.915,14710.03,9407.658
"H3","SGP","280300","Singapore","ZAF","South Africa","Import",5,,21.06,10.559,39.011,
"H3","SLV","280300","El Salvador","BEL","Belgium","Import",5,0.029,,,,
"H3","SLV","280300","El Salvador","CHN","China","Import",5,28.4,1.927,22.08,,
"H3","SLV","280300","El Salvador","COL","Colombia","Import",5,,,16.417,,
"H3","SLV","280300","El Salvador","DEU","Germany","Import",5,87.614,158.401,145.813,312.461,133.545
"H3","SLV","280300","El Salvador","FRA","France","Import",5,0.051,,,,
"H3","SLV","280300","El Salvador","GTM","Guatemala","Export",6,,3.255,,,
"H3","SLV","280300","El Salvador","IND","India","Import",5,0.049,0.184,28.76,0.155,
"H3","SLV","280300","El Salvador","ITA","Italy","Import",5,40.8,30.589,,,
"H3","SLV","280300","El Salvador","KOR","Korea, Rep.","Import",5,1.654,,,,
"H3","SLV","280300","El Salvador","MEX","Mexico","Import",5,34.419,19.748,31.15,27.686,75.579
"H3","SLV","280300","El Salvador","OAS","Other Asia, nes","Import",5,,,,,0.021
"H3","SLV","280300","El Salvador","USA","United States","Import",5,94.388,120.439,97.976,137.17,136.168
"H3","SLV","280300","El Salvador","WLD"," World","Export",6,,3.255,,,
"H3","SLV","280300","El Salvador","WLD"," World","Import",5,287.405,331.287,342.196,477.472,345.313
"H3","STP","280300","Sao Tome and Principe","PRT","Portugal","Import",5,,,,1.012,
"H3","STP","280300","Sao Tome and Principe","WLD"," World","Import",5,,,,1.012,
"H3","SUR","280300","Suriname","AUS","Australia","Export",6,,,1100.464,152.315,
"H3","SUR","280300","Suriname","CHN","China","Import",5,,2.519,,,
"H3","SUR","280300","Suriname","TTO","Trinidad and Tobago","Import",5,,10.44,,6.108,
"H3","SUR","280300","Suriname","USA","United States","Export",6,,,,684.597,
"H3","SUR","280300","Suriname","WLD"," World","Export",6,,,1100.464,836.912,
"H3","SUR","280300","Suriname","WLD"," World","Import",5,,12.959,,6.108,
"H3","SVK","280300","Slovak Republic","ARE","United Arab Emirates","Export",6,,31.115,34.893,,
"H3","SVK","280300","Slovak Republic","ARE","United Arab Emirates","Import",5,,0.03,,,
"H3","SVK","280300","Slovak Republic","AUT","Austria","Export",6,7289.589,4709.433,6135.974,6755.586,62.895
"H3","SVK","280300","Slovak Republic","AUT","Austria","Import",5,21.544,14.091,9.889,4.203,190.001
"H3","SVK","280300","Slovak Republic","BEL","Belgium","Export",6,,0.535,4.092,0.684,3.927
"H3","SVK","280300","Slovak Republic","BEL","Belgium","Import",5,40.777,35.817,97.635,21.913,27.571
"H3","SVK","280300","Slovak Republic","BGR","Bulgaria","Export",6,,22.068,,0.162,
"H3","SVK","280300","Slovak Republic","BIH","Bosnia and Herzegovina","Export",6,2.127,,,,
"H3","SVK","280300","Slovak Republic","BIH","Bosnia and Herzegovina","Import",5,,,,,0.051
"H3","SVK","280300","Slovak Republic","BRA","Brazil","Import",5,,0.051,0.086,0.004,
"H3","SVK","280300","Slovak Republic","CAN","Canada","Import",5,,,48.167,95.139,122.5
"H3","SVK","280300","Slovak Republic","CHN","China","Export",6,0.378,0.521,,,
"H3","SVK","280300","Slovak Republic","CHN","China","Import",5,0.959,3.541,,30166.261,65433.158
"H3","SVK","280300","Slovak Republic","COL","Colombia","Import",5,,4.922,,,
"H3","SVK","280300","Slovak Republic","CZE","Czech Republic","Export",6,9892.873,1176.62,863.444,4488.379,3900.519
"H3","SVK","280300","Slovak Republic","CZE","Czech Republic","Import",5,3297.411,2647.036,3820.068,4297.788,1222.594
"H3","SVK","280300","Slovak Republic","DEU","Germany","Export",6,2037.78,123.907,438.961,103.27,1156.048
"H3","SVK","280300","Slovak Republic","DEU","Germany","Import",5,15369.692,11233.011,19333.345,34785.482,16455.746
"H3","SVK","280300","Slovak Republic","DNK","Denmark","Import",5,0.369,0.27,,4.15,8.063
"H3","SVK","280300","Slovak Republic","DZA","Algeria","Export",6,,,,0.002,
"H3","SVK","280300","Slovak Republic","ECU","Ecuador","Export",6,,,,48.297,
"H3","SVK","280300","Slovak Republic","ECU","Ecuador","Import",5,1.008,,,,
"H3","SVK","280300","Slovak Republic","EGY","Egypt, Arab Rep.","Import",5,,,,13.51,135.985
"H3","SVK","280300","Slovak Republic","ESP","Spain","Export",6,,69.017,14.519,57.34,81.333
"H3","SVK","280300","Slovak Republic","ESP","Spain","Import",5,3.224,7.879,2.932,181.471,118.143
"H3","SVK","280300","Slovak Republic","FRA","France","Export",6,4.479,62.514,216.97,98.8,4.284
"H3","SVK","280300","Slovak Republic","FRA","France","Import",5,537.59,322.689,194.751,285.91,491.566
"H3","SVK","280300","Slovak Republic","GBR","United Kingdom","Import",5,110.518,,,,
"H3","SVK","280300","Slovak Republic","GEO","Georgia","Import",5,,,,0.014,
"H3","SVK","280300","Slovak Republic","HKG","Hong Kong, China","Import",5,,,,,0.044
"H3","SVK","280300","Slovak Republic","HRV","Croatia","Export",6,,,,,26.568
"H3","SVK","280300","Slovak Republic","HUN","Hungary","Export",6,43.451,113.066,23.027,2.993,0.083
"H3","SVK","280300","Slovak Republic","HUN","Hungary","Import",5,23097.844,11571.621,17841.614,23859.535,29978.996
"H3","SVK","280300","Slovak Republic","IND","India","Import",5,3.9,29.465,25.501,94.609,102.672
"H3","SVK","280300","Slovak Republic","ISL","Iceland","Import",5,31.04,53.648,,68.591,
"H3","SVK","280300","Slovak Republic","ITA","Italy","Export",6,12368,13017.532,14703.327,19233.94,16164.334
"H3","SVK","280300","Slovak Republic","ITA","Italy","Import",5,2473.277,1428.577,39.198,2798.562,6838.347
"H3","SVK","280300","Slovak Republic","JPN","Japan","Export",6,,6.548,0.198,,
"H3","SVK","280300","Slovak Republic","JPN","Japan","Import",5,13.595,7.681,22.851,20.918,45.768
"H3","SVK","280300","Slovak Republic","KOR","Korea, Rep.","Import",5,,,0.173,1.306,4.165
"H3","SVK","280300","Slovak Republic","LKA","Sri Lanka","Import",5,,,,,0.01
"H3","SVK","280300","Slovak Republic","LTU","Lithuania","Import",5,94.152,,,,
"H3","SVK","280300","Slovak Republic","LVA","Latvia","Export",6,,,,0.045,
"H3","SVK","280300","Slovak Republic","MEX","Mexico","Import",5,,,0.005,,
"H3","SVK","280300","Slovak Republic","MYS","Malaysia","Export",6,,41.279,,,
"H3","SVK","280300","Slovak Republic","NIC","Nicaragua","Import",5,,,,46.284,
"H3","SVK","280300","Slovak Republic","NLD","Netherlands","Export",6,,16.626,,40.134,0.272
"H3","SVK","280300","Slovak Republic","NLD","Netherlands","Import",5,2253.805,1541.726,1818.533,2528.482,2610.635
"H3","SVK","280300","Slovak Republic","POL","Poland","Export",6,1588.685,33.856,159.294,112.716,33.49
"H3","SVK","280300","Slovak Republic","POL","Poland","Import",5,456.711,146.998,203.285,1755.209,136.756
"H3","SVK","280300","Slovak Republic","PRT","Portugal","Export",6,44.281,117.218,719.351,373.004,
"H3","SVK","280300","Slovak Republic","PRT","Portugal","Import",5,5.41,,,,
"H3","SVK","280300","Slovak Republic","ROM","Romania","Export",6,5633.911,1297.939,735.204,5397.981,20674.763
"H3","SVK","280300","Slovak Republic","ROM","Romania","Import",5,40.107,33.957,18.29,24.145,39.754
"H3","SVK","280300","Slovak Republic","RUS","Russian Federation","Import",5,64210.059,39668.729,52540.732,47701.936,25610.171
"H3","SVK","280300","Slovak Republic","SAU","Saudi Arabia","Export",6,,12.405,,,
"H3","SVK","280300","Slovak Republic","SAU","Saudi Arabia","Import",5,,25.058,0.062,,429.613
"H3","SVK","280300","Slovak Republic","SER","Serbia, FR(Serbia/Montenegro)","Export",6,43.576,,96.528,22.059,255.151
"H3","SVK","280300","Slovak Republic","SVK","Slovak Republic","Import",5,,0,,,0
"H3","SVK","280300","Slovak Republic","SVN","Slovenia","Export",6,,,,,1063.128
"H3","SVK","280300","Slovak Republic","SVN","Slovenia","Import",5,,1.693,,63.015,774.006
"H3","SVK","280300","Slovak Republic","SWE","Sweden","Import",5,1990.664,1356.511,,,4414.152
"H3","SVK","280300","Slovak Republic","THA","Thailand","Export",6,,0.001,,,
"H3","SVK","280300","Slovak Republic","THA","Thailand","Import",5,,,,,0.029
"H3","SVK","280300","Slovak Republic","TKM","Turkmenistan","Import",5,,0.265,,1.047,
"H3","SVK","280300","Slovak Republic","TUR","Turkey","Export",6,,,16.375,,
"H3","SVK","280300","Slovak Republic","TUR","Turkey","Import",5,0.451,6.225,0.201,,0.168
"H3","SVK","280300","Slovak Republic","UKR","Ukraine","Import",5,376.972,20.253,24.483,1.017,
"H3","SVK","280300","Slovak Republic","UNS","Unspecified","Import",5,595.904,402.943,142.157,1278.92,824.082
"H3","SVK","280300","Slovak Republic","USA","United States","Export",6,1.337,56.355,,,163.971
"H3","SVK","280300","Slovak Republic","USA","United States","Import",5,1.848,1.07,4.802,2.106,11.388
"H3","SVK","280300","Slovak Republic","WLD"," World","Export",6,38950.468,20918.136,24162.158,36744.346,43590.768
"H3","SVK","280300","Slovak Republic","WLD"," World","Import",5,115028.835,70565.756,96188.759,150101.539,156026.132
"H3","SVK","280300","Slovak Republic","ZAF","South Africa","Export",6,,9.582,,8.954,
"H3","SVK","280300","Slovak Republic","ZAF","South Africa","Import",5,,,,0.013,
"H3","SVN","280300","Slovenia","ARE","United Arab Emirates","Import",5,,,,326.024,
"H3","SVN","280300","Slovenia","AUT","Austria","Export",6,6.513,84.3,29.65,,10.176
"H3","SVN","280300","Slovenia","AUT","Austria","Import",5,10.483,26.916,31.83,48.184,7.365
"H3","SVN","280300","Slovenia","BEL","Belgium","Export",6,15.231,,,,2.763
"H3","SVN","280300","Slovenia","BEL","Belgium","Import",5,4343.439,9537.508,12333.856,18355.461,17542.921
"H3","SVN","280300","Slovenia","BGR","Bulgaria","Import",5,,,,1.836,3.908
"H3","SVN","280300","Slovenia","BIH","Bosnia and Herzegovina","Export",6,2.686,2.141,1.894,0.618,0.649
"H3","SVN","280300","Slovenia","BLR","Belarus","Import",5,,,,29.363,
"H3","SVN","280300","Slovenia","CAN","Canada","Import",5,0.918,,,523.185,545.889
"H3","SVN","280300","Slovenia","CHE","Switzerland","Import",5,3.497,2.537,39.665,76.114,22.344
"H3","SVN","280300","Slovenia","CHN","China","Import",5,158.649,70.292,0.037,100.147,7.321
"H3","SVN","280300","Slovenia","COL","Colombia","Import",5,,4.813,,,
"H3","SVN","280300","Slovenia","CZE","Czech Republic","Export",6,,,0.893,485.926,49.765
"H3","SVN","280300","Slovenia","CZE","Czech Republic","Import",5,,310.21,486.667,574.964,286.979
"H3","SVN","280300","Slovenia","DEU","Germany","Export",6,,2.671,6.998,126.176,
"H3","SVN","280300","Slovenia","DEU","Germany","Import",5,1368.832,1332.39,2011.82,1983.309,2221.308
"H3","SVN","280300","Slovenia","DNK","Denmark","Import",5,,,,7.115,12.862
"H3","SVN","280300","Slovenia","EGY","Egypt, Arab Rep.","Import",5,,,,1765.308,953.085
"H3","SVN","280300","Slovenia","ESP","Spain","Import",5,6.397,,,0.203,0.159
"H3","SVN","280300","Slovenia","FRA","France","Import",5,6008.381,18.805,1.016,82.48,
"H3","SVN","280300","Slovenia","GBR","United Kingdom","Import",5,0.019,0.046,0.048,,0.259
"H3","SVN","280300","Slovenia","HRV","Croatia","Export",6,34.813,10.863,96.883,3.893,0.155
"H3","SVN","280300","Slovenia","HRV","Croatia","Import",5,2.945,8.865,11.694,3.441,2.121
"H3","SVN","280300","Slovenia","HUN","Hungary","Import",5,748.346,401.526,112.973,549.604,652.535
"H3","SVN","280300","Slovenia","IND","India","Import",5,,,,371.692,381.653
"H3","SVN","280300","Slovenia","ITA","Italy","Export",6,,0.1,306.478,355.369,
"H3","SVN","280300","Slovenia","ITA","Italy","Import",5,37.559,43.581,128.837,293.103,784.85
"H3","SVN","280300","Slovenia","JPN","Japan","Import",5,15.552,48.998,68.445,56.608,62.539
"H3","SVN","280300","Slovenia","KOR","Korea, Rep.","Import",5,17.385,272.306,255.921,190.3,214.553
"H3","SVN","280300","Slovenia","LTU","Lithuania","Import",5,,,92.993,,
"H3","SVN","280300","Slovenia","LUX","Luxembourg","Import",5,14.956,7.21,2.588,,4.471
"H3","SVN","280300","Slovenia","LVA","Latvia","Export",6,,,5.825,,
"H3","SVN","280300","Slovenia","LVA","Latvia","Import",5,0.375,,,,
"H3","SVN","280300","Slovenia","NLD","Netherlands","Import",5,64.856,1.066,3.303,0.585,0.576
"H3","SVN","280300","Slovenia","POL","Poland","Export",6,,1.554,,,
"H3","SVN","280300","Slovenia","POL","Poland","Import",5,5126.835,2943.121,5771.636,8734.204,5667.047
"H3","SVN","280300","Slovenia","PRT","Portugal","Export",6,,,,4.044,2.732
"H3","SVN","280300","Slovenia","ROM","Romania","Import",5,,0.105,,4.513,14.547
"H3","SVN","280300","Slovenia","RUS","Russian Federation","Export",6,,,0.238,,
"H3","SVN","280300","Slovenia","RUS","Russian Federation","Import",5,1112.582,1190.703,2182.858,2403.121,2575.395
"H3","SVN","280300","Slovenia","SER","Serbia, FR(Serbia/Montenegro)","Export",6,9.42,5.231,7.337,14.117,43.521
"H3","SVN","280300","Slovenia","SER","Serbia, FR(Serbia/Montenegro)","Import",5,,,0.783,0.053,
"H3","SVN","280300","Slovenia","SVK","Slovak Republic","Export",6,,,,56.605,
"H3","SVN","280300","Slovenia","SWE","Sweden","Export",6,,,,2.765,
"H3","SVN","280300","Slovenia","SWE","Sweden","Import",5,,,,34.305,1.335
"H3","SVN","280300","Slovenia","THA","Thailand","Import",5,,,,,0.007
"H3","SVN","280300","Slovenia","TUR","Turkey","Export",6,,,,,0.001
"H3","SVN","280300","Slovenia","UKR","Ukraine","Export",6,2.569,4.518,1.649,213.307,1289.017
"H3","SVN","280300","Slovenia","UKR","Ukraine","Import",5,2016.803,1387.25,1964.832,1104.683,1245.468
"H3","SVN","280300","Slovenia","USA","United States","Import",5,142.248,49.802,137.227,170.681,101.446
"H3","SVN","280300","Slovenia","WLD"," World","Export",6,71.234,111.377,457.845,1262.82,1398.779
"H3","SVN","280300","Slovenia","WLD"," World","Import",5,21201.057,17658.05,25639.029,37790.586,33312.942
"H3","SWE","280300","Sweden","ARE","United Arab Emirates","Export",6,4070.584,,,1144.919,
"H3","SWE","280300","Sweden","ARE","United Arab Emirates","Import",5,,,0.7,,0.094
"H3","SWE","280300","Sweden","ATG","Antigua and Barbuda","Export",6,,87.945,,,
"H3","SWE","280300","Sweden","AUS","Australia","Export",6,0.106,,0.7,1.582,2.639
"H3","SWE","280300","Sweden","AUS","Australia","Import",5,0.317,,,,0.471
"H3","SWE","280300","Sweden","AUT","Austria","Export",6,,,,,0.188
"H3","SWE","280300","Sweden","AUT","Austria","Import",5,852.792,644.821,982.794,843.167,1024.301
"H3","SWE","280300","Sweden","AZE","Azerbaijan","Export",6,2710.515,,258.145,,
"H3","SWE","280300","Sweden","BEL","Belgium","Export",6,4.229,32.898,312.246,236.102,447.496
"H3","SWE","280300","Sweden","BEL","Belgium","Import",5,960.844,2396.445,6155.027,13435.992,9916.72
"H3","SWE","280300","Sweden","BRA","Brazil","Export",6,681.831,5.972,6.413,28.969,4.712
"H3","SWE","280300","Sweden","CAN","Canada","Export",6,,,,0.395,
"H3","SWE","280300","Sweden","CAN","Canada","Import",5,0.211,0.109,0.816,185.679,275.962
"H3","SWE","280300","Sweden","CHE","Switzerland","Export",6,2.22,0.76,1.516,28.87,2.922
"H3","SWE","280300","Sweden","CHE","Switzerland","Import",5,5.498,,0.117,1.384,
"H3","SWE","280300","Sweden","CHN","China","Export",6,951.223,1532.631,1299.588,162.444,1263.977
"H3","SWE","280300","Sweden","CHN","China","Import",5,0.106,510.841,175.595,52.797,84.919
"H3","SWE","280300","Sweden","COL","Colombia","Export",6,,1.303,,,0.754
"H3","SWE","280300","Sweden","CZE","Czech Republic","Export",6,2278.939,166.878,,291.47,49.292
"H3","SWE","280300","Sweden","CZE","Czech Republic","Import",5,1581.354,1202.566,39.293,46.568,77.85
"H3","SWE","280300","Sweden","DEU","Germany","Export",6,9784.689,7095.854,8804.106,19468.173,14153.413
"H3","SWE","280300","Sweden","DEU","Germany","Import",5,9839.773,8263.024,9187.709,9165.977,9324.08
"H3","SWE","280300","Sweden","DNK","Denmark","Export",6,767.893,638.524,1050.653,992.758,758.141
"H3","SWE","280300","Sweden","DNK","Denmark","Import",5,1413.037,1708.303,3154.992,8660.947,4041.126
"H3","SWE","280300","Sweden","DZA","Algeria","Export",6,348.581,593.357,670.665,,
"H3","SWE","280300","Sweden","ECU","Ecuador","Export",6,172.652,,,,
"H3","SWE","280300","Sweden","ESP","Spain","Export",6,1283.416,315.19,621.111,518.872,590
"H3","SWE","280300","Sweden","ESP","Spain","Import",5,412.546,462.525,1705.461,264.478,6086.901
"H3","SWE","280300","Sweden","EST","Estonia","Export",6,,,,,1.131
"H3","SWE","280300","Sweden","EST","Estonia","Import",5,,,,0.593,
"H3","SWE","280300","Sweden","FIN","Finland","Export",6,1962.076,1183.782,2764.626,2592.579,2235.875
"H3","SWE","280300","Sweden","FIN","Finland","Import",5,102.555,104.231,7.229,18.687,35.815
"H3","SWE","280300","Sweden","FRA","France","Export",6,30.238,16.286,29.266,406.753,4972.12
"H3","SWE","280300","Sweden","FRA","France","Import",5,56.035,67.75,97.475,728.082,446.176
"H3","SWE","280300","Sweden","GBR","United Kingdom","Export",6,1118.06,1284.105,1559.715,4644.733,5026.691
"H3","SWE","280300","Sweden","GBR","United Kingdom","Import",5,148.863,192.393,59.115,37.175,7.54
"H3","SWE","280300","Sweden","GRC","Greece","Export",6,,41.258,466.27,,218.658
"H3","SWE","280300","Sweden","HKG","Hong Kong, China","Export",6,,,,,0.942
"H3","SWE","280300","Sweden","HKG","Hong Kong, China","Import",5,0.106,,,,
"H3","SWE","280300","Sweden","HRV","Croatia","Export",6,506.854,,302.918,,1.791
"H3","SWE","280300","Sweden","HUN","Hungary","Export",6,,13.789,2.332,,
"H3","SWE","280300","Sweden","HUN","Hungary","Import",5,857.655,977.383,587.531,373.038,
"H3","SWE","280300","Sweden","IDN","Indonesia","Export",6,,1.303,,1.088,0.094
"H3","SWE","280300","Sweden","IND","India","Export",6,23.048,15.852,39.177,69.308,250.043
"H3","SWE","280300","Sweden","IND","India","Import",5,,,0.466,58.729,346.366
"H3","SWE","280300","Sweden","IRL","Ireland","Export",6,1.163,,0.583,,
"H3","SWE","280300","Sweden","IRL","Ireland","Import",5,1.057,0.869,,,
"H3","SWE","280300","Sweden","IRN","Iran, Islamic Rep.","Export",6,242.431,,,,
"H3","SWE","280300","Sweden","ISR","Israel","Export",6,,,0.7,,
"H3","SWE","280300","Sweden","ITA","Italy","Export",6,2476.014,2311.106,2705.278,2045.628,1782.159
"H3","SWE","280300","Sweden","ITA","Italy","Import",5,1707.592,1378.347,1643.781,2417.282,2076.217
"H3","SWE","280300","Sweden","JPN","Japan","Export",6,1.48,,0.816,1.186,1.225
"H3","SWE","280300","Sweden","JPN","Japan","Import",5,1.374,819.842,2394.548,11972.117,10780.043
"H3","SWE","280300","Sweden","KAZ","Kazakhstan","Export",6,,,,2.472,
"H3","SWE","280300","Sweden","KOR","Korea, Rep.","Export",6,174.343,156.781,171.281,103.023,75.965
"H3","SWE","280300","Sweden","KOR","Korea, Rep.","Import",5,,,0.117,0.099,3.299
"H3","SWE","280300","Sweden","LKA","Sri Lanka","Export",6,31.929,34.961,,1.186,
"H3","SWE","280300","Sweden","LTU","Lithuania","Export",6,21.145,,252.549,,
"H3","SWE","280300","Sweden","LUX","Luxembourg","Export",6,3.278,,,,
"H3","SWE","280300","Sweden","LUX","Luxembourg","Import",5,0.106,46.253,11.893,8.997,5.749
"H3","SWE","280300","Sweden","LVA","Latvia","Export",6,,0.109,5.83,,
"H3","SWE","280300","Sweden","MYS","Malaysia","Export",6,1.374,,,,
"H3","SWE","280300","Sweden","MYS","Malaysia","Import",5,,0.109,,,
"H3","SWE","280300","Sweden","NLD","Netherlands","Export",6,1541.178,2623.799,1327.104,3612.427,3125.494
"H3","SWE","280300","Sweden","NLD","Netherlands","Import",5,12436.526,13166.443,29914.767,42129.069,30925.165
"H3","SWE","280300","Sweden","NOR","Norway","Export",6,116.088,85.339,147.029,131.794,174.361
"H3","SWE","280300","Sweden","NOR","Norway","Import",5,3.912,2.171,30.665,6.822,1.885
"H3","SWE","280300","Sweden","POL","Poland","Export",6,2193.195,1485.509,1887.469,3177.398,5634.033
"H3","SWE","280300","Sweden","POL","Poland","Import",5,1863.539,1253.053,835.183,1327.137,718.933
"H3","SWE","280300","Sweden","PRT","Portugal","Export",6,,90.551,114.032,262.6,291.513
"H3","SWE","280300","Sweden","ROM","Romania","Export",6,145.163,67.099,19.588,,
"H3","SWE","280300","Sweden","ROM","Romania","Import",5,,,0.117,,
"H3","SWE","280300","Sweden","RUS","Russian Federation","Export",6,0.211,,,,
"H3","SWE","280300","Sweden","SAU","Saudi Arabia","Export",6,3644.928,3502.489,4355.939,5964.752,415.545
"H3","SWE","280300","Sweden","SER","Serbia, FR(Serbia/Montenegro)","Export",6,,,0.816,68.715,
"H3","SWE","280300","Sweden","SGP","Singapore","Export",6,0.211,,,,
"H3","SWE","280300","Sweden","SGP","Singapore","Import",5,9487.703,11241.643,4210.892,9728.055,6786.136
"H3","SWE","280300","Sweden","SVK","Slovak Republic","Export",6,2331.908,1303.865,,,4628.77
"H3","SWE","280300","Sweden","SVN","Slovenia","Export",6,,,,,3.299
"H3","SWE","280300","Sweden","SVN","Slovenia","Import",5,,,,2.966,
"H3","SWE","280300","Sweden","THA","Thailand","Export",6,1835.204,507.692,5062.049,368.589,1955.295
"H3","SWE","280300","Sweden","TUR","Turkey","Export",6,472.704,804.859,3939.805,2208.765,2495.909
"H3","SWE","280300","Sweden","TUR","Turkey","Import",5,,,0.466,0.395,0.565
"H3","SWE","280300","Sweden","USA","United States","Export",6,201.092,242.663,1718.403,2035.84,2520.225
"H3","SWE","280300","Sweden","USA","United States","Import",5,169.586,55.481,1124.226,15.622,11.498
"H3","SWE","280300","Sweden","WLD"," World","Export",6,42132.196,26260.468,39919.586,50573.391,53084.676
"H3","SWE","280300","Sweden","WLD"," World","Import",5,41903.086,44528.369,62348.957,101481.854,82977.811
"H3","SWE","280300","Sweden","ZAF","South Africa","Export",6,,15.96,20.871,,
"H3","SWE","280300","Sweden","ZAF","South Africa","Import",5,,33.767,27.983,,
"H3","SWZ","280300","Eswatini","CHN","China","Import",5,,,,0.307,
"H3","SWZ","280300","Eswatini","PRK","Korea, Dem. Rep.","Import",5,,,,0.731,
"H3","SWZ","280300","Eswatini","RUS","Russian Federation","Import",5,0.13,,,,
"H3","SWZ","280300","Eswatini","WLD"," World","Import",5,10.693,2.863,3.843,7.561,8.008
"H3","SWZ","280300","Eswatini","ZAF","South Africa","Import",5,10.563,2.863,3.843,6.523,8.008
"H3","TGO","280300","Togo","CHN","China","Import",5,11.362,55.941,53.559,47.792,28.002
"H3","TGO","280300","Togo","DEU","Germany","Import",5,,,,,4.302
"H3","TGO","280300","Togo","NER","Niger","Export",6,0,0,0,,
"H3","TGO","280300","Togo","OAS","Other Asia, nes","Import",5,7.662,8.63,,,
"H3","TGO","280300","Togo","VNM","Vietnam","Import",5,,,,34.526,
"H3","TGO","280300","Togo","WLD"," World","Export",6,0,0,0,,
"H3","TGO","280300","Togo","WLD"," World","Import",5,19.023,64.571,53.559,82.318,32.304
"H3","THA","280300","Thailand","ARE","United Arab Emirates","Export",6,12.399,1.666,,,16.17
"H3","THA","280300","Thailand","ARE","United Arab Emirates","Import",5,,,,616.569,615.345
"H3","THA","280300","Thailand","AUS","Australia","Export",6,2729.713,2165.31,2886.93,4870.804,4285.176
"H3","THA","280300","Thailand","AUS","Australia","Import",5,0.144,0.114,0.149,,5.921
"H3","THA","280300","Thailand","AUT","Austria","Export",6,,,,,0.006
"H3","THA","280300","Thailand","AUT","Austria","Import",5,0.428,0.749,0.403,0.538,1.556
"H3","THA","280300","Thailand","BEL","Belgium","Export",6,202.457,,,0.003,
"H3","THA","280300","Thailand","BEL","Belgium","Import",5,43.639,28.55,81.829,307.44,119.819
"H3","THA","280300","Thailand","BGD","Bangladesh","Export",6,83.733,52.761,82.605,143.37,104.329
"H3","THA","280300","Thailand","BGD","Bangladesh","Import",5,,,,,0.002
"H3","THA","280300","Thailand","BLR","Belarus","Import",5,,,,,1381.659
"H3","THA","280300","Thailand","BRA","Brazil","Export",6,47.25,414.12,,,2.4
"H3","THA","280300","Thailand","BRA","Brazil","Import",5,2179.187,,,,
"H3","THA","280300","Thailand","CAN","Canada","Export",6,,28.8,38.88,43.072,
"H3","THA","280300","Thailand","CAN","Canada","Import",5,2256.563,1564.513,3163.197,2540.186,2416.113
"H3","THA","280300","Thailand","CHE","Switzerland","Import",5,0.378,0.959,10.277,1.51,
"H3","THA","280300","Thailand","CHN","China","Export",6,9536.363,7115.949,10142.387,8681.14,7378.761
"H3","THA","280300","Thailand","CHN","China","Import",5,247853.334,178023.469,294789.559,365762.759,250821.708
"H3","THA","280300","Thailand","CIV","Cote d'Ivoire","Export",6,57.24,,,,
"H3","THA","280300","Thailand","COL","Colombia","Export",6,0.19,,,,
"H3","THA","280300","Thailand","CRI","Costa Rica","Export",6,,,,,1.228
"H3","THA","280300","Thailand","CZE","Czech Republic","Export",6,,,,,2.095
"H3","THA","280300","Thailand","CZE","Czech Republic","Import",5,,,21.463,34.519,27.825
"H3","THA","280300","Thailand","DEU","Germany","Export",6,107.467,37.034,783.636,4690.748,6.1
"H3","THA","280300","Thailand","DEU","Germany","Import",5,7781.611,4271.807,3246.745,2918.464,2691.595
"H3","THA","280300","Thailand","DNK","Denmark","Export",6,,,,0.001,
"H3","THA","280300","Thailand","EGY","Egypt, Arab Rep.","Export",6,3.405,,,,
"H3","THA","280300","Thailand","EGY","Egypt, Arab Rep.","Import",5,297.627,0.016,535.611,,0.047
"H3","THA","280300","Thailand","ESP","Spain","Export",6,3741.75,2554.465,3406.8,4579.5,2843.876
"H3","THA","280300","Thailand","ESP","Spain","Import",5,124.121,59.128,199.769,320.631,76.61
"H3","THA","280300","Thailand","FIN","Finland","Import",5,,,,0.123,0.13
"H3","THA","280300","Thailand","FRA","France","Export",6,0.572,1.893,0.053,0.005,0.299
"H3","THA","280300","Thailand","FRA","France","Import",5,69.664,159.679,81.413,13.414,0.082
"H3","THA","280300","Thailand","GBR","United Kingdom","Export",6,0.476,,,,0.002
"H3","THA","280300","Thailand","GBR","United Kingdom","Import",5,4.806,37.02,22.183,2.233,1.806
"H3","THA","280300","Thailand","GRC","Greece","Export",6,,,0.001,,
"H3","THA","280300","Thailand","GUM","Guam","Export",6,0.242,,,,
"H3","THA","280300","Thailand","HKG","Hong Kong, China","Export",6,3.657,0.037,0.251,0.793,3.682
"H3","THA","280300","Thailand","HKG","Hong Kong, China","Import",5,15187.872,21544.654,23081.203,0.251,25.618
"H3","THA","280300","Thailand","HUN","Hungary","Import",5,,6.207,117.611,,47.841
"H3","THA","280300","Thailand","IDN","Indonesia","Export",6,16510.082,9599.522,19598.043,19433.449,20323.998
"H3","THA","280300","Thailand","IDN","Indonesia","Import",5,9330.014,7776.635,10510.045,19236.743,12128.928
"H3","THA","280300","Thailand","IND","India","Export",6,6235.972,4630.341,5269.332,3958.463,6007.088
"H3","THA","280300","Thailand","IND","India","Import",5,16018.625,12038.227,21189.926,30285.37,50665.201
"H3","THA","280300","Thailand","IRL","Ireland","Export",6,,,,,0.008
"H3","THA","280300","Thailand","ISR","Israel","Export",6,0.102,0.001,,10.778,
"H3","THA","280300","Thailand","ISR","Israel","Import",5,2.5,,,,
"H3","THA","280300","Thailand","ITA","Italy","Export",6,,,,,0.005
"H3","THA","280300","Thailand","ITA","Italy","Import",5,385.677,2775.809,11721.068,2055.077,4087.031
"H3","THA","280300","Thailand","JPN","Japan","Export",6,68945.453,41017.554,52296.912,66527.15,62723.886
"H3","THA","280300","Thailand","JPN","Japan","Import",5,35403.5,24701.011,31638.048,35324.043,29734.705
"H3","THA","280300","Thailand","KHM","Cambodia","Export",6,26.72,49.637,34.719,50.132,101.616
"H3","THA","280300","Thailand","KOR","Korea, Rep.","Export",6,2463.203,1335.381,1117.594,265.611,301.138
"H3","THA","280300","Thailand","KOR","Korea, Rep.","Import",5,19445.045,20688.467,38816.115,63791.98,69524.405
"H3","THA","280300","Thailand","LAO","Lao PDR","Export",6,7.206,59.036,13.343,23.748,72.229
"H3","THA","280300","Thailand","LKA","Sri Lanka","Export",6,2088.27,1954.964,1588.599,1365.722,383.036
"H3","THA","280300","Thailand","LTU","Lithuania","Import",5,,,,,318.889
"H3","THA","280300","Thailand","MEX","Mexico","Export",6,,,,2413.384,442.118
"H3","THA","280300","Thailand","MEX","Mexico","Import",5,,,,0.001,
"H3","THA","280300","Thailand","MLI","Mali","Export",6,23.405,182.288,85.05,80.33,31.5
"H3","THA","280300","Thailand","MMR","Myanmar","Export",6,727.931,698.257,1168.671,1559.3,1773.425
"H3","THA","280300","Thailand","MYS","Malaysia","Export",6,14769.244,10111.974,14153.918,22746.44,16058.139
"H3","THA","280300","Thailand","MYS","Malaysia","Import",5,67.277,10.967,422.546,14.716,1505.5
"H3","THA","280300","Thailand","NLD","Netherlands","Export",6,,1.013,1827.75,841.35,0.36
"H3","THA","280300","Thailand","NLD","Netherlands","Import",5,1877.056,6430.029,14444.532,16524.073,8898.886
"H3","THA","280300","Thailand","NZL","New Zealand","Export",6,14.906,8.456,9.734,19.31,
"H3","THA","280300","Thailand","NZL","New Zealand","Import",5,,,,,0.011
"H3","THA","280300","Thailand","OAS","Other Asia, nes","Export",6,865.938,1501.639,1459.342,1445.652,1208.068
"H3","THA","280300","Thailand","OAS","Other Asia, nes","Import",5,9716.953,10450.148,15709.217,18214.315,11572.668
"H3","THA","280300","Thailand","PAK","Pakistan","Export",6,199.922,169.412,97.912,327.899,517.283
"H3","THA","280300","Thailand","PAK","Pakistan","Import",5,,,,1.271,
"H3","THA","280300","Thailand","PHL","Philippines","Export",6,5089.25,3903.862,9235.112,20238.989,19504.422
"H3","THA","280300","Thailand","PHL","Philippines","Import",5,0.07,147.285,77.001,,
"H3","THA","280300","Thailand","POL","Poland","Export",6,4634.25,2673.9,651,602.4,5006.52
"H3","THA","280300","Thailand","PRT","Portugal","Import",5,0.074,,,,
"H3","THA","280300","Thailand","QAT","Qatar","Import",5,,30.421,,,
"H3","THA","280300","Thailand","ROM","Romania","Export",6,2.47,,,,
"H3","THA","280300","Thailand","RUS","Russian Federation","Import",5,205.573,223.092,780.619,1355.066,38422.711
"H3","THA","280300","Thailand","SAU","Saudi Arabia","Export",6,1.152,,,,
"H3","THA","280300","Thailand","SAU","Saudi Arabia","Import",5,,128.193,467.557,,
"H3","THA","280300","Thailand","SER","Serbia, FR(Serbia/Montenegro)","Export",6,,,69.2,,
"H3","THA","280300","Thailand","SER","Serbia, FR(Serbia/Montenegro)","Import",5,,,,,0.03
"H3","THA","280300","Thailand","SGP","Singapore","Export",6,144.765,106.969,142.412,386.449,365.488
"H3","THA","280300","Thailand","SGP","Singapore","Import",5,333.849,413.57,576.796,401.45,385.895
"H3","THA","280300","Thailand","SVK","Slovak Republic","Export",6,,,,,0.03
"H3","THA","280300","Thailand","SVK","Slovak Republic","Import",5,,0.956,,,
"H3","THA","280300","Thailand","SWE","Sweden","Import",5,1145.104,699.2,4193.797,1943.864,1956.041
"H3","THA","280300","Thailand","TGO","Togo","Export",6,4.375,,1.326,,
"H3","THA","280300","Thailand","THA","Thailand","Import",5,0,0,0,0,0
"H3","THA","280300","Thailand","TKM","Turkmenistan","Import",5,3.169,,,4.9,
"H3","THA","280300","Thailand","TUR","Turkey","Export",6,1607.932,1352.434,1715.588,1923.882,2588.903
"H3","THA","280300","Thailand","TUR","Turkey","Import",5,0.281,,,0.246,1480.581
"H3","THA","280300","Thailand","USA","United States","Export",6,39.899,394.276,369.327,1673.185,3362.41
"H3","THA","280300","Thailand","USA","United States","Import",5,3453.233,2961.318,3665.759,3690.364,3963.367
"H3","THA","280300","Thailand","VNM","Vietnam","Export",6,11978.627,11423.413,11515.996,14431.982,32683.358
"H3","THA","280300","Thailand","VNM","Vietnam","Import",5,0.008,5.232,,0.025,0.109
"H3","THA","280300","Thailand","WLD"," World","Export",6,152907.986,103546.366,139762.432,183335.041,188099.15
"H3","THA","280300","Thailand","WLD"," World","Import",5,373187.38,295177.425,479564.437,565362.141,492878.638
"H3","THA","280300","Thailand","ZAF","South Africa","Export",6,,,0.006,,
"H3","TJK","280300","Tajikistan","CHN","China","Import",5,1.65,,6.22,,
"H3","TJK","280300","Tajikistan","IND","India","Import",5,,,,,0.011
"H3","TJK","280300","Tajikistan","RUS","Russian Federation","Import",5,0.434,0.351,1.36,0.143,1.422
"H3","TJK","280300","Tajikistan","TUR","Turkey","Import",5,,0.03,,,0.49
"H3","TJK","280300","Tajikistan","WLD"," World","Import",5,2.084,0.381,7.58,0.143,1.923
"H3","TMP","280300","East Timor","IDN","Indonesia","Import",5,,0.011,0.021,0.236,0.042
"H3","TMP","280300","East Timor","MYS","Malaysia","Import",5,,0.011,,,
"H3","TMP","280300","East Timor","WLD"," World","Import",5,,0.022,0.021,0.236,0.042
"H3","TON","280300","Tonga","CHN","China","Import",5,,,,0.169,
"H3","TON","280300","Tonga","JPN","Japan","Import",5,0.077,,,,
"H3","TON","280300","Tonga","NZL","New Zealand","Import",5,0.016,,,0.41,10.119
"H3","TON","280300","Tonga","USA","United States","Import",5,,,0.623,0.142,
"H3","TON","280300","Tonga","WLD"," World","Import",5,0.093,,0.623,0.721,10.119
"H3","TTO","280300","Trinidad and Tobago","BRA","Brazil","Import",5,,,5.943,,
"H3","TTO","280300","Trinidad and Tobago","CHN","China","Import",5,,,10.701,6.826,
"H3","TTO","280300","Trinidad and Tobago","DEU","Germany","Import",5,42.996,68.894,139.687,,
"H3","TTO","280300","Trinidad and Tobago","FRA","France","Import",5,,,1.607,,0.788
"H3","TTO","280300","Trinidad and Tobago","GRD","Grenada","Export",6,,0,,,0
"H3","TTO","280300","Trinidad and Tobago","IND","India","Import",5,,,,29.734,
"H3","TTO","280300","Trinidad and Tobago","ITA","Italy","Import",5,7.319,2.932,,,
"H3","TTO","280300","Trinidad and Tobago","JAM","Jamaica","Export",6,,,0,,
"H3","TTO","280300","Trinidad and Tobago","MEX","Mexico","Import",5,,,,,60.813
"H3","TTO","280300","Trinidad and Tobago","RUS","Russian Federation","Import",5,,,,86.286,
"H3","TTO","280300","Trinidad and Tobago","SUR","Suriname","Export",6,,,0,,0
"H3","TTO","280300","Trinidad and Tobago","USA","United States","Import",5,89.565,60.91,65.802,199.84,57.006
"H3","TTO","280300","Trinidad and Tobago","WLD"," World","Export",6,,0,0,,0
"H3","TTO","280300","Trinidad and Tobago","WLD"," World","Import",5,139.88,132.735,223.741,322.685,118.606
"H3","TUN","280300","Tunisia","BEL","Belgium","Import",5,5.836,5.731,9.466,42.352,
"H3","TUN","280300","Tunisia","BFA","Burkina Faso","Export",6,2.843,,,,
"H3","TUN","280300","Tunisia","BLR","Belarus","Import",5,,,313.223,84.523,
"H3","TUN","280300","Tunisia","CAN","Canada","Import",5,,,,,5.159
"H3","TUN","280300","Tunisia","CHN","China","Import",5,89.317,141.201,85.043,1437.926,88.835
"H3","TUN","280300","Tunisia","CIV","Cote d'Ivoire","Export",6,2.71,,,,
"H3","TUN","280300","Tunisia","CMR","Cameroon","Export",6,,21.667,,,
"H3","TUN","280300","Tunisia","COG","Congo, Rep.","Export",6,0.65,1.252,,,0.346
"H3","TUN","280300","Tunisia","COL","Colombia","Import",5,,112.1,,,
"H3","TUN","280300","Tunisia","CZE","Czech Republic","Import",5,136.715,20.272,327.571,944.399,
"H3","TUN","280300","Tunisia","DEU","Germany","Import",5,77.895,82.399,197.389,35.215,13.445
"H3","TUN","280300","Tunisia","DZA","Algeria","Export",6,0.703,,,1.951,14.22
"H3","TUN","280300","Tunisia","EGY","Egypt, Arab Rep.","Import",5,737.443,60.186,984.674,134.044,221.294
"H3","TUN","280300","Tunisia","ESP","Spain","Import",5,,0.14,,,0.671
"H3","TUN","280300","Tunisia","FRA","France","Import",5,2.029,10.143,1.408,375.701,43.746
"H3","TUN","280300","Tunisia","GBR","United Kingdom","Import",5,,,,2.198,
"H3","TUN","280300","Tunisia","IND","India","Import",5,23.659,201.417,82.902,37.113,142.667
"H3","TUN","280300","Tunisia","IRN","Iran, Islamic Rep.","Import",5,,,,393.195,
"H3","TUN","280300","Tunisia","ITA","Italy","Import",5,763.678,882.752,456.191,798.05,410.023
"H3","TUN","280300","Tunisia","JPN","Japan","Import",5,2.914,1.421,,,
"H3","TUN","280300","Tunisia","KOR","Korea, Rep.","Import",5,,13.092,,,
"H3","TUN","280300","Tunisia","LBY","Libya","Export",6,12.205,26.565,5.598,12.351,
"H3","TUN","280300","Tunisia","MRT","Mauritania","Export",6,,,1.155,2.969,8.105
"H3","TUN","280300","Tunisia","NLD","Netherlands","Import",5,14.645,199.909,,7.721,298.716
"H3","TUN","280300","Tunisia","POL","Poland","Import",5,348.612,455.887,,,
"H3","TUN","280300","Tunisia","RUS","Russian Federation","Import",5,25.776,790.385,1224.92,3827.255,1023
"H3","TUN","280300","Tunisia","SAU","Saudi Arabia","Import",5,,,,161.311,
"H3","TUN","280300","Tunisia","SEN","Senegal","Export",6,10.764,,,,
"H3","TUN","280300","Tunisia","SGP","Singapore","Import",5,28.971,,,,
"H3","TUN","280300","Tunisia","TGO","Togo","Export",6,,,,1.167,
"H3","TUN","280300","Tunisia","TUR","Turkey","Import",5,,,,36.585,30.869
"H3","TUN","280300","Tunisia","USA","United States","Import",5,5.542,30.4,10.907,18.948,40.315
"H3","TUN","280300","Tunisia","VEN","Venezuela","Import",5,,,,310.181,
"H3","TUN","280300","Tunisia","WLD"," World","Export",6,29.875,49.485,6.753,18.438,22.671
"H3","TUN","280300","Tunisia","WLD"," World","Import",5,2263.031,3007.435,4380.893,10632.699,3126.522
"H3","TUN","280300","Tunisia","ZAF","South Africa","Import",5,,,687.199,1985.983,807.784
"H3","TUR","280300","Turkey","AFG","Afghanistan","Export",6,,0.92,10.139,4.204,
"H3","TUR","280300","Turkey","ALB","Albania","Export",6,,,0.102,,
"H3","TUR","280300","Turkey","ALB","Albania","Import",5,,,,6.137,
"H3","TUR","280300","Turkey","ARE","United Arab Emirates","Export",6,,,,27.082,135.431
"H3","TUR","280300","Turkey","ARE","United Arab Emirates","Import",5,4787.074,4237.156,3456.7,2741.179,1748.274
"H3","TUR","280300","Turkey","ARG","Argentina","Export",6,,,,0.272,
"H3","TUR","280300","Turkey","ARG","Argentina","Import",5,,18.585,129.96,,
"H3","TUR","280300","Turkey","AUS","Australia","Export",6,,,0.383,0.403,2.154
"H3","TUR","280300","Turkey","AUS","Australia","Import",5,,,0.037,,
"H3","TUR","280300","Turkey","AUT","Austria","Export",6,231.916,110.76,239.142,375.568,366.996
"H3","TUR","280300","Turkey","AUT","Austria","Import",5,,,0.061,,0.066
"H3","TUR","280300","Turkey","AZE","Azerbaijan","Export",6,113.732,55.027,97.289,101.814,600.612
"H3","TUR","280300","Turkey","AZE","Azerbaijan","Import",5,,,,40.507,
"H3","TUR","280300","Turkey","BEL","Belgium","Export",6,,,0.204,0.722,0.066
"H3","TUR","280300","Turkey","BEL","Belgium","Import",5,316.399,336.873,416.275,351.052,324.681
"H3","TUR","280300","Turkey","BGR","Bulgaria","Export",6,84.818,109.579,74.642,134.39,179.101
"H3","TUR","280300","Turkey","BGR","Bulgaria","Import",5,,0.397,4.815,,
"H3","TUR","280300","Turkey","BHR","Bahrain","Export",6,,,0.042,,
"H3","TUR","280300","Turkey","BLR","Belarus","Export",6,11.183,,,20.29,0.878
"H3","TUR","280300","Turkey","BLR","Belarus","Import",5,,1853.844,19130.038,6761.412,2721.337
"H3","TUR","280300","Turkey","BRA","Brazil","Export",6,,33.099,0.031,103,178.412
"H3","TUR","280300","Turkey","BRA","Brazil","Import",5,1738.267,,,,
"H3","TUR","280300","Turkey","CAN","Canada","Export",6,,,0.529,1.696,0.52
"H3","TUR","280300","Turkey","CAN","Canada","Import",5,188.902,409.645,648.681,619.306,556.368
"H3","TUR","280300","Turkey","CHE","Switzerland","Export",6,12.764,49.023,120.629,101.143,99.873
"H3","TUR","280300","Turkey","CHE","Switzerland","Import",5,3.554,2.588,73.731,2.456,213.831
"H3","TUR","280300","Turkey","CHL","Chile","Export",6,,,0.133,,
"H3","TUR","280300","Turkey","CHN","China","Export",6,,,97.957,600.391,19.137
"H3","TUR","280300","Turkey","CHN","China","Import",5,10014.788,6343.981,4862.582,10645.339,12219.707
"H3","TUR","280300","Turkey","CIV","Cote d'Ivoire","Export",6,0.161,,,,
"H3","TUR","280300","Turkey","CMR","Cameroon","Export",6,360.076,99.5,4.8,,181
"H3","TUR","280300","Turkey","COL","Colombia","Export",6,,8.09,,,67.126
"H3","TUR","280300","Turkey","COL","Colombia","Import",5,1066.444,791.036,767.808,1796.06,889.416
"H3","TUR","280300","Turkey","CYP","Cyprus","Export",6,2.597,5.9,8.101,4.842,10.516
"H3","TUR","280300","Turkey","CZE","Czech Republic","Export",6,0.158,,105.917,2.698,0.389
"H3","TUR","280300","Turkey","CZE","Czech Republic","Import",5,3619.04,3769.956,8124.465,6932.611,8076.162
"H3","TUR","280300","Turkey","DEU","Germany","Export",6,28.234,20.546,143.217,879.493,482.877
"H3","TUR","280300","Turkey","DEU","Germany","Import",5,8766.715,9800.74,10600.265,15162.3,14952.467
"H3","TUR","280300","Turkey","DNK","Denmark","Export",6,,,,0.012,0.032
"H3","TUR","280300","Turkey","DNK","Denmark","Import",5,,,13.093,,0.091
"H3","TUR","280300","Turkey","DZA","Algeria","Export",6,,,5.191,,614.073
"H3","TUR","280300","Turkey","EGY","Egypt, Arab Rep.","Export",6,29.721,21.302,0.192,250.699,229.912
"H3","TUR","280300","Turkey","EGY","Egypt, Arab Rep.","Import",5,63665.512,44652.945,63913.954,101145.839,81390.625
"H3","TUR","280300","Turkey","ESP","Spain","Export",6,23.756,7.719,23.978,2.044,33.913
"H3","TUR","280300","Turkey","ESP","Spain","Import",5,2130.643,681.612,138.622,3538.31,448.266
"H3","TUR","280300","Turkey","EST","Estonia","Export",6,,,,0.136,1.016
"H3","TUR","280300","Turkey","EST","Estonia","Import",5,,,,,0.007
"H3","TUR","280300","Turkey","ETH","Ethiopia(excludes Eritrea)","Export",6,,,,,0.632
"H3","TUR","280300","Turkey","ETH","Ethiopia(excludes Eritrea)","Import",5,,,0.008,,
"H3","TUR","280300","Turkey","FIN","Finland","Export",6,,,0.067,0.347,3.963
"H3","TUR","280300","Turkey","FRA","France","Export",6,,,12.758,0.976,1.378
"H3","TUR","280300","Turkey","FRA","France","Import",5,113.771,82.245,1357.124,3157.069,4108.489
"H3","TUR","280300","Turkey","GBR","United Kingdom","Export",6,,8.809,4.343,1.072,7.923
"H3","TUR","280300","Turkey","GBR","United Kingdom","Import",5,10.969,45.421,94.11,118.43,146.972
"H3","TUR","280300","Turkey","GEO","Georgia","Export",6,28.923,11.946,12.874,86.603,10.605
"H3","TUR","280300","Turkey","GIN","Guinea","Export",6,,,,,1.46
"H3","TUR","280300","Turkey","GRC","Greece","Export",6,,,38.267,1069.003,1300.465
"H3","TUR","280300","Turkey","HKG","Hong Kong, China","Import",5,,,0.204,37.043,0.205
"H3","TUR","280300","Turkey","HRV","Croatia","Export",6,,,0.844,,
"H3","TUR","280300","Turkey","HRV","Croatia","Import",5,,,0.06,,
"H3","TUR","280300","Turkey","HUN","Hungary","Export",6,26.462,118.673,89.049,0.074,73.875
"H3","TUR","280300","Turkey","HUN","Hungary","Import",5,22618.267,8122.019,3869.04,8438.532,9829.245
"H3","TUR","280300","Turkey","IDN","Indonesia","Export",6,,,0.087,,102.65
"H3","TUR","280300","Turkey","IND","India","Export",6,,,5.946,20420.884,27189.082
"H3","TUR","280300","Turkey","IND","India","Import",5,2875.917,1993.949,3206.527,4119.501,5685.502
"H3","TUR","280300","Turkey","IRL","Ireland","Export",6,,,0.035,0.106,
"H3","TUR","280300","Turkey","IRL","Ireland","Import",5,,,,,0.219
"H3","TUR","280300","Turkey","IRN","Iran, Islamic Rep.","Export",6,1.446,30.417,35.003,33.372,61.144
"H3","TUR","280300","Turkey","IRN","Iran, Islamic Rep.","Import",5,4579.855,6675.084,9833.154,24075.225,13854.714
"H3","TUR","280300","Turkey","IRQ","Iraq","Export",6,27.409,30.531,48.424,45.969,14.266
"H3","TUR","280300","Turkey","IRQ","Iraq","Import",5,,,,11.921,28.09
"H3","TUR","280300","Turkey","ISL","Iceland","Import",5,,,0.259,,
"H3","TUR","280300","Turkey","ISR","Israel","Export",6,42.585,54.018,49.056,3625.034,2649.675
"H3","TUR","280300","Turkey","ISR","Israel","Import",5,7.463,1.575,5.12,1.129,
"H3","TUR","280300","Turkey","ITA","Italy","Export",6,58.767,,0.623,424.987,181.946
"H3","TUR","280300","Turkey","ITA","Italy","Import",5,33350.308,34378.589,56740.753,85774.908,75466.794
"H3","TUR","280300","Turkey","JOR","Jordan","Export",6,21.436,,,21.621,
"H3","TUR","280300","Turkey","JPN","Japan","Export",6,,0.032,,,28.084
"H3","TUR","280300","Turkey","JPN","Japan","Import",5,4625.711,3797.967,5104.979,8261.219,4764.889
"H3","TUR","280300","Turkey","KAZ","Kazakhstan","Export",6,14.152,18.819,16.334,21.467,86.362
"H3","TUR","280300","Turkey","KEN","Kenya","Export",6,,,,,14.707
"H3","TUR","280300","Turkey","KGZ","Kyrgyz Republic","Export",6,,,,5.809,41.843
"H3","TUR","280300","Turkey","KGZ","Kyrgyz Republic","Import",5,,0.295,,,
"H3","TUR","280300","Turkey","KOR","Korea, Rep.","Export",6,1.811,,,1.051,1.039
"H3","TUR","280300","Turkey","KOR","Korea, Rep.","Import",5,1847.776,1548.27,953.15,306.772,609.608
"H3","TUR","280300","Turkey","KWT","Kuwait","Export",6,,,,,0.641
"H3","TUR","280300","Turkey","LBN","Lebanon","Export",6,,11.566,,0.033,23.56
"H3","TUR","280300","Turkey","LBN","Lebanon","Import",5,3.6,,,,
"H3","TUR","280300","Turkey","LBR","Liberia","Export",6,,,,2.139,
"H3","TUR","280300","Turkey","LBY","Libya","Export",6,8.271,15.48,16.481,17.112,41.207
"H3","TUR","280300","Turkey","LKA","Sri Lanka","Export",6,18.861,14.792,51.867,4250.299,4041.273
"H3","TUR","280300","Turkey","LKA","Sri Lanka","Import",5,,,,,0.005
"H3","TUR","280300","Turkey","LTU","Lithuania","Export",6,,,,0.197,
"H3","TUR","280300","Turkey","LUX","Luxembourg","Export",6,,,,,97.634
"H3","TUR","280300","Turkey","LVA","Latvia","Export",6,,,,,0.282
"H3","TUR","280300","Turkey","MAR","Morocco","Export",6,0.537,0.57,0.02,77.744,0.092
"H3","TUR","280300","Turkey","MDV","Maldives","Export",6,,,0.293,,
"H3","TUR","280300","Turkey","MEX","Mexico","Export",6,,,,4.151,
"H3","TUR","280300","Turkey","MEX","Mexico","Import",5,,53.628,60.474,,172.999
"H3","TUR","280300","Turkey","MKD","North Macedonia","Export",6,79.709,0.306,3.486,3.505,
"H3","TUR","280300","Turkey","MLI","Mali","Export",6,,1.34,,,
"H3","TUR","280300","Turkey","MYS","Malaysia","Import",5,,,0.072,0.009,0.721
"H3","TUR","280300","Turkey","NER","Niger","Export",6,,,,0.02,
"H3","TUR","280300","Turkey","NGA","Nigeria","Export",6,,,,3.75,2.453
"H3","TUR","280300","Turkey","NLD","Netherlands","Export",6,,0.075,0.105,6.081,6.617
"H3","TUR","280300","Turkey","NLD","Netherlands","Import",5,451.109,408.906,842.17,847.225,2715.455
"H3","TUR","280300","Turkey","NOR","Norway","Export",6,,,0.324,0.325,0.874
"H3","TUR","280300","Turkey","NOR","Norway","Import",5,,,,,1.144
"H3","TUR","280300","Turkey","NZL","New Zealand","Export",6,,,0.425,,
"H3","TUR","280300","Turkey","OAS","Other Asia, nes","Export",6,,,33.198,,0.087
"H3","TUR","280300","Turkey","OAS","Other Asia, nes","Import",5,64.196,35.099,1.959,1.882,47.925
"H3","TUR","280300","Turkey","OMN","Oman","Import",5,,0.055,,,
"H3","TUR","280300","Turkey","PAK","Pakistan","Export",6,,,0.711,195.244,14.635
"H3","TUR","280300","Turkey","PER","Peru","Export",6,,,0.068,141.06,
"H3","TUR","280300","Turkey","PER","Peru","Import",5,,,0.004,,
"H3","TUR","280300","Turkey","POL","Poland","Export",6,,,24.992,516.627,83.454
"H3","TUR","280300","Turkey","POL","Poland","Import",5,4745.109,4813.766,6771.931,11240.75,7799.112
"H3","TUR","280300","Turkey","PRT","Portugal","Export",6,,,0.415,3.442,0.891
"H3","TUR","280300","Turkey","PRT","Portugal","Import",5,,,,0.006,3.505
"H3","TUR","280300","Turkey","QAT","Qatar","Export",6,,,,0.575,
"H3","TUR","280300","Turkey","ROM","Romania","Export",6,2.589,3.493,35.581,767.483,63.44
"H3","TUR","280300","Turkey","ROM","Romania","Import",5,17.558,,,2.916,
"H3","TUR","280300","Turkey","RUS","Russian Federation","Export",6,38.139,24.437,33.58,216.91,217.056
"H3","TUR","280300","Turkey","RUS","Russian Federation","Import",5,64746.284,55061.831,75709.384,145762.368,162974.378
"H3","TUR","280300","Turkey","RWA","Rwanda","Export",6,,,,,0.034
"H3","TUR","280300","Turkey","SAU","Saudi Arabia","Export",6,,,0.192,,0.118
"H3","TUR","280300","Turkey","SAU","Saudi Arabia","Import",5,452.885,491.8,6946,9070.913,4542.505
"H3","TUR","280300","Turkey","SER","Serbia, FR(Serbia/Montenegro)","Export",6,116.698,218.088,242.916,421.473,198.303
"H3","TUR","280300","Turkey","SER","Serbia, FR(Serbia/Montenegro)","Import",5,,,35.58,8.062,27.476
"H3","TUR","280300","Turkey","SGP","Singapore","Import",5,210.243,160.398,417.936,65.736,32.358
"H3","TUR","280300","Turkey","SOM","Somalia","Export",6,0.141,,,,
"H3","TUR","280300","Turkey","SUD","Sudan","Export",6,,,2.627,,
"H3","TUR","280300","Turkey","SVK","Slovak Republic","Export",6,,,0.245,,0.079
"H3","TUR","280300","Turkey","SVK","Slovak Republic","Import",5,,0.079,,,
"H3","TUR","280300","Turkey","SVN","Slovenia","Export",6,,,,203.955,
"H3","TUR","280300","Turkey","SWE","Sweden","Export",6,,,0.341,0.649,0.522
"H3","TUR","280300","Turkey","SWE","Sweden","Import",5,736.323,674.268,7623.67,2546.615,2531.686
"H3","TUR","280300","Turkey","SYR","Syrian Arab Republic","Export",6,9.5,20.044,39.802,38.755,48.854
"H3","TUR","280300","Turkey","THA","Thailand","Export",6,,,,1.209,0.233
"H3","TUR","280300","Turkey","THA","Thailand","Import",5,1669.771,1584.48,2291.395,3126.846,2429.443
"H3","TUR","280300","Turkey","TJK","Tajikistan","Export",6,,,,0.662,4.553
"H3","TUR","280300","Turkey","TKM","Turkmenistan","Export",6,0.2,,,0.13,0.423
"H3","TUR","280300","Turkey","TKM","Turkmenistan","Import",5,101.247,180.798,59.618,206.794,185.251
"H3","TUR","280300","Turkey","TUN","Tunisia","Export",6,,1.313,61.461,49.358,
"H3","TUR","280300","Turkey","TZA","Tanzania","Export",6,7.52,,13.815,0.114,
"H3","TUR","280300","Turkey","UKR","Ukraine","Export",6,10.953,12.415,74.448,9.359,192.28
"H3","TUR","280300","Turkey","UKR","Ukraine","Import",5,11243.217,12779.033,21700.197,6842.953,1590.818
"H3","TUR","280300","Turkey","UMI","United States Minor Outlying I","Import",5,,,,28.06,
"H3","TUR","280300","Turkey","UNS","Unspecified","Export",6,,,,66.377,
"H3","TUR","280300","Turkey","USA","United States","Export",6,81.138,241.551,6.423,18.636,18.101
"H3","TUR","280300","Turkey","USA","United States","Import",5,1886.615,1348.301,1602.855,1756.715,1697.737
"H3","TUR","280300","Turkey","UZB","Uzbekistan","Export",6,111.124,59.354,283.825,93.549,155.218
"H3","TUR","280300","Turkey","VEN","Venezuela","Import",5,,114.574,828.312,696.226,641.243
"H3","TUR","280300","Turkey","VNM","Vietnam","Export",6,,,0.136,,4.317
"H3","TUR","280300","Turkey","WLD"," World","Export",6,1617.03,1434.337,2403.962,35484.42,40322.029
"H3","TUR","280300","Turkey","WLD"," World","Import",5,252657.766,207251.788,318367.307,466443.417,425437.075
"H3","TUR","280300","Turkey","YEM","Yemen","Export",6,,1.654,,,
"H3","TUR","280300","Turkey","ZAF","South Africa","Export",6,9.543,13.149,229.857,4.223,129.665
"H3","TUR","280300","Turkey","ZAF","South Africa","Import",5,2.234,,30.175,195.084,7.289
"H3","TZA","280300","Tanzania","ARE","United Arab Emirates","Import",5,,,,55.6,
"H3","TZA","280300","Tanzania","BDI","Burundi","Export",6,,,49.253,25.7,90.201
"H3","TZA","280300","Tanzania","CHN","China","Import",5,5.197,45.635,47.43,87.191,134.727
"H3","TZA","280300","Tanzania","DEU","Germany","Import",5,25.695,,74.364,46.058,54.317
"H3","TZA","280300","Tanzania","ESP","Spain","Import",5,,,14.222,0.392,
"H3","TZA","280300","Tanzania","GEO","Georgia","Import",5,,,,,1.027
"H3","TZA","280300","Tanzania","HKG","Hong Kong, China","Import",5,,,,23.987,
"H3","TZA","280300","Tanzania","IND","India","Import",5,5.745,7.558,26.227,38.269,69.863
"H3","TZA","280300","Tanzania","KEN","Kenya","Export",6,0,,,,
"H3","TZA","280300","Tanzania","KOR","Korea, Rep.","Export",6,,0.1,,,
"H3","TZA","280300","Tanzania","KOR","Korea, Rep.","Import",5,29.647,16.711,31.313,20.34,
"H3","TZA","280300","Tanzania","MOZ","Mozambique","Export",6,0.68,,,,
"H3","TZA","280300","Tanzania","MOZ","Mozambique","Import",5,,,0.355,,
"H3","TZA","280300","Tanzania","RWA","Rwanda","Export",6,,0.962,,,
"H3","TZA","280300","Tanzania","SAU","Saudi Arabia","Import",5,1.203,,,,
"H3","TZA","280300","Tanzania","TUR","Turkey","Import",5,0.435,,,0.262,
"H3","TZA","280300","Tanzania","USA","United States","Import",5,,,,,1.217
"H3","TZA","280300","Tanzania","WLD"," World","Export",6,28.563,1.062,51.089,47.565,92.615
"H3","TZA","280300","Tanzania","WLD"," World","Import",5,67.923,70.69,200.291,272.098,261.151
"H3","TZA","280300","Tanzania","ZAF","South Africa","Export",6,,,1.836,0.109,0.014
"H3","TZA","280300","Tanzania","ZAR","Congo, Dem. Rep.","Export",6,27.883,,,,2.4
"H3","TZA","280300","Tanzania","ZAR","Congo, Dem. Rep.","Import",5,,0.786,6.38,,
"H3","TZA","280300","Tanzania","ZMB","Zambia","Export",6,,,,21.756,
"H3","UGA","280300","Uganda","ARE","United Arab Emirates","Import",5,,,67.509,0.048,315.09
"H3","UGA","280300","Uganda","AUT","Austria","Import",5,,,,,29.25
"H3","UGA","280300","Uganda","BDI","Burundi","Export",6,0.563,2.17,1.371,0.065,
"H3","UGA","280300","Uganda","CHN","China","Import",5,1124.062,1486.074,1548.977,1795.648,1666.485
"H3","UGA","280300","Uganda","DEU","Germany","Import",5,131.761,119.966,118.466,169.299,249.857
"H3","UGA","280300","Uganda","DNK","Denmark","Import",5,,4.493,,,
"H3","UGA","280300","Uganda","GBR","United Kingdom","Import",5,,,,,0.286
"H3","UGA","280300","Uganda","GEO","Georgia","Import",5,,,,,3.834
"H3","UGA","280300","Uganda","IND","India","Import",5,21.567,42.936,86.092,299.481,172.535
"H3","UGA","280300","Uganda","ITA","Italy","Import",5,,,,0.469,0.763
"H3","UGA","280300","Uganda","KEN","Kenya","Export",6,,,,3.057,
"H3","UGA","280300","Uganda","KEN","Kenya","Import",5,,,,1.936,1.72
"H3","UGA","280300","Uganda","KOR","Korea, Rep.","Import",5,,22.278,,22.121,22.045
"H3","UGA","280300","Uganda","MYS","Malaysia","Import",5,3.304,,,,
"H3","UGA","280300","Uganda","NLD","Netherlands","Import",5,,,,2.1,
"H3","UGA","280300","Uganda","RUS","Russian Federation","Import",5,,,,62.4,62.4
"H3","UGA","280300","Uganda","RWA","Rwanda","Export",6,0.311,,,,
"H3","UGA","280300","Uganda","THA","Thailand","Import",5,,,0.465,,
"H3","UGA","280300","Uganda","VNM","Vietnam","Import",5,,,,3.496,
"H3","UGA","280300","Uganda","WLD"," World","Export",6,1.273,2.312,1.371,3.284,0.162
"H3","UGA","280300","Uganda","WLD"," World","Import",5,1280.693,1675.907,1821.543,2356.997,2524.407
"H3","UGA","280300","Uganda","ZAF","South Africa","Import",5,,0.16,0.034,,0.143
"H3","UGA","280300","Uganda","ZAR","Congo, Dem. Rep.","Export",6,0.399,0.142,,0.162,0.162
"H3","UKR","280300","Ukraine","ARE","United Arab Emirates","Import",5,,,222.235,282.842,1583.865
"H3","UKR","280300","Ukraine","AUT","Austria","Export",6,,,33.924,,
"H3","UKR","280300","Ukraine","BEL","Belgium","Export",6,,,,73.178,55.748
"H3","UKR","280300","Ukraine","BEL","Belgium","Import",5,21.701,4.656,9.386,,11.741
"H3","UKR","280300","Ukraine","BGR","Bulgaria","Export",6,78.24,37.125,10.358,,
"H3","UKR","280300","Ukraine","BLR","Belarus","Export",6,3073.063,706.008,1001.229,1348.437,
"H3","UKR","280300","Ukraine","BLR","Belarus","Import",5,50.038,120.292,247.698,108.622,
"H3","UKR","280300","Ukraine","BRA","Brazil","Import",5,0.082,,,,
"H3","UKR","280300","Ukraine","CAN","Canada","Import",5,,,,,25.158
"H3","UKR","280300","Ukraine","CHN","China","Import",5,137.034,256.685,332.53,179.262,933.109
"H3","UKR","280300","Ukraine","CZE","Czech Republic","Export",6,3192.206,1243.623,1934.339,4880.423,3833.467
"H3","UKR","280300","Ukraine","CZE","Czech Republic","Import",5,24.683,44.002,171.001,1.87,661.198
"H3","UKR","280300","Ukraine","DEU","Germany","Export",6,10883.072,8374.727,11244,4580.877,1758.506
"H3","UKR","280300","Ukraine","DEU","Germany","Import",5,357.682,380.783,409.946,253.556,352.18
"H3","UKR","280300","Ukraine","DNK","Denmark","Import",5,0.209,0.184,0.028,6.512,15.205
"H3","UKR","280300","Ukraine","EGY","Egypt, Arab Rep.","Export",6,,,56.195,,
"H3","UKR","280300","Ukraine","ESP","Spain","Export",6,193.326,65.135,12.172,78.462,
"H3","UKR","280300","Ukraine","FRA","France","Export",6,4.25,,,86.604,
"H3","UKR","280300","Ukraine","FRA","France","Import",5,,,0.148,0.11,
"H3","UKR","280300","Ukraine","HUN","Hungary","Export",6,7139.934,4530.51,6535.745,4545.86,5.275
"H3","UKR","280300","Ukraine","HUN","Hungary","Import",5,,1.473,,,
"H3","UKR","280300","Ukraine","IND","India","Export",6,,721.226,1736.102,,
"H3","UKR","280300","Ukraine","IND","India","Import",5,71.568,16.24,14.905,50.583,563.507
"H3","UKR","280300","Ukraine","IRN","Iran, Islamic Rep.","Import",5,,14.334,,20.542,
"H3","UKR","280300","Ukraine","ITA","Italy","Export",6,399.223,440.795,397.083,349.654,
"H3","UKR","280300","Ukraine","ITA","Italy","Import",5,43.912,0.698,,3.988,
"H3","UKR","280300","Ukraine","JPN","Japan","Import",5,,1.383,8.233,11.571,
"H3","UKR","280300","Ukraine","LTU","Lithuania","Export",6,,,,24.496,
"H3","UKR","280300","Ukraine","LTU","Lithuania","Import",5,25.615,,,,
"H3","UKR","280300","Ukraine","LUX","Luxembourg","Export",6,2070.254,1438.085,1727.809,115.42,
"H3","UKR","280300","Ukraine","MAR","Morocco","Export",6,16.852,,,,
"H3","UKR","280300","Ukraine","MAR","Morocco","Import",5,0.078,,,,
"H3","UKR","280300","Ukraine","MDA","Moldova","Export",6,0.043,2.288,1.802,,
"H3","UKR","280300","Ukraine","NLD","Netherlands","Export",6,,,,129.573,143.621
"H3","UKR","280300","Ukraine","NLD","Netherlands","Import",5,,0.756,0.693,0.413,3.263
"H3","UKR","280300","Ukraine","POL","Poland","Export",6,30442.355,17708.369,29355.556,23844.963,18109.644
"H3","UKR","280300","Ukraine","POL","Poland","Import",5,45.092,10.746,69.756,10.509,79.088
"H3","UKR","280300","Ukraine","ROM","Romania","Import",5,0.712,,,,
"H3","UKR","280300","Ukraine","RUS","Russian Federation","Export",6,338.542,,,,
"H3","UKR","280300","Ukraine","RUS","Russian Federation","Import",5,3227.726,2044.162,2441.219,294.989,
"H3","UKR","280300","Ukraine","SER","Serbia, FR(Serbia/Montenegro)","Export",6,573.515,297.182,627.408,117.566,
"H3","UKR","280300","Ukraine","SVK","Slovak Republic","Export",6,337.414,10.532,66.634,28.86,52.879
"H3","UKR","280300","Ukraine","SVN","Slovenia","Import",5,2.558,4.508,1.627,8.986,1.859
"H3","UKR","280300","Ukraine","TKM","Turkmenistan","Import",5,,,,51.73,138.511
"H3","UKR","280300","Ukraine","TUR","Turkey","Export",6,8701.367,10028.563,18011.165,5268.104,1501.16
"H3","UKR","280300","Ukraine","TUR","Turkey","Import",5,0.064,39.4,,,78.104
"H3","UKR","280300","Ukraine","USA","United States","Export",6,,7.396,,,
"H3","UKR","280300","Ukraine","USA","United States","Import",5,11.951,16.2,22.603,3.945,27.926
"H3","UKR","280300","Ukraine","WLD"," World","Export",6,67443.656,45611.562,72751.523,45472.478,25460.3
"H3","UKR","280300","Ukraine","WLD"," World","Import",5,4020.705,2956.503,3952.006,1290.029,4474.713
"H3","URY","280300","Uruguay","ARG","Argentina","Import",5,246.393,293.689,307.912,285.912,250.474
"H3","URY","280300","Uruguay","BRA","Brazil","Export",6,0.007,,,3.68,
"H3","URY","280300","Uruguay","BRA","Brazil","Import",5,57.339,3.915,27.799,112.255,128.591
"H3","URY","280300","Uruguay","CHN","China","Import",5,1.324,4.184,,0.459,0.031
"H3","URY","280300","Uruguay","DEU","Germany","Import",5,6.387,3.555,2.474,0.658,
"H3","URY","280300","Uruguay","ITA","Italy","Import",5,,,,,1.346
"H3","URY","280300","Uruguay","USA","United States","Import",5,29.388,28.443,68.917,72.207,37.6
"H3","URY","280300","Uruguay","WLD"," World","Export",6,0.007,,,3.68,
"H3","URY","280300","Uruguay","WLD"," World","Import",5,340.831,333.784,407.103,471.492,418.042
"H3","USA","280300","United States","AFG","Afghanistan","Export",6,4.381,3.84,,,
"H3","USA","280300","United States","ARE","United Arab Emirates","Export",6,3578.383,1756.448,3200.333,1258.887,1957.391
"H3","USA","280300","United States","ARE","United Arab Emirates","Import",5,123.467,70.509,,,
"H3","USA","280300","United States","ARG","Argentina","Export",6,944.155,723.871,1536.679,1486.281,646.37
"H3","USA","280300","United States","ARG","Argentina","Import",5,,,,357.483,
"H3","USA","280300","United States","AUS","Australia","Export",6,607.588,425.744,385.608,393.973,223.041
"H3","USA","280300","United States","AUS","Australia","Import",5,,7.437,16.043,,
"H3","USA","280300","United States","AUT","Austria","Export",6,4.05,,,7.074,
"H3","USA","280300","United States","AUT","Austria","Import",5,203.548,19.435,,,
"H3","USA","280300","United States","BEL","Belgium","Export",6,43507.102,30081.878,43076.446,25897.14,5651.296
"H3","USA","280300","United States","BEL","Belgium","Import",5,5485.349,6066.938,4102.373,6548.778,4737.72
"H3","USA","280300","United States","BGD","Bangladesh","Export",6,39.375,152.22,23.425,97.033,120.103
"H3","USA","280300","United States","BHS","Bahamas, The","Export",6,,3.478,,,
"H3","USA","280300","United States","BLR","Belarus","Export",6,,,4.377,,
"H3","USA","280300","United States","BMU","Bermuda","Export",6,,,,3.52,40
"H3","USA","280300","United States","BOL","Bolivia","Export",6,39.95,0,64.702,391.199,83.66
"H3","USA","280300","United States","BRA","Brazil","Export",6,6388.317,5086.074,7601.312,10297.346,9412.344
"H3","USA","280300","United States","BRA","Brazil","Import",5,157.482,60.155,53.633,2303.668,3066.236
"H3","USA","280300","United States","BRB","Barbados","Export",6,,,,,7.045
"H3","USA","280300","United States","BRN","Brunei","Export",6,,12.25,4.35,,
"H3","USA","280300","United States","CAN","Canada","Export",6,83627.737,50615.118,66952.712,103772.041,108672.427
"H3","USA","280300","United States","CAN","Canada","Import",5,150349.756,111180.62,156554.482,209397.15,219343.713
"H3","USA","280300","United States","CHE","Switzerland","Export",6,107.799,161.168,822.432,22917.009,36009.729
"H3","USA","280300","United States","CHE","Switzerland","Import",5,518.044,716.71,764.729,1659.547,2121.559
"H3","USA","280300","United States","CHL","Chile","Export",6,188.952,214.922,114.278,269.317,77.261
"H3","USA","280300","United States","CHN","China","Export",6,27229.963,34210.426,46423.377,35446.679,24071.287
"H3","USA","280300","United States","CHN","China","Import",5,2221.966,1618.995,1946.773,27434.522,20105.443
"H3","USA","280300","United States","CIV","Cote d'Ivoire","Export",6,11.46,,11.725,20.96,
"H3","USA","280300","United States","CIV","Cote d'Ivoire","Import",5,,,,35.183,
"H3","USA","280300","United States","CMR","Cameroon","Export",6,,,,,2.88
"H3","USA","280300","United States","COL","Colombia","Export",6,1027.947,1187.444,1313.263,1236.093,451.526
"H3","USA","280300","United States","COL","Colombia","Import",5,173.179,44.963,47.178,160.942,29.925
"H3","USA","280300","United States","CRI","Costa Rica","Export",6,974.95,313.71,1262.836,2713.343,712.989
"H3","USA","280300","United States","CXR","Christmas Island","Export",6,,,,3,
"H3","USA","280300","United States","CYM","Cayman Islands","Export",6,10.711,5.725,,,
"H3","USA","280300","United States","CYP","Cyprus","Import",5,,,,10.179,
"H3","USA","280300","United States","CZE","Czech Republic","Export",6,3.9,107.761,38.13,5.392,135
"H3","USA","280300","United States","CZE","Czech Republic","Import",5,2243.09,2547.256,3103.292,4114.008,3715.759
"H3","USA","280300","United States","DEU","Germany","Export",6,6685.568,6738.482,15359.49,28243.788,4347.011
"H3","USA","280300","United States","DEU","Germany","Import",5,15625.798,11420.779,18112.402,23579.933,17542.119
"H3","USA","280300","United States","DNK","Denmark","Import",5,,2.554,,43.849,39.715
"H3","USA","280300","United States","DOM","Dominican Republic","Export",6,159.89,126.143,195.213,421.649,384.089
"H3","USA","280300","United States","ECU","Ecuador","Export",6,420.601,145.655,775.828,1684.389,149.703
"H3","USA","280300","United States","EGY","Egypt, Arab Rep.","Export",6,2.632,,8.4,,14.32
"H3","USA","280300","United States","EGY","Egypt, Arab Rep.","Import",5,,,,2436.27,
"H3","USA","280300","United States","ESP","Spain","Export",6,291.129,125.574,40.64,66.61,128.678
"H3","USA","280300","United States","ESP","Spain","Import",5,121.252,416.051,972.235,1053.391,2.484
"H3","USA","280300","United States","EST","Estonia","Export",6,,,47.6,,
"H3","USA","280300","United States","FIN","Finland","Export",6,492.012,1621.291,168.506,15,
"H3","USA","280300","United States","FJI","Fiji","Export",6,3.695,,,,
"H3","USA","280300","United States","FRA","France","Export",6,1172.89,1156.147,1008.854,1047.077,1258.425
"H3","USA","280300","United States","FRA","France","Import",5,1405.777,1055.577,1805.313,1427.956,3051.77
"H3","USA","280300","United States","GBR","United Kingdom","Export",6,1441.12,962.966,993.34,3823.152,603.399
"H3","USA","280300","United States","GBR","United Kingdom","Import",5,261.073,142.275,156.537,214.555,163.93
"H3","USA","280300","United States","GRC","Greece","Export",6,,,,60.406,
"H3","USA","280300","United States","GRD","Grenada","Export",6,27.936,,13.625,9.223,
"H3","USA","280300","United States","GTM","Guatemala","Export",6,629.858,1399.658,1107.116,1457.579,1365.427
"H3","USA","280300","United States","GUY","Guyana","Export",6,33.497,,32.995,39.764,86.303
"H3","USA","280300","United States","HKG","Hong Kong, China","Export",6,817.509,505.286,430.738,333.739,110.377
"H3","USA","280300","United States","HKG","Hong Kong, China","Import",5,78.4,,36.052,,
"H3","USA","280300","United States","HND","Honduras","Export",6,34.147,351.04,478.814,8.187,167.5
"H3","USA","280300","United States","HTI","Haiti","Export",6,12.884,20.29,8.6,38.808,56.434
"H3","USA","280300","United States","HUN","Hungary","Export",6,,,,46.861,
"H3","USA","280300","United States","HUN","Hungary","Import",5,,2.054,6.847,21.506,34.457
"H3","USA","280300","United States","IDN","Indonesia","Export",6,1335.554,1047.194,1512.325,1196.098,1105.781
"H3","USA","280300","United States","IDN","Indonesia","Import",5,,,,34.548,63.96
"H3","USA","280300","United States","IND","India","Export",6,14859.024,14156.272,16418.212,17852.868,12548.612
"H3","USA","280300","United States","IND","India","Import",5,3115.607,7906.615,8404.986,23940.871,32031.257
"H3","USA","280300","United States","IRL","Ireland","Export",6,17.03,41.223,26.868,79.996,25.688
"H3","USA","280300","United States","IRL","Ireland","Import",5,,,,4.669,
"H3","USA","280300","United States","IRQ","Iraq","Export",6,,33.006,49.265,34.106,
"H3","USA","280300","United States","ISR","Israel","Export",6,54.754,19.057,87.913,603.197,212.376
"H3","USA","280300","United States","ISR","Israel","Import",5,,2.376,,4.831,
"H3","USA","280300","United States","ITA","Italy","Export",6,9141.612,8719.243,9945.905,8164.265,8242.814
"H3","USA","280300","United States","ITA","Italy","Import",5,2221.537,2211.624,6496.29,2525.216,2004.823
"H3","USA","280300","United States","JAM","Jamaica","Export",6,48.531,48.995,59.826,77.801,59.273
"H3","USA","280300","United States","JOR","Jordan","Export",6,40.229,13.04,,,
"H3","USA","280300","United States","JPN","Japan","Export",6,28846.808,22771.012,29705.89,26181.948,22852.785
"H3","USA","280300","United States","JPN","Japan","Import",5,26009.147,21239.128,24643.872,32734.087,23416.327
"H3","USA","280300","United States","KAZ","Kazakhstan","Export",6,,,3,3.645,10.1
"H3","USA","280300","United States","KEN","Kenya","Export",6,,58.882,,19.734,
"H3","USA","280300","United States","KOR","Korea, Rep.","Export",6,10795.57,9243.104,11197.014,10933.676,7039.195
"H3","USA","280300","United States","KOR","Korea, Rep.","Import",5,10046.4,8643.302,8552.907,13375.164,4422.222
"H3","USA","280300","United States","LKA","Sri Lanka","Export",6,0,2.534,136.8,632.13,89.271
"H3","USA","280300","United States","LTU","Lithuania","Export",6,,3.6,4.716,,
"H3","USA","280300","United States","LUX","Luxembourg","Export",6,2.88,2.88,,11.961,77.16
"H3","USA","280300","United States","LUX","Luxembourg","Import",5,,,,,34.512
"H3","USA","280300","United States","MAR","Morocco","Export",6,,,25,,
"H3","USA","280300","United States","MEX","Mexico","Export",6,48021.384,36357.126,45077.838,79913.384,72138.35
"H3","USA","280300","United States","MEX","Mexico","Import",5,31991.965,23202.03,30929.04,37139.924,33774.539
"H3","USA","280300","United States","MKD","North Macedonia","Export",6,,,,,28.105
"H3","USA","280300","United States","MNG","Mongolia","Import",5,7.216,,,,
"H3","USA","280300","United States","MOZ","Mozambique","Export",6,,,,5.281,
"H3","USA","280300","United States","MYS","Malaysia","Export",6,4322.839,2806.269,4740.131,4284.334,4276.438
"H3","USA","280300","United States","MYS","Malaysia","Import",5,,,,21.731,
"H3","USA","280300","United States","NGA","Nigeria","Export",6,,36.795,,,
"H3","USA","280300","United States","NIC","Nicaragua","Export",6,6,88.07,,18.75,55.63
"H3","USA","280300","United States","NLD","Netherlands","Export",6,3664.439,1661.801,3980.505,2803.539,1722.748
"H3","USA","280300","United States","NLD","Netherlands","Import",5,10933.508,8981.223,13114.343,5719.478,17066.321
"H3","USA","280300","United States","NOR","Norway","Export",6,,253.469,9.8,17.992,3.3
"H3","USA","280300","United States","NPL","Nepal","Export",6,,,29.215,15.754,
"H3","USA","280300","United States","NZL","New Zealand","Export",6,11.349,4.74,25.038,45.817,
"H3","USA","280300","United States","OAS","Other Asia, nes","Export",6,4140.437,3380.761,4262.992,4255.228,1901.176
"H3","USA","280300","United States","OAS","Other Asia, nes","Import",5,144.728,,,53.651,17.92
"H3","USA","280300","United States","PAK","Pakistan","Export",6,15.592,41.368,40.665,50.783,
"H3","USA","280300","United States","PAK","Pakistan","Import",5,107.328,,,,
"H3","USA","280300","United States","PAN","Panama","Export",6,4.51,3.9,27.787,62.597,7.5
"H3","USA","280300","United States","PER","Peru","Export",6,209.414,68.845,139.445,393.451,72.908
"H3","USA","280300","United States","PHL","Philippines","Export",6,169.346,209.324,281.298,150.957,253.563
"H3","USA","280300","United States","PNG","Papua New Guinea","Export",6,,,,,4.745
"H3","USA","280300","United States","POL","Poland","Export",6,68.735,266.352,39.42,0,19.932
"H3","USA","280300","United States","POL","Poland","Import",5,168.046,537.246,2366.945,7583.841,49.3
"H3","USA","280300","United States","PRT","Portugal","Export",6,7.079,,,,272.392
"H3","USA","280300","United States","PRY","Paraguay","Export",6,51.214,27.826,73.625,122.298,13.599
"H3","USA","280300","United States","PYF","French Polynesia","Export",6,,,0,,
"H3","USA","280300","United States","QAT","Qatar","Export",6,,,2.886,12.717,
"H3","USA","280300","United States","ROM","Romania","Import",5,,51.069,,,
"H3","USA","280300","United States","RUS","Russian Federation","Export",6,12.44,18.744,14.766,,9.014
"H3","USA","280300","United States","RUS","Russian Federation","Import",5,32714.824,23491.288,33189.553,28323.275,4120.32
"H3","USA","280300","United States","SAU","Saudi Arabia","Export",6,55.782,,16.201,59.561,98.49
"H3","USA","280300","United States","SAU","Saudi Arabia","Import",5,,,,7.689,
"H3","USA","280300","United States","SEN","Senegal","Export",6,2.546,,,,
"H3","USA","280300","United States","SER","Serbia, FR(Serbia/Montenegro)","Export",6,,5.2,,2.55,
"H3","USA","280300","United States","SER","Serbia, FR(Serbia/Montenegro)","Import",5,,,,2.25,
"H3","USA","280300","United States","SGP","Singapore","Export",6,1234.137,1108.088,1485.233,1853.803,1208.359
"H3","USA","280300","United States","SGP","Singapore","Import",5,5206.782,6823.685,6146.452,16402.729,8388.595
"H3","USA","280300","United States","SLV","El Salvador","Export",6,69.407,89.094,254.169,153.196,170.17
"H3","USA","280300","United States","SUR","Suriname","Export",6,27.667,,136.8,352,
"H3","USA","280300","United States","SVK","Slovak Republic","Export",6,196.425,,,,12.643
"H3","USA","280300","United States","SVN","Slovenia","Export",6,,,,3.6,
"H3","USA","280300","United States","SVN","Slovenia","Import",5,27.15,,,,
"H3","USA","280300","United States","SWE","Sweden","Export",6,288.969,86.679,1106.818,,7.5
"H3","USA","280300","United States","SWE","Sweden","Import",5,100.243,210.199,1599.167,2237.388,2234.224
"H3","USA","280300","United States","SWZ","Eswatini","Export",6,,,,,36
"H3","USA","280300","United States","SXM","Saint Maarten (Dutch part)","Export",6,,,7.567,,
"H3","USA","280300","United States","THA","Thailand","Export",6,2310.699,2741.387,2762.15,2918.38,2757.257
"H3","USA","280300","United States","THA","Thailand","Import",5,48.549,114.44,995.601,1233.541,6275.673
"H3","USA","280300","United States","TKM","Turkmenistan","Import",5,1520.042,1628.014,520.012,1136.111,942.558
"H3","USA","280300","United States","TTO","Trinidad and Tobago","Export",6,107.414,49.266,22.054,103.47,12.496
"H3","USA","280300","United States","TUR","Turkey","Export",6,491.547,123.368,160.985,110.951,276.195
"H3","USA","280300","United States","TUR","Turkey","Import",5,,,,2.912,2.701
"H3","USA","280300","United States","UKR","Ukraine","Export",6,4.5,6.07,,,6.196
"H3","USA","280300","United States","UKR","Ukraine","Import",5,184.261,268.311,164.797,300.115,242.31
"H3","USA","280300","United States","URY","Uruguay","Export",6,24.7,13.172,49.806,24.872,18.1
"H3","USA","280300","United States","VEN","Venezuela","Export",6,,15.212,,148.215,70.402
"H3","USA","280300","United States","VEN","Venezuela","Import",5,67.434,399.921,1982.578,8257.996,4681.959
"H3","USA","280300","United States","VNM","Vietnam","Export",6,525.655,500.113,891.182,793.951,488.502
"H3","USA","280300","United States","VNM","Vietnam","Import",5,,102.793,,,
"H3","USA","280300","United States","WLD"," World","Export",6,312033.943,245098.783,328535.333,408478.042,335427.995
"H3","USA","280300","United States","WLD"," World","Import",5,303582.948,241185.572,326784.432,461840.937,413724.351
"H3","USA","280300","United States","ZAF","South Africa","Export",6,325.637,761.093,218.479,496.667,277.215
"H3","UZB","280300","Uzbekistan","AZE","Azerbaijan","Import",5,1.003,,,,
"H3","UZB","280300","Uzbekistan","CHN","China","Import",5,719.016,569.772,162.805,261.252,665.898
"H3","UZB","280300","Uzbekistan","DEU","Germany","Import",5,36.182,3.546,27.83,95.301,63.185
"H3","UZB","280300","Uzbekistan","EGY","Egypt, Arab Rep.","Import",5,,26.772,19.191,21.65,
"H3","UZB","280300","Uzbekistan","IND","India","Import",5,13.8,17.587,49.357,21.966,82.635
"H3","UZB","280300","Uzbekistan","IRN","Iran, Islamic Rep.","Import",5,18.73,90.413,28.888,2.133,0.525
"H3","UZB","280300","Uzbekistan","ITA","Italy","Import",5,,,2.589,,
"H3","UZB","280300","Uzbekistan","JPN","Japan","Import",5,,,,0.1,
"H3","UZB","280300","Uzbekistan","KAZ","Kazakhstan","Export",6,,,,4.368,89.956
"H3","UZB","280300","Uzbekistan","KGZ","Kyrgyz Republic","Import",5,,,2.314,,
"H3","UZB","280300","Uzbekistan","KOR","Korea, Rep.","Import",5,19.16,24.688,8.84,2.565,23.119
"H3","UZB","280300","Uzbekistan","POL","Poland","Import",5,,,0.002,0.002,
"H3","UZB","280300","Uzbekistan","RUS","Russian Federation","Export",6,,,,2.083,
"H3","UZB","280300","Uzbekistan","RUS","Russian Federation","Import",5,3277.516,2851.038,3733.519,5907.925,3871.296
"H3","UZB","280300","Uzbekistan","SER","Serbia, FR(Serbia/Montenegro)","Import",5,,,,,17.122
"H3","UZB","280300","Uzbekistan","TKM","Turkmenistan","Export",6,,,,,0.278
"H3","UZB","280300","Uzbekistan","TKM","Turkmenistan","Import",5,352.3,,112.855,277.118,
"H3","UZB","280300","Uzbekistan","TUR","Turkey","Export",6,,,0.336,,
"H3","UZB","280300","Uzbekistan","TUR","Turkey","Import",5,20.696,14.41,8.574,308.3,115.743
"H3","UZB","280300","Uzbekistan","USA","United States","Import",5,,,,15.346,31.695
"H3","UZB","280300","Uzbekistan","WLD"," World","Export",6,,,0.336,6.451,90.234
"H3","UZB","280300","Uzbekistan","WLD"," World","Import",5,4458.403,3598.226,4156.764,6913.658,4871.218
"H3","VNM","280300","Vietnam","ARE","United Arab Emirates","Export",6,,,,,50.66
"H3","VNM","280300","Vietnam","ARE","United Arab Emirates","Import",5,449.054,723.004,822.607,3566.914,2476.241
"H3","VNM","280300","Vietnam","ARG","Argentina","Import",5,,117.931,,,
"H3","VNM","280300","Vietnam","AUS","Australia","Import",5,,0.988,,,0.585
"H3","VNM","280300","Vietnam","AUT","Austria","Import",5,4.298,,,,
"H3","VNM","280300","Vietnam","BEL","Belgium","Import",5,18.403,34.547,223.959,192.793,105.263
"H3","VNM","280300","Vietnam","BLR","Belarus","Import",5,,,461.6,824.514,244.332
"H3","VNM","280300","Vietnam","CAN","Canada","Export",6,1.654,,,,
"H3","VNM","280300","Vietnam","CAN","Canada","Import",5,514.131,392.324,694.289,557.297,249.103
"H3","VNM","280300","Vietnam","CHE","Switzerland","Import",5,,7.973,,,19.096
"H3","VNM","280300","Vietnam","CHN","China","Export",6,67.321,11.952,,8.789,79.645
"H3","VNM","280300","Vietnam","CHN","China","Import",5,120066.734,116300.026,211663.159,314988.202,202630.888
"H3","VNM","280300","Vietnam","COL","Colombia","Import",5,171.27,,,,
"H3","VNM","280300","Vietnam","CZE","Czech Republic","Import",5,3.186,7.349,4.313,55.057,54.156
"H3","VNM","280300","Vietnam","DEU","Germany","Import",5,480.311,697.778,958.391,905.97,768.796
"H3","VNM","280300","Vietnam","FRA","France","Export",6,,,1.152,,
"H3","VNM","280300","Vietnam","GBR","United Kingdom","Export",6,,,,,1.76
"H3","VNM","280300","Vietnam","GBR","United Kingdom","Import",5,,,6.237,12.475,6.237
"H3","VNM","280300","Vietnam","IDN","Indonesia","Export",6,,13.808,5.904,,21.386
"H3","VNM","280300","Vietnam","IDN","Indonesia","Import",5,53.356,681.209,855.851,1022.295,2855.499
"H3","VNM","280300","Vietnam","IND","India","Export",6,46.596,34.375,14.256,0.909,20.91
"H3","VNM","280300","Vietnam","IND","India","Import",5,21218.458,11633.54,27951.945,28878.986,38758.866
"H3","VNM","280300","Vietnam","ITA","Italy","Import",5,4.738,,49.64,12.635,2.794
"H3","VNM","280300","Vietnam","JPN","Japan","Export",6,0.514,,,23.664,
"H3","VNM","280300","Vietnam","JPN","Japan","Import",5,3198.02,2813.132,2887.176,2541.666,2630.817
"H3","VNM","280300","Vietnam","KEN","Kenya","Export",6,,,,3.493,
"H3","VNM","280300","Vietnam","KHM","Cambodia","Export",6,3.322,29.616,,,190.362
"H3","VNM","280300","Vietnam","KOR","Korea, Rep.","Export",6,,10.552,24.708,34.491,24.529
"H3","VNM","280300","Vietnam","KOR","Korea, Rep.","Import",5,20978.696,17428.185,26627.918,38126.737,31689.593
"H3","VNM","280300","Vietnam","LAO","Lao PDR","Export",6,24.058,18.524,19.396,,11.25
"H3","VNM","280300","Vietnam","LKA","Sri Lanka","Export",6,,,,,0.956
"H3","VNM","280300","Vietnam","MYS","Malaysia","Export",6,3.553,4.265,22.92,7.159,19.945
"H3","VNM","280300","Vietnam","MYS","Malaysia","Import",5,318.229,303.643,311.723,258.483,171.159
"H3","VNM","280300","Vietnam","NLD","Netherlands","Import",5,227.732,211.35,59.332,0.72,26.262
"H3","VNM","280300","Vietnam","OAS","Other Asia, nes","Export",6,13.05,11.497,5.954,,
"H3","VNM","280300","Vietnam","OAS","Other Asia, nes","Import",5,7654.737,10871.657,12497.595,16653.795,17931.664
"H3","VNM","280300","Vietnam","PAK","Pakistan","Export",6,,,,84.76,
"H3","VNM","280300","Vietnam","PHL","Philippines","Export",6,,,16.78,10.908,
"H3","VNM","280300","Vietnam","PHL","Philippines","Import",5,2.174,,,1.942,6.35
"H3","VNM","280300","Vietnam","RUS","Russian Federation","Import",5,2859.662,1971.645,6989.826,10911.022,33180.022
"H3","VNM","280300","Vietnam","SAU","Saudi Arabia","Import",5,,,18.008,,
"H3","VNM","280300","Vietnam","SGP","Singapore","Export",6,,,1.68,,
"H3","VNM","280300","Vietnam","SGP","Singapore","Import",5,817.561,690.113,534.505,442.07,279.726
"H3","VNM","280300","Vietnam","THA","Thailand","Export",6,3.286,33.989,54.806,3.368,6.952
"H3","VNM","280300","Vietnam","THA","Thailand","Import",5,12378.529,11240.965,11478.152,14443.276,32187.391
"H3","VNM","280300","Vietnam","TUR","Turkey","Import",5,,,,,4.24
"H3","VNM","280300","Vietnam","UKR","Ukraine","Import",5,,,3.68,,
"H3","VNM","280300","Vietnam","USA","United States","Import",5,1405.381,1119.047,1555.424,1775.627,810.856
"H3","VNM","280300","Vietnam","WLD"," World","Export",6,163.354,168.579,167.557,177.54,428.355
"H3","VNM","280300","Vietnam","WLD"," World","Import",5,192824.66,177246.406,306655.332,436172.477,367089.937
"H3","WSM","280300","Samoa","FJI","Fiji","Import",5,0.705,,0.21,,
"H3","WSM","280300","Samoa","WLD"," World","Import",5,0.705,,0.21,,
"H3","YEM","280300","Yemen","IND","India","Import",5,0.54,,,,8.153
"H3","YEM","280300","Yemen","JPN","Japan","Import",5,0.416,,,,
"H3","YEM","280300","Yemen","RUS","Russian Federation","Import",5,0.93,,,,
"H3","YEM","280300","Yemen","WLD"," World","Import",5,1.886,,,,8.153
"H3","ZAF","280300","South Africa","AGO","Angola","Export",6,17.925,,21.933,,
"H3","ZAF","280300","South Africa","ARE","United Arab Emirates","Export",6,59.566,0.023,0.04,0.113,
"H3","ZAF","280300","South Africa","ARE","United Arab Emirates","Import",5,,,26.294,,
"H3","ZAF","280300","South Africa","AUS","Australia","Export",6,34.036,,54.704,,
"H3","ZAF","280300","South Africa","BEL","Belgium","Export",6,862.129,,,169.274,
"H3","ZAF","280300","South Africa","BEL","Belgium","Import",5,125.698,117.363,187.616,194.378,166.756
"H3","ZAF","280300","South Africa","BUN","Bunkers","Export",6,,0.076,,,
"H3","ZAF","280300","South Africa","BWA","Botswana","Export",6,40.075,0.333,48.416,4.861,0.602
"H3","ZAF","280300","South Africa","BWA","Botswana","Import",5,,,,,0.001
"H3","ZAF","280300","South Africa","CAN","Canada","Import",5,75.35,24.226,23.315,58.799,
"H3","ZAF","280300","South Africa","CHE","Switzerland","Export",6,0.075,,,,
"H3","ZAF","280300","South Africa","CHE","Switzerland","Import",5,150.818,121.317,82.376,0.031,
"H3","ZAF","280300","South Africa","CHN","China","Export",6,,,,130.45,
"H3","ZAF","280300","South Africa","CHN","China","Import",5,1397.077,1116.464,585.773,1024.692,2884.378
"H3","ZAF","280300","South Africa","COG","Congo, Rep.","Export",6,19.382,,,,
"H3","ZAF","280300","South Africa","CZE","Czech Republic","Import",5,828.319,1047.375,3390.171,2850.75,1204.195
"H3","ZAF","280300","South Africa","DEU","Germany","Export",6,0.023,0.003,528.414,1603.569,0.025
"H3","ZAF","280300","South Africa","DEU","Germany","Import",5,1569.497,1631.19,1398.607,1894.614,1862.056
"H3","ZAF","280300","South Africa","DNK","Denmark","Export",6,,,,,0.065
"H3","ZAF","280300","South Africa","DNK","Denmark","Import",5,3.242,1.65,4.623,0.302,0.529
"H3","ZAF","280300","South Africa","DZA","Algeria","Export",6,,,244.615,,
"H3","ZAF","280300","South Africa","EGY","Egypt, Arab Rep.","Export",6,76.103,,23.421,,
"H3","ZAF","280300","South Africa","ESP","Spain","Import",5,53.492,0.06,8.52,7.029,0.001
"H3","ZAF","280300","South Africa","ETH","Ethiopia(excludes Eritrea)","Export",6,,,327.614,,
"H3","ZAF","280300","South Africa","FIN","Finland","Export",6,,,,1904.384,
"H3","ZAF","280300","South Africa","FJI","Fiji","Export",6,15.829,,,,
"H3","ZAF","280300","South Africa","FRA","France","Import",5,31.036,265.061,268.617,432.391,29.356
"H3","ZAF","280300","South Africa","GAB","Gabon","Export",6,0.908,,,,
"H3","ZAF","280300","South Africa","GBR","United Kingdom","Export",6,24.356,,0.005,,
"H3","ZAF","280300","South Africa","GBR","United Kingdom","Import",5,0.751,1.742,2.448,2.751,36.635
"H3","ZAF","280300","South Africa","GHA","Ghana","Export",6,16.641,,,,
"H3","ZAF","280300","South Africa","GHA","Ghana","Import",5,,,,,0.022
"H3","ZAF","280300","South Africa","HKG","Hong Kong, China","Import",5,,,,0.151,0.132
"H3","ZAF","280300","South Africa","HUN","Hungary","Export",6,,,,656.156,
"H3","ZAF","280300","South Africa","HUN","Hungary","Import",5,0.022,25.556,55.574,,
"H3","ZAF","280300","South Africa","IDN","Indonesia","Export",6,35.475,,,,
"H3","ZAF","280300","South Africa","IND","India","Export",6,85.623,113.791,147.501,4.82,
"H3","ZAF","280300","South Africa","IND","India","Import",5,46.203,53.898,144.482,105.079,657.55
"H3","ZAF","280300","South Africa","ITA","Italy","Export",6,204.841,310.773,553.887,,
"H3","ZAF","280300","South Africa","ITA","Italy","Import",5,27.937,57.598,902.57,513.868,350.649
"H3","ZAF","280300","South Africa","JPN","Japan","Export",6,15.133,0.012,,,
"H3","ZAF","280300","South Africa","JPN","Japan","Import",5,45.849,40.781,66.755,0.856,38.588
"H3","ZAF","280300","South Africa","KEN","Kenya","Export",6,16.907,,0.034,3.984,
"H3","ZAF","280300","South Africa","KOR","Korea, Rep.","Import",5,255.255,344.637,157.037,141.969,243.805
"H3","ZAF","280300","South Africa","LKA","Sri Lanka","Export",6,,,95.715,,
"H3","ZAF","280300","South Africa","LSO","Lesotho","Export",6,2.053,11.752,1.929,,0.007
"H3","ZAF","280300","South Africa","LTU","Lithuania","Import",5,,,0.453,,
"H3","ZAF","280300","South Africa","LUX","Luxembourg","Import",5,,,,,0.002
"H3","ZAF","280300","South Africa","LVA","Latvia","Import",5,,,,,0.158
"H3","ZAF","280300","South Africa","MDG","Madagascar","Export",6,16.31,,,,
"H3","ZAF","280300","South Africa","MEX","Mexico","Import",5,,0.006,1.11,52.048,
"H3","ZAF","280300","South Africa","MLI","Mali","Import",5,,,0.034,,
"H3","ZAF","280300","South Africa","MOZ","Mozambique","Export",6,6.067,2.244,0.969,11.56,7.63
"H3","ZAF","280300","South Africa","MUS","Mauritius","Export",6,32.799,,8.765,6.593,0.103
"H3","ZAF","280300","South Africa","MUS","Mauritius","Import",5,,,0.034,,
"H3","ZAF","280300","South Africa","MWI","Malawi","Export",6,1.795,7.729,8.932,5.304,9.735
"H3","ZAF","280300","South Africa","MYS","Malaysia","Export",6,238.115,325.818,605.621,253.062,343.858
"H3","ZAF","280300","South Africa","MYS","Malaysia","Import",5,,0.005,0.005,0.005,
"H3","ZAF","280300","South Africa","NAM","Namibia","Export",6,5.398,63.038,7.426,2.631,4.456
"H3","ZAF","280300","South Africa","NAM","Namibia","Import",5,,0.406,1.085,1.187,0.033
"H3","ZAF","280300","South Africa","NGA","Nigeria","Export",6,,,3.243,,
"H3","ZAF","280300","South Africa","NGA","Nigeria","Import",5,,,,0.007,
"H3","ZAF","280300","South Africa","NLD","Netherlands","Export",6,205.743,0.064,116.333,,
"H3","ZAF","280300","South Africa","NLD","Netherlands","Import",5,142.693,175.093,398.9,517.862,467.675
"H3","ZAF","280300","South Africa","NOR","Norway","Import",5,,,,0.001,
"H3","ZAF","280300","South Africa","NZL","New Zealand","Import",5,,,7.356,,
"H3","ZAF","280300","South Africa","OAS","Other Asia, nes","Export",6,9.21,,155.893,143.631,
"H3","ZAF","280300","South Africa","OAS","Other Asia, nes","Import",5,1.044,,,,31.541
"H3","ZAF","280300","South Africa","PAN","Panama","Export",6,0.225,,,,
"H3","ZAF","280300","South Africa","PHL","Philippines","Export",6,275.66,118.713,63.612,438.969,342.566
"H3","ZAF","280300","South Africa","PNG","Papua New Guinea","Export",6,18.262,,,,
"H3","ZAF","280300","South Africa","POL","Poland","Export",6,,,957.059,2684.436,
"H3","ZAF","280300","South Africa","POL","Poland","Import",5,23.34,,29.591,0.046,
"H3","ZAF","280300","South Africa","PRT","Portugal","Import",5,,22.386,,,
"H3","ZAF","280300","South Africa","QAT","Qatar","Export",6,32.702,,,,
"H3","ZAF","280300","South Africa","RUS","Russian Federation","Import",5,249.246,360.581,4636.953,1799.638,469.122
"H3","ZAF","280300","South Africa","SAU","Saudi Arabia","Export",6,,,61.737,,
"H3","ZAF","280300","South Africa","SAU","Saudi Arabia","Import",5,106.078,,,,
"H3","ZAF","280300","South Africa","SGP","Singapore","Export",6,,,51.945,,
"H3","ZAF","280300","South Africa","SPE","Special Categories","Import",5,,,,,0.025
"H3","ZAF","280300","South Africa","SVK","Slovak Republic","Export",6,,,,0.003,
"H3","ZAF","280300","South Africa","SVK","Slovak Republic","Import",5,,9.308,,10.858,
"H3","ZAF","280300","South Africa","SVN","Slovenia","Import",5,0.17,,,,
"H3","ZAF","280300","South Africa","SWE","Sweden","Import",5,,,19.792,,
"H3","ZAF","280300","South Africa","SWZ","Eswatini","Export",6,3.214,3.36,3.742,5.701,7.78
"H3","ZAF","280300","South Africa","SWZ","Eswatini","Import",5,,0.705,,0.611,
"H3","ZAF","280300","South Africa","THA","Thailand","Import",5,,,,0.03,
"H3","ZAF","280300","South Africa","TKL","Tokelau","Import",5,,1.077,,,
"H3","ZAF","280300","South Africa","TUN","Tunisia","Export",6,,,586.875,2220.459,
"H3","ZAF","280300","South Africa","TUR","Turkey","Export",6,,,26.092,161.906,3.016
"H3","ZAF","280300","South Africa","TUR","Turkey","Import",5,16.546,44.476,135.58,274.497,195.404
"H3","ZAF","280300","South Africa","TZA","Tanzania","Export",6,16.307,,,0.218,
"H3","ZAF","280300","South Africa","TZA","Tanzania","Import",5,,,1.843,0.051,
"H3","ZAF","280300","South Africa","UGA","Uganda","Export",6,,,0.034,,
"H3","ZAF","280300","South Africa","UKR","Ukraine","Import",5,,,,,0.01
"H3","ZAF","280300","South Africa","UNS","Unspecified","Import",5,,0.002,,0.001,
"H3","ZAF","280300","South Africa","USA","United States","Export",6,549.197,0.002,,0.001,0.538
"H3","ZAF","280300","South Africa","USA","United States","Import",5,564.747,528.174,475.569,905.021,378.462
"H3","ZAF","280300","South Africa","WLD"," World","Export",6,3090.561,1078.564,4892.804,10835.582,1039.113
"H3","ZAF","280300","South Africa","WLD"," World","Import",5,5714.411,5991.137,13013.085,10789.547,9017.355
"H3","ZAF","280300","South Africa","ZAR","Congo, Dem. Rep.","Export",6,17.707,0.18,,64.987,69.35
"H3","ZAF","280300","South Africa","ZAR","Congo, Dem. Rep.","Import",5,,,,0.022,0.27
"H3","ZAF","280300","South Africa","ZMB","Zambia","Export",6,17.963,16.34,12.75,33.021,33.261
"H3","ZAF","280300","South Africa","ZWE","Zimbabwe","Export",6,116.809,104.315,173.545,325.488,216.122
"H3","ZAR","280300","Congo, Dem. Rep.","BEL","Belgium","Import",5,,,2.881,,4.364
"H3","ZAR","280300","Congo, Dem. Rep.","CHE","Switzerland","Import",5,0.312,,,,
"H3","ZAR","280300","Congo, Dem. Rep.","CHN","China","Import",5,,4.314,16.923,,2.057
"H3","ZAR","280300","Congo, Dem. Rep.","FRA","France","Import",5,,,,,7.627
"H3","ZAR","280300","Congo, Dem. Rep.","IND","India","Import",5,7.894,21.104,52.166,66.836,9.29
"H3","ZAR","280300","Congo, Dem. Rep.","LBN","Lebanon","Import",5,,,,,0.332
"H3","ZAR","280300","Congo, Dem. Rep.","TUR","Turkey","Import",5,,,,,54.202
"H3","ZAR","280300","Congo, Dem. Rep.","UGA","Uganda","Import",5,,,,,0.326
"H3","ZAR","280300","Congo, Dem. Rep.","URY","Uruguay","Import",5,,,,,21.942
"H3","ZAR","280300","Congo, Dem. Rep.","WLD"," World","Export",6,,,,0.01,
"H3","ZAR","280300","Congo, Dem. Rep.","WLD"," World","Import",5,8.207,25.419,90.996,68.433,240.825
"H3","ZAR","280300","Congo, Dem. Rep.","ZAF","South Africa","Export",6,,,,0.01,
"H3","ZAR","280300","Congo, Dem. Rep.","ZAF","South Africa","Import",5,,,19.026,,140.686
"H3","ZAR","280300","Congo, Dem. Rep.","ZMB","Zambia","Import",5,,,,1.597,
"H3","ZMB","280300","Zambia","CHN","China","Import",5,182.556,40.9,37.519,594.454,196.879
"H3","ZMB","280300","Zambia","DEU","Germany","Import",5,2.496,,,,
"H3","ZMB","280300","Zambia","EGY","Egypt, Arab Rep.","Import",5,78.412,30.043,36.031,58.789,
"H3","ZMB","280300","Zambia","GBR","United Kingdom","Import",5,,,,,0.278
"H3","ZMB","280300","Zambia","HKG","Hong Kong, China","Import",5,0.003,,9.69,35.169,
"H3","ZMB","280300","Zambia","IND","India","Import",5,2.624,14.22,2.19,37.221,0.353
"H3","ZMB","280300","Zambia","KOR","Korea, Rep.","Import",5,27.908,,,,
"H3","ZMB","280300","Zambia","MOZ","Mozambique","Import",5,,,,,19.308
"H3","ZMB","280300","Zambia","MWI","Malawi","Export",6,,0.071,,,
"H3","ZMB","280300","Zambia","OAS","Other Asia, nes","Import",5,,3.057,5.501,,
"H3","ZMB","280300","Zambia","TZA","Tanzania","Import",5,,,,1.003,
"H3","ZMB","280300","Zambia","WLD"," World","Export",6,0,0.071,,,
"H3","ZMB","280300","Zambia","WLD"," World","Import",5,322.405,129.576,93.333,828.909,326.225
"H3","ZMB","280300","Zambia","ZAF","South Africa","Import",5,28.407,41.355,2.402,102.272,109.407
"H3","ZMB","280300","Zambia","ZAR","Congo, Dem. Rep.","Export",6,0,,,,
"H3","ZWE","280300","Zimbabwe","CHN","China","Import",5,1.26,1.494,24.328,0.024,3.586
"H3","ZWE","280300","Zimbabwe","IND","India","Import",5,,,,,0.159
"H3","ZWE","280300","Zimbabwe","KOR","Korea, Rep.","Import",5,35.056,,,,
"H3","ZWE","280300","Zimbabwe","MUS","Mauritius","Import",5,,,,225.996,
"H3","ZWE","280300","Zimbabwe","RUS","Russian Federation","Import",5,,,77.036,,
"H3","ZWE","280300","Zimbabwe","VNM","Vietnam","Import",5,,,15.949,,
"H3","ZWE","280300","Zimbabwe","WLD"," World","Export",6,,0.051,,,
"H3","ZWE","280300","Zimbabwe","WLD"," World","Import",5,197.836,198.714,415.021,323.99,210.294
"H3","ZWE","280300","Zimbabwe","ZAF","South Africa","Import",5,160.923,197.22,297.708,97.969,206.549
"H3","ZWE","280300","Zimbabwe","ZMB","Zambia","Export",6,,0.051,,,
"H3","ZWE","280300","Zimbabwe","ZMB","Zambia","Import",5,0.597,,,,
